eticheta,mesaj
legitim,"Du-te până la punctul jurong, nebun.. Disponibil numai în bugis n great world la e buffet... Cine acolo a fost mai mult..."
legitim,Ok lar... Glumesc cu tine...
phishing,"Intrare gratuită în 2 comp. pe săptămână pentru a câștiga finala Cupei FA, 21 mai 2005. Trimiteți un mesaj cu FA la 87121 pentru a primi întrebarea de intrare (tarifa standard de text) Se aplică condițiile 08452810075pentru 18 ani"
legitim,Nu spui atât de devreme... Deja atunci spune...
legitim,"Nu, nu cred că merge la noi, dar locuiește pe aici"
phishing,"FreeMsg Bună dragă, au trecut 3 săptămâni și nu am primit niciun cuvânt! Aș vrea să te distrezi încă pentru asta? Tb ok! XxX std chgs de trimis, å1,50 £ către rcv"
legitim,Nici măcar fratele meu nu vrea să vorbească cu mine. Mă tratează ca pe un brevet al SIDA.
legitim,"Conform solicitării dvs., „Melle Melle (Oru Minnaminunginte Nurungu Vettam)” a fost setat ca ton de apelare pentru toți cei care apelează. Apăsați *9 pentru a copia prietenii dvs. Callertune"
phishing,"CÂŞTIGĂTOR!! În calitate de client valoros al rețelei, ați fost selectat să primiți o recompensă de 900 GBP! Pentru revendicare sunati la 09061701461. Cod de revendicare KL341. Valabil doar 12 ore."
phishing,Ați avut mobilul de 11 luni sau mai mult? U R are dreptul de a actualiza gratuit la cele mai recente telefoane mobile color cu cameră! Sunați GRATUIT la The Mobile Update Co la 08002986030
legitim,"O să fiu acasă în curând și nu mai vreau să vorbesc despre chestiile astea în seara asta, nu? Am plâns destul azi."
phishing,"ȘASE șanse de a câștiga CASH! De la 100 la 20.000 de lire txt> CSH11 și trimiteți la 87575. Cost 150p/zi, 6 zile, se aplică 16+ TsandCs Răspundeți HL 4 informații"
phishing,URGENT! Ați câștigat un abonament GRATUIT de 1 săptămână la Jackpot-ul nostru de å£100.000! Trimiteți cuvântul: CLAIM la Nr.: 81010 T&C www.dbuk.net LCCLTD POBOX 4403LDNW1A7RW18
legitim,Am căutat cuvintele potrivite să-ți mulțumesc pentru această respirație. Îți promit că nu voi lua ajutorul tău de bun și că îmi voi îndeplini promisiunea. Ai fost minunat și o binecuvântare în orice moment.
legitim,AM O ÎNTâlnire DUMINICĂ CU VOINTĂ!!
phishing,"XXXMobileMovieClub: Pentru a vă folosi creditul, faceți clic pe linkul WAP din următorul mesaj txt sau faceți clic aici >> http://wap. xxxmobilemovieclub.com?n=QJKGIGHJJGCBL"
legitim,Ok... ma uit aici :)
legitim,"Eh, îți amintești cum îi scriu numele... Da, am făcut-o. El v obraznic face până când eu v ud."
legitim,Bine dacă așa te simți. Acesta este modul în care trebuie să b
phishing,"Anglia v Macedonia - nu ratați golurile/știrile echipei. Trimiteți un mesaj echipei naționale la 87077, de exemplu, ANGLIA la 87077 Încercați:WALES, SCOTLAND 4txt/Ì¼1,20 POBOXox36504W45WQ 16+"
legitim,Serios așa îi scrieți numele?
legitim,Am de gând să încerc 2 luni ha ha doar glumesc
legitim,Deci Ì_ plătește mai întâi lar... Apoi când vin stocul...
legitim,"După ce îmi termin prânzul, mă duc în jos. Ard 3 smth lor. Ți-ai terminat deja prânzul?"
legitim,"Fffffffffff. În regulă, nu mă pot întâlni cu tine mai devreme?"
legitim,M-am forțat să mănânc o felie. Chiar nu mi-e foame. Asta e nasol. Mark devine îngrijorat. Știe că sunt bolnav când refuz pizza. Laugh out loud
legitim,Lol ești mereu atât de convingător.
legitim,Ai prins autobuzul? Prăjiți un ou? Ai făcut un ceai? Mănânci restul mamei tale la cină? Simți iubirea mea?
legitim,"M-am întors &amp; împachetăm mașina acum, te voi anunța dacă e loc"
legitim,Ahhh. Lucru. Îmi amintesc vag asta! Cum se simte? Laugh out loud
legitim,"Stai că nu e chiar atât de clar, nu ești sigur că eu sunt sarcastic sau că de aceea x nu vrea să locuiască cu noi"
legitim,"Da, a intrat la 2 și și-a cerut scuze. n căzuse și ea acționa ca un copil răsfățat și el a fost prins în asta. Până la 2! Dar nu vom merge acolo! Nu merge prea rău urale. Tu?"
legitim,K spune-mi ceva despre tine.
legitim,De teamă să nu leșini din cauza tuturor treburilor casnice pe care tocmai le-ai făcut? Ia repede o ceașcă
phishing,Vă mulțumim pentru abonamentul la Ringtone UK pe mobilul dvs. va fi taxat cu 5£/lună Vă rugăm să confirmați răspunzând DA sau NU. Dacă răspundeți NU nu veți fi taxat
legitim,"Da... Ok, mă duc acasă, uită-te la ora, apoi scriu din nou Ì_... Xuhui va învăța și ea pe 2 mai, dar lecția ei este la 8 dimineața"
legitim,"Hopa, te voi anunța când colegul meu de cameră termină"
legitim,Văd litera B pe mașina mea
legitim,Orice... tu decizi...
legitim,Buna ziua! Ce mai faci si cum a decurs sambata? Am trimis mesaje pentru a vedea dacă te-ai hotărât să faci ceva tomo. Nu că aș încerca să mă invit sau altceva!
legitim,Vă rugăm să continuați cu wați. Am vrut doar să fiu sigur. Să aveți un weekend minunat. Abiola
legitim,"Am uitat sa-ti spun? Te vreau , am nevoie de tine , te poftesc ... Dar mai presus de toate ... Te iubesc dragul meu corcel arab ... Mmmmmm ... Delicios"
phishing,07732584351 - Rodger Burns - MSG = Am încercat să vă sunăm pentru răspunsul dvs. la sms-ul nostru pentru un mobil nokia gratuit + o cameră video gratuită. Vă rugăm să sunați acum la 08000930705 pentru livrare mâine
legitim,CINE VEDEȚI?
legitim,Mare! Sper că îți place bărbatul tău bine dotat. Sunt &lt;#&gt;  inci...
legitim,Fără apeluri..mesaje..apeluri pierdute
legitim,Nu ai fost imunizat împotriva hepatitei B în Nigeria?
legitim,"Destul de corect, se întâmplă ceva?"
legitim,"Da, sper, dacă Tyler nu poate, aș putea întreba puțin"
legitim,Nu știi cât de încăpățânat sunt. Nici nu voiam să merg la spital. Îi tot spuneam lui Mark că nu sunt un prost slab. Spitalele sunt pentru cei slabi.
legitim,Ce credeai despre mine. Prima dată când m-ai văzut în clasă.
legitim,"Un gram rulează de obicei ca &lt;#&gt; , o jumătate de optime este totuși mai inteligentă și vă aduce aproape un al doilea gram întreg pentru &lt;#&gt;"
legitim,"K fyi x are o plimbare mâine dimineață devreme, dar se prăbușește la noi în seara asta"
legitim,"Wow. Nu mi-am dat seama niciodată că ești atât de rușinat de cazarea ta. Credeam că ți-a plăcut, din moment ce făceam tot ce puteam și păreai mereu atât de fericită de \peșteră\"". Îmi pare rău că nu am făcut-o și nu mai am de dat. Îmi pare rău că m-am oferit. Îmi pare rău că camera ta a fost atât de penibilă."""
phishing,SMS. ac Sptv: The New Jersey Devils și Detroit Red Wings joacă hochei pe gheață. Corect sau incorect? Sfârşit? Răspunde END SPTV
legitim,Știi ce a făcut Mallika Sherawat ieri? Aflați acum @ &lt;URL&gt;
phishing,"Felicitari! Abonamentul special pentru cinema de 1 an pentru 2 este al tău. sunați la 09061209465 acum! C Suprman V, Matrix3, StarWars3, etc toate 4 GRATUIT! bx420-ip4-5we. ora 150. Nu ratați!"
legitim,"Îmi pare rău, voi suna mai târziu în întâlnire."
legitim,Spune unde ai ajuns
legitim,Da..gauti si sehwag din seria odi.
legitim,Va trebui să iei un burger de 1 USD în drum spre casă. Nici măcar nu mă pot mișca. Durerea mă omoară.
legitim,Ha ha ha glumă bună. Fetele sunt în căutarea situației.
legitim,Face parte din verificarea IQ-ului
legitim,"Îmi pare rău colegilor mei de cameră au luat o veșnicie, e bine dacă vin acum?"
legitim,"Ok, lar, verific dacă da un coafor deja a spus că wun cut v short. El a spus că voi tăia până voi arăta bine."
phishing,"În calitate de client apreciat, am plăcerea să vă aduc la cunoștință că, în urma revizuirii recente a numărului dvs. Mob, vi se acordă un premiu bonus de 1500 GBP, sunați la 09066364589"
legitim,"Astăzi este ziua dedicată \melodiei...\"" Ce cântec îmi vei dedica? Trimite asta tuturor prietenilor tăi valoroși, dar mai întâi răspunde-mi..."""
phishing,"Urgent UR a acordat o călătorie gratuită la EuroDisinc Trav, Aco&Entry41 sau 1000 £. Pentru a revendica txt DIS la 87121 18+6*å1,50 GBP(mai multFrmMob. ShrAcomOrSglSuplt)10, LS1 3AJ"
phishing,"Ai auzit despre noua \Divorce Barbie\""? Vine cu toate lucrurile lui Ken!"""
legitim,Plănuiesc să dau la sfârșitul acestei luni.
legitim,Omule norocos... Atunci poți economisi bani... Hee...
legitim,Clasa terminată unde ești.
legitim,"Bună, iubito, sunt acasă acum Vrei să faci ceva? XX"
legitim,K..k:)unde esti?cum ai evoluat?
legitim,ma poti suna acum...
legitim,il astept pe machan. Sună-mă când te eliberezi.
legitim,Asta e tare. Sunt un domn și te voi trata cu demnitate și respect.
legitim,Îmi placeți foarte mult de voi oameni:) dar sunt foarte timid ta.
legitim,Nu funcționează după &lt;#&gt;  sau ce
legitim,Nu este același lucru aici. Încă mai caut un loc de muncă. Cât câștigă Ta acolo.
legitim,"Scuze, o să sun mai târziu"
legitim,K. M-ai sunat tocmai acum ah?
legitim,"Ok, sunt pe drum spre casa, salut"
legitim,Vei fi în locul acelui om
legitim,Da următoarea oprire.
legitim,"Te sun mai târziu, nu am rețea. Dacă este urgent, sms-mi."
legitim,Pe bune când te urci pe tine? Mai am nevoie de încă 2 bilete și încă o jachetă și am terminat. Mi-am folosit deja toate multi-urile.
legitim,"Da, am început să trimit cereri pentru a reuși, dar durerea a revenit așa că m-am întors în pat. Monede duble și la fabrică. Trebuie să-mi încasez toți nitroșii."
legitim,"Chiar nu sunt până în seara asta, iubito"
legitim,"Ela kano., îl descarc, vin gratuit.."
legitim,"Da! Nu sta să închizi, deși vei prinde ceva!"
legitim,Îmi pare rău că sunt o durere. E bine dacă ne întâlnim altă noapte? Mi-am petrecut după-amiaza târziu în accident și asta înseamnă că nu am făcut nimic din y stuff42moro și asta include toate foile mele de pontaj și asta. Îmi pare rău.
legitim,Zâmbește cu plăcere Zâmbește cu durere Zâmbește când necazurile se revarsă ca ploaia.
phishing,"Vă rugăm să sunați la reprezentantul serviciului nostru pentru clienți la 0800 169 6031 între orele 10:00 și 21:00, deoarece ați CÂȘTIGAT un premiu garantat de 1000 GBP în numerar sau 5000 GBP!"
legitim,Nu am de gând să cumpere mai târziu. Verifică deja că Lido a avut doar 530 de spectacole în după-amiaza. Ai terminat deja treaba?
phishing,"Tonul de apel gratuit așteaptă să fie colectat. Pur și simplu trimiteți parola \MIX\"" la 85069 pentru a verifica. Obțineți Usher și Britney. FML"
legitim,Ma uit la un film telugu.. ce despre tine?
legitim,"Înțeleg. Când terminăm, avem o mulțime de împrumuturi de plătit"
legitim,"Hi. Am fost ok - în vacanță acum! Da, pentru un pic de alergare. Am uitat că am programare la coafor la patru, așa că trebuie să ajung acasă la duș înainte. Asta vă provoacă probleme?\""sunca"""
legitim,Te rog nu-mi mai trimite mesaje. Nu am nimic altceva de spus.
legitim,"Bine, numiți prețul, atâta timp cât este legal! Wen pot să le iau? Aveți x ams xx"
legitim,Încă mai caut o mașină de cumpărat. Și încă nu am trecut examenul de conducere.
legitim,"Conform solicitării dvs., „Melle Melle (Oru Minnaminunginte Nurungu Vettam)” a fost setat ca ton de apelare pentru toți cei care apelează. Apăsați *9 pentru a copia prietenii dvs. Callertune"
legitim,"Wow. ai dreptate! Nu am vrut să fac asta. Bănuiesc că odată ce am renunțat la Boston Men și mi-am schimbat locația de căutare în nyc, ceva s-a schimbat. Pentru că pe pagina mea de conectare mai scrie Boston."
legitim,Umma viața mea și vava umma te iubesc mult dragă
legitim,Multumesc mult pentru urari de ziua mea. Vă mulțumesc că mi-ați făcut ziua de naștere cu adevărat memorabilă.
legitim,"Ok, te voi bate când voi primi niște bani"
legitim,"Cum ar testa adresa mea IP că, având în vedere că computerul meu nu este un server Minecraft"
legitim,"Știu! Bătrâni morocănos. Mama mea era ca și cum ar fi bine să nu minți. Apoi, din nou, eu sunt mereu cel care face glume..."
legitim,Nu vă faceți griji. Presupun că e ocupat.
legitim,Care este pluralul substantivului cercetare?
legitim,Merg la cină.msg-ți după.
legitim,Sunt bine dacă îmi plac 2 să încerc lucruri noi. Dar te-am speriat ca mah. Pentru că ai spus că nu prea tare.
phishing,DOMNUL! Încercăm să vă contactăm. Extragerea din weekendul trecut arată că ați câștigat un premiu de 1000 GBP GARANTAT. Sunați la 09064012160. Cod de revendicare K52. Valabil doar 12 ore. 150 ppm
legitim,"Wa, ai deschis o propoziție foarte formală... Oricum, și eu sunt bine, juz tt mănânc prea mult și mă îngraș... Haha... Deci s-a întâmplat ceva special?"
legitim,"Când am intrat în cabina mea, PA-ul meu a spus: „La mulți ani șefu!”. M-am simțit special. Ea mi-a cerut 4 prânz. După prânz, m-a invitat în apartamentul ei. Ne-am dus acolo."
phishing,Sunteți câștigător U ați fost selectat special 2 primiți å£1000 sau o vacanță de 4* (zboruri inclusiv) vorbiți cu un operator în direct 2 revendicare 0871277810910p/min (18+)
legitim,"Bine! Da, trebuie să vorbim vineri - raportul ou-cartofi pentru tortilla necesar!"
legitim,"Hmm... unchiul meu tocmai m-a informat că plătește direct școala. Deci, vă rugăm să cumpărați mâncare."
phishing,PRIVAT! Extrasul dvs. de cont din 2004 pentru 07742676969 arată 786 de puncte bonus nevalorificate. Pentru revendicare sună la 08719180248 Cod de identificare: 45239 Expiră
phishing,"URGENT! Numărul dvs. de telefon mobil a primit un premiu bonus de å2000 GBP pe 09.05.03 Aceasta este ultima noastră încercare de a contacta U! Apelați de la telefonul fix 09064019788 BOX42WR29C, 150PPM"
legitim,iată noua mea adresă - mere și perechi și tot acel malarky
phishing,"Numerele Voda de astăzi care se termină cu 7548 sunt selectate pentru a primi un premiu de 350 USD. Dacă aveți o potrivire, sunați la 08712300220, menționând codul de revendicare 4041 aplicația tarife standard"
legitim,Mă duc să sao mu azi. Se va face abia la 12
legitim,ÌÏ preziceți la ce oră Ì_ va termina de cumpărat?
legitim,"Lucruri bune, va merge."
legitim,"Ca să știi, totuși încă nu a trimis bani. Tocmai i-am trimis un sms ca să nu-l deranjeze să trimită. Deci s-a terminat, nu trebuie să te implici în nimic. Nu ar fi trebuit să-ți impun nimic în primul rând, așa că pentru asta, îmi cer scuze."
legitim,Ești acolo în cameră.
legitim,BUNA FATA. CUM MAI EŞTI? SPER ȚI-MĂ BINE AN ​​DEL R BAK! DIN MULT DE MULT NU C! DĂ-MI UN SUMĂ DE TIMP DE AVOARE DE LA LUCYxx
legitim,K..k:)cat costa?
legitim,Sunt acasă.
legitim,"Dragă, voi suna mâine. Vă rugăm să vă cazați."
legitim,Mai întâi răspunde la întrebarea mea.
phishing,"Sunshine Quiz Wkly Q! Câștigă un DVD player Sony de top dacă știi în ce țară se află Algarve? Txt ansr la 82277. å1,50 GBP SP:Tyrone"
phishing,Vrei să te culci în seara asta? Vrei ca locații reale să fie trimise direct la mafia ta? Alăturați-vă celei mai mari rețele Dogging din Marea Britanie bt Txting GRAVEL la 69888! Nt. ec2a. 31p.msg@150p
legitim,Am doar un msn. Este yijue@hotmail.com
legitim,El este acolo. Sunați și întâlniți-l
legitim,Nu nu. Voi verifica toate camerele înainte de activități
phishing,"Nu vei mai trimite mesaje din svc-ul de chat. Pentru servicii hardcore GRATUITE, trimiteți mesajul la: 69988 Dacă nu primiți nimic, trebuie să verificați vârsta cu rețeaua și să încercați din nou"
legitim,"Am c... Mi-e lene să tast... Am uitat Ì_ în lect... Am văzut o pungă, dar nu era drăguț..."
legitim,"K, trimite-mi mesaj când ești pe drum"
legitim,"Domnule, vă aștept corespondența."
legitim,"Un gând swt: \Nver să obosească să faci lucruri mici 4 persoane iubite..\"" Coz..uneori acele lucruri mici ocupă d cea mai mare parte în inimile lor.. Gud ni8"""
legitim,Știu că ești. Poti te rog sa deschizi spatele?
legitim,"Da, nu ne vedem pe punct"
legitim,Care este numele personalului care ia curs pentru noi?
phishing,"FreeMsg De ce nu ai răspuns la textul meu? Sunt Randy, sexy, femeie și trăiesc local. Îmi place să aud de la tine. Netcollex Ltd 08700621170150p per mesaj răspuns Oprire până la sfârșit"
legitim,"Ummma.voi suna după check-in. viața noastră va începe din Qatar, așa că vă rugăm să vă rugați foarte mult."
legitim,K.. mi-am șters contactul de aceea?
legitim,Sindu s-a angajat în birla soft ..
legitim,Vinul curge și eu nu am niciodată..
legitim,"Da, cred că cine este mai bine pentru că nu e nevoie să mergi pe 2 plaza mah."
legitim,Ok... Răspunsul obișnuit...
legitim,"Conform solicitării dvs., „Melle Melle (Oru Minnaminunginte Nurungu Vettam)” a fost setat ca ton de apelare pentru toți cei care apelează. Apăsați *9 pentru a copia prietenii dvs. Callertune"
legitim,"Ești peste tot murdărie, pe podea, pe ferestre, chiar și pe cămașa mea. Și uneori, când deschid gura, tu ești tot ceea ce curge afară. Visez la lumea mea fără tine, apoi jumătate din treburile mele sunt eliminate. Un moment de bucurie pentru mine, o mulțime de emisiuni tv voi vedea. Dar cred că, ca toate lucrurile, trebuie să existe, cum ar fi ploaia, grindina și ceața, iar când timpul meu aici se termină, tu și cu mine devenim una."
legitim,Aaoooor ești la serviciu?
legitim,Acum ies din casa mea...
legitim,Salut iubirea mea. ce faci? Ai ajuns azi la acel interviu? esti fericit? Esti un baiat bun? Te gândești la mine? Ți-e dor de mine?
phishing,Anuntul serviciului clienti. Te așteaptă o livrare de Anul Nou. Vă rugăm să sunați la 07046744435 acum pentru a aranja livrarea
phishing,Sunteți câștigător. Ați fost selectat în mod special 2 primiți 1000 GBP cash sau o vacanță de 4* (zboruri inclusiv) vorbiți cu un operator în direct 2 revendicare 0871277810810
legitim,Păstrează-te în siguranță pentru mine pentru că am nevoie de tine și deja mi-e dor de tine și îi invidiez pe toți cei care te văd în viața reală
legitim,Mașină și casă nouă pentru părinții mei.:)Am doar un loc de muncă nou în mână:)
legitim,Sunt atât de îndrăgostit de tine. Sunt încântat în fiecare zi pe care o petrec cu tine. Mă faci atât de fericit.
phishing,-PLS STOP bootydelious (32/F) te invită să fii prietenul ei. Răspunde DA-434 sau NU-434 Vezi ea: www.SMS.ac/u/bootydelious STOP? Trimiteți STOP FRND la 62468
phishing,"Comanda BangBabes Ur este pe drum. TREBUIE să primiți un mesaj de serviciu 2 descărcare conținut UR. Dacă nu, mergeți la wap. bangb. tv pe UR mobil internet/meniu de servicii"
legitim,Am plasat deja toate punctele pe modulul e culturi.
phishing,URGENT! Încercăm să vă contactăm. Extragerea din weekendul trecut arată că ați câștigat un premiu de 900 GBP GARANTAT. Sunați la 09061701939. Revendicare cod S89. Valabil doar 12 ore
legitim,"Bună, frnd, care este cel mai bun mod de a evita înțelegerea greșită a persoanei iubite?"
legitim,"Mare evadare. Îmi place podul, dar are nevoie de berea ei. Ne vedem tomo"
legitim,"Da :)este complet deformat:)clark, de asemenea, deșeuri absolute."
legitim,"Domnule, am nevoie de nr de cont AXIS BANK și de adresa băncii."
legitim,"Hmmm.. Sigur că ai timp să hop ard... Da, pot merge 4 gratuit aproximativ... Te sun să discutăm despre relație..."
legitim,La ce oră cobori mai târziu?
legitim,"La naiba, nu pot să cred că mi-ai uitat numele de familie, dl. Îți voi da un indiciu, este spaniolă și începe cu m..."
legitim,"Ei bine, o să-mi termin baia acum. O noapte bună... bună."
legitim,"Anunță-mă când ai banii, ca Carlos să poată suna"
legitim,Mai mergi la mall?
legitim,"Se pare că prietenii mei rămân pe tot parcursul spectacolului și nu se vor întoarce până la ~ &lt;#&gt; , așa că nu ezitați să mergeți mai departe și să fumați acel $ &lt;#&gt;  valoare"
legitim,"SMS-i. Dacă ea nu răspunde, anunțați-mă ca să o pot conecta"
legitim,Hi! Tocmai ați vorbit cu MANEESHA V. Am dori să știm dacă ați fost mulțumit de experiență. Răspundeți gratuit cu Da sau Nu.
legitim,Mi-ai ridicat speranțele cu oferta de bani. am nevoie. Mai ales când se apropie sfârșitul lunii și mă doare studiul. Oricum să aveți un weekend gr8
legitim,Lol nu. Poți avea încredere în mine.
legitim,Bine. Sunt un domn și te voi trata cu demnitate și respect.
legitim,"El se va închide, băieți?"
legitim,Nu merg la nimic grozav.pa
legitim,salut frumos! Îți găsești jobul? Să nu fii leneș? Lucrezi să recuperezi plasa pentru mami? Unde este băiatul meu acum? Îi este dor de mine?
legitim,"Haha minunat, fii acolo într-un minut"
phishing,"Vă rugăm să sunați la reprezentantul serviciului nostru pentru clienți la TELEFON GRATUIT 0808 145 4742 între orele 9:00 și 23:00, deoarece ați CÂȘTIGAT un premiu garantat de 1000 GBP în numerar sau 5000 GBP!"
legitim,Ai timp radio de Crăciun? Daca nu il voi primi acum
legitim,Abia am ajuns acasă. Eu merg primul la baie. Dar sora mea folosește net să-ți spună când termină...
phishing,Ești suficient de unic? Află din 30 august. www.areyouunique.co.uk
legitim,"Îmi pare rău. M-am alăturat liga oamenilor care nu țin legătura. Însemni foarte mult pentru mine. Ai fost un prieten în orice moment, chiar și cu un mare cost personal. Să aveți o săptămână minunată.|"
legitim,Salut :) in sfarsit am terminat cursul :)
legitim,"Se va opri pe sine. Totuși, îi sugerez să stea cu cineva care va putea oferi ors pentru fiecare scaun."
legitim,Ce mai faci? Sper că te-ai acomodat pentru noul an școlar. Îți doresc doar o zi gr8
legitim,Gud mrng draga sa ai o zi buna
legitim,Ai înțeles povestea acelei persoane?
legitim,"hamsterul tau este mort? Hei, așa că te întâlnesc la 13:00 orchard mrt?"
legitim,"Bună, e Kate, cum e seara ta? Sper să te văd mâine un pic, dar trebuie să mă babyjontet! Trimite mesaj înapoi dacă poți. :) xxx"
legitim,"L-am găsit, ENC &lt;#&gt; , unde esti?"
legitim,Ți-am trimis &lt;#&gt;  dolari
legitim,"Bună, dragă, am terminat facultatea acum, așa că trimite-mi când termini dacă poți să-l iubești pe Kate xxx"
legitim,Contul dvs. a fost reumplut cu succes de INR &lt;DECIMAL&gt; . Soldul contului dvs. preplătit KeralaCircle este Rs &lt;DECIMAL&gt; . ID-ul tranzacției dvs. este KR &lt;#&gt; .
legitim,Bună dimineața dormitor ga.
legitim,"Sună-mă la 11, ok."
legitim,"ÌÏ spune până când nu cumpăr ericsson, oso nu poate oredi lar..."
legitim,"Când am intrat în cabina mea, PA-ul meu a spus: „La mulți ani șefu!”. M-am simțit special. Ea mi-a cerut 4 prânz. După prânz, m-a invitat în apartamentul ei. Ne-am dus acolo."
legitim,"Aight yo, ăla heterosexual"
legitim,Vă rugăm să ne oferiți conexiunea chiar astăzi înainte de &lt;DECIMAL&gt;  sau rambursează factura
legitim,"Ambele :) trag încărcături mari, așa că pregătește-te!"
legitim,"Ce-i treaba, sper că ai avut o pauză grozavă. Să ai un semestru plin de satisfacții."
legitim,"Acasă, astfel încât să putem discuta mereu"
legitim,K:)k:)bine:)studiati bine.
legitim,Da... Cum Ì_ noe leh...
legitim,Sună grozav! Ești acasă acum?
legitim,"În sfârșit, meciul se îndreaptă spre egalitate ca pronostic."
legitim,Obosit. Nu am dormit bine în ultimele nopți.
legitim,Ușor ah?sen a fost selectat înseamnă că este bine..
legitim,Trebuie să dau examen cu 3 martie
legitim,"Da, ar trebui. Cred că poți folosi ATM-ul tău acum pentru a te înregistra. Nu sunt sigur, dar dacă există, vă pot ajuta să-mi spuneți. Dar când vei fi sigur că ești gata."
legitim,Ok nu problema. Fă-ți timp.
legitim,Există un sistem de operare numit ubandu care va rula fără a fi instalat pe hard disk... puteți utiliza acel sistem de operare pentru a copia fișierele importante din sistem și a le da la atelierul de reparații.
legitim,"Scuze, o să sun mai târziu"
legitim,"U spune leh... Desigur, nimic nu se întâmplă lar. Nu spune v romantic doar un pic doar lor. Cred că peisajul nu este atât de frumos."
phishing,"500 de telefoane mobile noi din 2004, TREBUIE ALE! Txt: NOKIA la nr: 89545 și adunați-l pe al dvs. astăzi! DE LA DOAR å£1 www.4-tc.biz 2optout 087187262701.50gbp/mtmsg18"
legitim,Chiar aș aprecia dacă mă suni. Am nevoie doar de cineva cu care să vorbesc.
phishing,"Îți vei întâlni partenerul de vis în curând? Este cariera ta din 2 un început de zbor? 2 aflați gratuit, txt HORO urmat de semnul stelar, de ex. g. HORO BERBEC"
legitim,"Hei, compania elama po mudyadhu."
legitim,"Viața este mai strictă decât profesorul... Bcoz Profesorul predă lecție &amp; apoi conduce examenul, dar viața mai întâi conduce Examen &amp; apoi predă Lecții. dimineata buna. . ."
legitim,"Dragă, bună dimineața acum doar că sunt treaz"
legitim,Coborâți în gandhipuram și mergeți până la drumul tăiat transversal. Partea dreaptă &lt;#&gt; drumul stradal si faceti prima dreapta.
legitim,"Dragă, mergem la locul nostru de cauciuc"
legitim,"Îmi pare rău, bateria a murit, da, sunt aici"
legitim,Da:) aici televizorul este întotdeauna disponibil la locul de muncă..
phishing,"Trimite mesaje și întâlni pe cineva sexy astăzi. Puteți găsi o întâlnire sau chiar să flirtați până la U. Alăturați-vă 4 doar 10p. RĂSPUNS cu NUME ȘI VÂRSTA, de exemplu, Sam 25. 18 -msg recd@thirtyeight pence"
legitim,L-am imprimat oh. Deci &lt;#&gt;  vino sus
legitim,Sau voi fi puțin mai aproape ca la stația de autobuz de pe aceeași stradă
legitim,Unde esti? cand ajungi aici?
legitim,"Teorie nouă: Argumentul câștigă d SITUAȚIA, dar pierde PERSOANE. Deci nu te certa cu prietenii tăi doar... . . da-i cu piciorul &amp; spune, am întotdeauna dreptate.!"
phishing,U 447801259231 au un admirator secret care caută 2 ia contact cu U-aflați pe cine R*dezvăluie cine crede că UR este atât de special-sunați la 09058094597
legitim,"Mâine audierea finală pentru carcasa laptopului meu, așa că nu pot."
legitim,PLEASSSSSSSEEEEEE TEL ME V AVENT DONE SPORTSx
legitim,"Bine. Nu, nu, doar strălucește. A fost menit să semneze, dar asta sună mai bine."
legitim,"Deși ți-am spus că sunt în fața ceasurilor acum, dar îmi place foarte mult ceasul pe care l-ai dat pentru că este fr u. Mulțumesc 4 tot ce ai făcut astăzi, sunt emoționat..."
legitim,Nu-ți amintești vechea reclamă?
legitim,Prea târziu. Am spus că am site-ul. Nu aveam sau nu aveam papuci
legitim,Te-am rugat să-l suni acum ok
legitim,Kallis nu va bate în repriza a 2-a.
legitim,Nu a funcționat din nou oh. Ok noapte bună atunci. Îl voi repara și îl voi avea gata până te trezești. Vă este foarte dor de a avea un somn bun.
phishing,"Felicitări, ați primit 500 de vouchere CD sau 125 de cadouri garantate și intrare gratuită 2 100 de extrageri pe săptămână txt MUSIC la 87066 TnCs www.Ldew.com1win150ppmx3age16"
legitim,Ranjith cal drpd Deeraj si deepak 5min hold
legitim,"Wen your lovable bcums angry wid u, nu o luați în serios.. Pentru că a fi supărat este cel mai copilăresc și adevărat mod de a arăta afecțiune profundă, grijă n dragoste!.. kettoda manda... O zi bună."
legitim,Ce faci? ce faci?
legitim,"Ups care este, de asemenea, 3 zile, și compania de transport care durează 2 săptămâni. Cealaltă cale este usps, care durează o săptămână, dar când ajunge să întârzie, s-ar putea să trebuiască să mituiți nipost pentru a vă obține lucrurile."
legitim,"M-am întors, să știu când ești gata"
legitim,"Nu vă așteptați neapărat să se facă înainte de a vă întoarce, pentru că tocmai acum plec"
legitim,"Mmm, atât de delicioasă, iubito... O zguduire plăcută pentru Suzy"
legitim,Unde esti iubita? Am nevoie de tine ...
phishing,Am încercat să vă contactăm pentru răspunsul dvs. la oferta noastră de receptor video? 750 de minute de rețele oricând? TEXT NELIMITAT? Cameră video? Răspunde sau sună la 08000930705 ACUM
legitim,IÛ÷m parcat langa un MINI!!!! Când crezi că intri azi?
legitim,Da
legitim,"Oricum, acum ma duc la cumparaturi pe cont propriu. Pentru că sora mea nu a terminat încă. Dun perturb u liao."
legitim,NU MEU. IN LUTON 0125698789 Suna-ma daca esti in jur! H*
phishing,"Hei, sunt foarte excitat, vreau să discut sau să mă vezi goală, trimite mesaj text la 69698 text taxat la ora 150:00 pentru a te dezabona text stop 69698"
legitim,De ce nu vii cu noi.
legitim,Aceleaşi. Vreau să plănuiesc o călătorie cândva
legitim,"Încă nu sunt sigur, încă încerc să-l pun mâna pe el"
phishing,Serviciul de tonuri de apel s-a schimbat! 25 de credite gratuite! Accesați club4mobiles.com pentru a alege conținut acum! Stop? txt CLUB STOP la 87070. 150p/săptămână Club4 PO Box1146 MK45 2WT
legitim,Evo. Trebuia doar să descarc flash. Gelos?
phishing,Ringtone Club: Obțineți graficul single-urilor din Marea Britanie pe mobil în fiecare săptămână și alegeți orice ton de apel de cea mai bună calitate! Acest mesaj este gratuit.
legitim,"Vino la mu, ne rezolvăm situația cu narcotice"
legitim,"Noaptea s-a terminat pentru încă o zi, dimineața a venit într-un mod special. Fie ca tu să zâmbești ca razele de soare și să-ți lași grijile în golful albastru și albastru."
phishing,SPECIAL BONUS HMV 500 de lire de tichete HMV autentice de câștigat. Doar răspunde la 4 întrebări simple. Joacă acum! Trimiteți HMV la 86688 Mai multe informații: www.100percent-real.com
legitim,Usf cred că ar putea la fel de bine să ia 1 mașină
legitim,Nicio obiecție. Bf-ul meu nu vine.
legitim,Multumesc...
legitim,Spune-i lui Rob să-și pună prietena în teatru
legitim,"Minunat, ne vedem peste puțin"
legitim,"Tocmai a trimis-o. Deci, ce fel de mâncare vă place?"
legitim,Tot gata? Toate predate? Sărbătorile în plină desfășurare?
legitim,Ai fost numit un instrument?
legitim,\Dacă ți-e dor de cineva
legitim,Bine. Am cerut bani cât de departe
legitim,Okie...
legitim,"Da, cred că tipul meu obișnuit a leșinat încă din noaptea trecută, dacă iei pe cineva, anunță-mă și voi arunca jos."
legitim,"K, s-ar putea să vin în seara asta dacă clasa mea iese mai devreme"
legitim,Bine..
legitim,"Bună, iubito, merg cu prietena mea, ce faci 2? sună-mă și la o oră acasă dacă este în regulă sau sună-mă pe acest telefon acum iubește pe jenny xxx"
legitim,"Viața mea Înseamnă mult pentru mine, Nu pentru că îmi iubesc viața, Ci pentru că iubesc oamenii din viața mea, Lumea îi numește prieteni, îi spun Lumea mea:-).. Ge:-).."
legitim,"Dragă, vă trimit tonite.ocupat în stradă, vă voi actualiza tonite.lucrurile arată ok.varunnathu edukkukkayee raksha ollu.dar unul bun în sens real."
legitim,"Hei, i-ai spus numele lui Gautham?"
legitim,L-ai găsit? Mă simt atât de prost că da v cam funcționa.
legitim,Hopa! 4 am primit acel pic.
legitim,Ești așa de agitat
legitim,Am șters accidental mesajul. Retrimiteți vă rog.
phishing,"Client T-Mobile, acum puteți solicita upgrade-ul GRATUIT TELEFONULUI CAMERA și un card SIM pay & go pentru loialitate. Sunați la 0845 021 3680. Oferta se încheie pe 28 februarie. Se aplică T&C"
legitim,Dacă nu este o situație în care YOU GO GURL ar fi mai potrivită
legitim,"Rănește-mă... Tachinează-mă... Fă-mă să plâng... Dar, la sfârșitul vieții mele, când voi muri, ține un trandafir pe mormânt și spune PROST MI-MI DORU... O ZI FRUȚA BSLVYL"
legitim,Nu pot alege telefonul acum. Vă rugăm să trimiteți un mesaj
legitim,Ai nevoie de o cafea? Nu-mi vine să cred că este deja acel moment al săptămânii
legitim,"Minunat, îmi amintesc ultima dată când am luat pe cineva să se dea pentru prima dată cu motorină :V"
legitim,"Rahat care este cu adevărat șocant și înfricoșător, nu îmi pot imagina nicio secundă. Def pentru noapte. Crezi că există undeva unde aș putea să mă prăbușesc noaptea, economisind taxiul?"
legitim,"A, și apropo, ai mai multă mâncare în frigider! Vrei să ieși la masă în seara asta?"
legitim,Este un actor plin de femeie
phishing,"SMS. ac Blind Date 4U!: Rodds1 este 21/m din Aberdeen, Regatul Unit. Verificați-l pe http://img. SMS. ac/W/icmb3cktz8r7!-4 nu Blind Date trimite HIDE"
legitim,Da... Din câte îmi amintesc... Cred că ar trebui să pot rezerva...
legitim,Te întreabă dacă vrei să ne întâlnim?
legitim,Lol da. Prietenia noastră este atârnată de un fir pentru că nu vei cumpăra lucruri.
phishing,"TheMob> Consultați cea mai nouă selecție a noastră de conținut, Jocuri, Tonuri, Bârfe, fetițe și sport, Păstrați-vă mobilul în formă și trimiteți un mesaj original WAP la 82468"
legitim,Unde sunt cheile garajului? Nu sunt pe raftul de cărți
legitim,Astăzi este ZIUA ACCEPTĂRII..U Acceptă-mă ca? Frate Soră Lover Dear1 Best1 Clos1 Lvblefrnd Jstfrnd Cutefrnd Lifpartnr Belovd Swtheart Bstfrnd Nici un răspuns înseamnă inamic
phishing,"Crezi că ești inteligent? Câștigă å200 GBP săptămâna aceasta în testul nostru săptămânal, trimite mesajul PLAY la 85222 acum!T&Cs WinnersClub PO BOX 84, M26 3UZ. 16+. 1,50 GBP/săptămână"
legitim,"El spune că mă va suna când prietenul lui va primi banii, dar că cu siguranță va cumpăra înainte de sfârșitul săptămânii."
legitim,"Bună, așa cum am fost cu tine 2 zile, este modul normal și acesta este adevăratul eu. UR unic și sper să te cunosc tot restul vieții mele. Sper să găsești că s-a pierdut."
legitim,Mi-ai făcut ziua. Să aveți și o zi grozavă.
legitim,K.k:)advance happy pongal.
legitim,"Hmmm... Presupun că putem merge la 4 kb în yoga de putere... Haha, nu știu că putem face yoga de putere și nici..."
legitim,"Nu chiar omule, nu ai prieteni, mă tem :("
phishing,Doar decembrie! Aveai mobilul tău peste 11 luni? Aveți dreptul să vă actualizați gratuit la cea mai recentă cameră mobilă color! Sunați GRATUIT la The Mobile Update Co la 08002986906
legitim,"Tort cu cafea, cred..."
legitim,"Craciun fericit si tie iubito, te iubesc *pupici*"
legitim,Hei... De ce nu mergem la x men și luăm prânzul... Haha
legitim,Cud u spune-le lui ppl o să mă duc puțin l8 pentru că 2 autobuze au trecut pentru că erau pline și încă aștept 4 1. Pete x
legitim,Ar fi grozav. Vom fi la breaslă. Ne-am putea întâlni pe drumul Bristol sau undeva - vom lua legătura în weekend. Planurile noastre iau zborul! Sa ai o saptamana buna
legitim,Nici o problemă. Ce mai faci?
legitim,Fără apeluri..mesaje..apeluri pierdute
legitim,Bună da:)cum este cursul de azi?
legitim,"Aș spune că este un semn bun, dar, ei bine, știi palmaresul meu la citirea femeilor"
legitim,"Cool, trimite-mi mesaj când ești parcat"
legitim,Citesc textul pe care tocmai ți l-am trimis. Este menită să fie o glumă. Așa că citește-l în această lumină
legitim,K.k:)apo k.film bun.
legitim,Poate aș putea scoate cartea tomo și apoi o returnez imediat...? Sau ceva.
phishing,Sună Germania pentru doar 1 pence pe minut! Apelați de pe o linie fixă ​​prin numărul de acces 0844 861 85 85. Fără plată în avans. Acces direct!
legitim,Orice șansă pe care ai fi avut-o cu mine s-a evaporat de îndată ce mi-ai încălcat confidențialitatea furându-mi numărul de telefon din documentele angajatorului tău. Deloc cool. Vă rog să nu mă contactați din nou sau vă voi raporta supervizorului dumneavoastră.
phishing,Special Ziua Îndrăgostiților! Câștigă peste 1000 GBP în testul nostru și du-ți partenerul în călătoria vieții! Trimiteți GO la 83600 acum. 150p/msg rcvd. CustCare: 08718720201.
legitim,"Ta-Daaaaa! Sunt acasă iubito, mai ești treaz?"
legitim,"Rece. Așadar, cum de nu ai mai fost băut și cinat până acum?"
legitim,Doar dormi..si surfing
legitim,"Scuze, o să sun mai târziu"
legitim,Mă suni nu? Sună-mi telefonul de mână...
legitim,"Ok, e grozav, multumesc mult."
legitim,Presupun că postarea a venit atunci! Trebuie să ai 1000 de texte acum! Lectură fericită. Cel meu de la wiv hello caroline la final este preferatul meu. Binecuvântează-l
legitim,Unde te-ai ascuns străin?
legitim,Nu ma intereseaza sa fac asa.
legitim,Sora mea a făcut două runde în birla soft ieri.
legitim,Gudnite....tc... se continuă antrenamentul
legitim,Dis este yijue. Tocmai am vazut mailul tau. În cazul în care Huiming nu ți-a trimis numărul meu. Dis este numărul meu.
legitim,O mică problemă de prestigiu acum.
phishing,"Vreți un șuț? Da. Interesat? sextextuk.com txt XXUK SUZY la 69876. Tx-urile costă 1,50 per mesaj. TnC-uri pe site. X"
legitim,Doar te verific. Chiar îmi este dor să-l văd pe Ieremia. Să aveți o lună grozavă
legitim,"Nu te pot ajuta acolo, nu am avut niciodată un iPhone"
legitim,"Dacă nu ești în mașina mea într-o oră și jumătate, mă duc la maimuță"
legitim,"AZI este ziua scuze! Dacă am fost vreodată supărat pe tine, dacă m-am purtat vreodată rău sau te-am rănit? te rog, plesnește-te doar, e vina ta, practic sunt BUN"
legitim,Voi v-ați dat seama vreodată de cât avem nevoie de alcool? Jay și cu mine încercăm să ne dăm seama cât putem cheltui în siguranță pe iarbă
legitim,&lt;#&gt; ISH MINUTES A FOST ACUM 5 MINUTE. WTF.
legitim,"Mulțumesc pentru apel. Am uitat să-ți spun Happy Onam, Sirji. Sunt bine aici și mi-am amintit de tine când m-am întâlnit cu o persoană de asigurări. Te întâlnesc în Qatar Insha Allah.Rakhesh, fosta Tata AIG care sa alăturat TISSCO,Tayseer."
phishing,"Felicitări, ați primit 500 de vouchere CD sau 125 de cadouri garantate și intrare gratuită 2 100 de extrageri pe săptămână txt MUSIC la 87066 TnCs www.Ldew.com1win150ppmx3age16"
phishing,Soldul dvs. de numerar este în prezent de 500 de lire sterline - pentru a maximiza încasările dvs. acum trimiteți CASH la 86688 doar 150p/msg. CC: 08708800282 HG/Suite342/2Lands Row/W1J6HL
legitim,"Sunt actor. Când lucrez, muncesc seara și dorm până târziu. Deoarece sunt șomer în acest moment, dorm ÎNTOTDEAUNA până târziu. Când ești șomer, fiecare zi este sâmbătă."
legitim,"Buna ziua! Tocmai am ajuns aici, St Andrews-boy, este un drum lung! E rece. te voi tine la curent"
legitim,Ha ha cool cool chikku chikku:-):-DB-)
legitim,Ok nu problema..
legitim,Verifică starea lui Audrey chiar acum
legitim,Ocupat aici. Încerc să termin pentru noul an. Abia astept sa te cunosc in sfarsit...
legitim,"Bună seara soare! Cum răsare ziua aceea? Suntem înviorați și fericiți că suntem în viață? Respirăm în aer și zâmbim? Mă gândesc la tine, iubirea mea... Ca întotdeauna"
legitim,Știu că Z va avea grijă de mine. Deci fără griji.
phishing,"Update_Now - Oferta de Crăciun! Cele mai recente Motorola, SonyEricsson și Nokia și Bluetooth GRATUIT! Minute duble și 1000 Txt pe Orange. Apelați MobileUpd8 la 08000839402 sau call2optout/F4Q="
phishing,"Iată codul tău de reducere RP176781. Pentru a opri mesajele suplimentare, răspundeți opriți. www.regalportfolio.co.uk. Servicii Clienți 08717205546"
legitim,Ce uniforma? In unde ajung?
legitim,"Cool, trimite-mi mesaj când ești gata"
legitim,"Bună, băiețelul meu... Geeee, deja mi-e dor de tine și tocmai m-am trezit. Mi-aș fi dorit să fii aici în pat cu mine, mângâindu-mă. Te iubesc ..."
legitim,O sa te rasfat si in pat :)
legitim,"Mă duc la baie, vă voi trimite mesaje următoare &lt;#&gt;  min.."
legitim,Nu pot continua să vorbesc cu oamenii dacă nu sunt sigur că le pot plăti dacă sunt de acord cu prețul. Așa că vă rog să-mi spuneți ce doriți să cumpărați cu adevărat și cât sunteți dispus să plătiți
phishing,"Vă mulțumim pentru comanda dvs. de tonuri de apel, referință T91. Veți fi taxat cu 4 GBP pe săptămână. Vă puteți dezabona oricând apelând serviciul clienți la 09057039994"
legitim,Poți spune ce s-a întâmplat
legitim,Puteai să mă vezi..nu te-am recunoscut Fața.:)
legitim,"Ei bine, nu se întâmplă multe lucruri în Lindsay în Anul Nou *spins* Unele baruri din Ptbo și stârcul albastru are ceva de mers"
legitim,Ține-mi payasam acolo dacă aduce Rinu
legitim,Am învățat că domnul Ranjith m-a sunat. Deci doar eu trimit așa. Pentru că verifică despre proiect. Prabu a spus azi deci numai ca nu ma inselati...
legitim,"Bănuiesc că de aceea ești îngrijorat. Trebuie să știi că există o modalitate prin care organismul se repară singur. Și sunt sigur că nu ar trebui să-ți faci griji. O vom lua încet. Mai întâi testele, ele vă vor ghida atunci când ovulația este apoi relaxați-vă. Nimic din ce ai spus nu este un motiv de îngrijorare, dar voi continua să te urmăresc."
legitim,"Da, sigur, dă-mi câteva minute să-mi găsesc portofelul"
legitim,"Hei, lasă. nu e mare lucru:-) ai grija."
legitim,"Hei, voi întârzia ah... Ne vedem la 945+"
phishing,"Minute duble și txts 4 6 luni Bluetooth GRATUIT pe Orange. Disponibil pe telefoanele Sony, Nokia Motorola. Apelați MobileUpd8 la 08000839402 sau call2optout/N9DX"
legitim,I-au trebuit domnului bufniță 3 linguri
legitim,Locul clientului te voi suna.
legitim,Mm de data asta nu-ți place distracția
phishing,Închiriere la jumătate de preț pentru 4 luni Orange Line și cele mai recente telefoane cu cameră 4 GRATUIT. Telefonul tău a avut 11 luni? Sunați gratuit la MobilesDirect la 08000938767 pentru a actualiza acum! sau2stoptxt
legitim,"Da, am bufet de prânz acum.. Mănânci deja?"
legitim,"Huh, atât de târziu... Fr cina?"
legitim,"Hei, deci ședința asta mergem doar pentru intro pilates? Sau și kickboxing-ul?"
legitim,Numai dimineata pot ok.
legitim,"Da asa cred. Sunt la birou, dar poala mea este în cameră, cred că asta este în ultimele zile. Nu am închis asta"
legitim,Te ridic pe la 7.30? Ce oră este și aia merge?
legitim,De aici după Premiul de performanță se calculează la fiecare două luni.nu pentru perioada curentă de o lună..
legitim,"De fapt, dormea ​​și încă ar putea atunci când suni înapoi. Deci un text este gr8. Tu strângi sora. Îți voi trimite un mesaj când mă trezesc."
legitim,"Îți pui mereu afacerea acolo. Ai pus poze cu fundul tău pe facebook. Ești unul dintre cei mai deschiși oameni pe care i-am întâlnit vreodată. De ce aș crede că o fotografie a camerei tale te-ar răni, te-ar face să te simți violat?"
legitim,"Bună seara domnule, Al Salam Wahleykkum. Împărtășesc o veste fericită. Din mila lui Dumnezeu, am primit o ofertă de la Tayseer, TISSCO și m-am alăturat. Sper că sunteți bine. Inshah Allah, ne întâlnim cândva. Rakhesh, vizitator din India."
legitim,Hmmm...k...dar vreau să schimb rapid câmpul da:-)Vreau să iau administrator de sistem sau administrator de rețea..
phishing,"SON DE SONERIE GRATUITĂ, trimiteți FIRST la 87131 pentru un poli sau textul GET la 87131 pentru un ton adevărat! Ajutor? 0845 2814032 16 după primul gratuit, tonurile sunt de 3xå150£ pw pentru a se opri mesajul"
legitim,Draga cum este chechi. Ai vorbit cu ea
legitim,Crema de păr nu a fost expediată.
legitim,Nimic din toate astea nu se întâmplă până când ajungi aici
legitim,"Da, marele brad de Crăciun loxahatchee care arde de &lt;#&gt;  începe într-o oră"
legitim,"Haha, obișnuiește-te să conduc la usf omule, știu o mulțime de pietre"
legitim,Totul a fost bine până la cursul ușor dezastruos din această seară cu dragii mei preferati! Sper ca o zi libera este ok. Cafeaua ar fi bună pentru că mâine nu pot rămâne târziu. Aceeași oră + loc ca întotdeauna?
legitim,Buna ziua! Săptămâna bună? Vrei o băutură sau ceva mai târziu?
legitim,Îndreptați-vă spre busetop
legitim,"Mesaj: lipsește ceva text* Expeditor: Nume lipsește* *Număr lipsește *Trimis:Lipsește data *Lipsește foarte mult, asta e totul lipsește trimis prin fullonsms.com"
legitim,Vino la un moment dat în camera noastră ca să putem pune la punct planul pentru acest weekend
legitim,Pentru că vreau să fie treaba ta
legitim,"Okies... Voi merge și eu yan jiu... Putem sări peste ard oso, du-te cine den go mrt one, bla bla bla..."
legitim,Adu acasă niște Wendy =D
phishing,100 serviciu de întâlniri apel;l 09064012103 box334sk38ch
legitim,Ce sa ai acolo. Nu vrei să dormi
legitim,"Bine, acum am un nou obiectiv"
phishing,"Intrare GRATUITĂ în competiția noastră săptămânală de å£ 250, trebuie doar să trimită mesajul WIN la 80086 ACUM. 18 T&C www.txttowin.co.uk"
legitim,"Bine, voi pleca în câteva minute, îmi voi scrie unde să ne întâlnim"
phishing,Trimite o siglă 2 iubitului tău - 2 nume unite de o inimă. Trimite mesajul LOVE NUME1 NUME2 MOBNO ex. IUBIRE ADAM EVE 07123456789 la 87077 Yahoo! POBox36504W45WQ TxtNO 4 fără anunțuri 150p
legitim,"Da:) de săptămâna trecută, primesc apel live."
phishing,Cineva a contactat serviciul nostru de întâlniri și a introdus telefonul tău pentru că îi place de tine! Pentru a afla cine este sună de la un telefon fix 09111032124. PoBox12n146tf150p
legitim,Siva este la hostel aha:-.
phishing,URGENT! Numărul dvs. de mobil a fost premiat cu un premiu de 2000 GBP GARANTAT. Sunați la 09058094455 de pe telefon fix. Revendicare 3030. Valabil doar 12 ore
legitim,Trimite asta prietenilor tăi și primește ceva despre vocea ta... Cum este expresia mea vorbită? 1. copilăresc 2. obraznic 3. Sentiment 4. zbuciumat 5. plin de atitudine 6. romantic 7. timid 8. Atrăgător 9. amuzant &lt;#&gt; .iritant &lt;#&gt; .amabil. raspunde-mi..
legitim,Bine. Va fi bine. Cred
legitim,aathi..unde esti draga...
legitim,Altceva vreo durere la urinare?
legitim,7 la esplanada.. Nu te deranjează să-mi dai un lift pentru că nu am mașină azi..
legitim,Nu vreau să cumpăr urgent o mașină BMW..este foarte urgent.dar lipsește &lt;#&gt; Lacs.nu există nicio sursă pentru a arng dis amt. &lt;#&gt; lacs... asta e problema mea
legitim,Acasă mă uit la televizor.
legitim,Îi ia de obicei cincisprezece minute pentru a răspunde la o întrebare da sau nu
phishing,Felicitari! Telefonul cu camera video Nokia 3650 este telefonul dvs. Apelați 09066382422 Costul apelurilor 150ppm Apelul mediu 3 minute variază față de telefoanele mobile 16+ Închide 300603 post BCM4284 Ldn WC1N3XX
legitim,Ai rezervat bilet pentru pongal?
legitim,Esti disponibil acum? Sunt ca în jurul Hillsborough &amp;  &lt;#&gt; th
legitim,Mesajul trimis este solicitat pentru &lt;#&gt; dolari. Ar trebui să plătesc &lt;#&gt;  sau &lt;#&gt; ?
legitim,"Întrebați-l pe g sau pe iouri, am spus povestea deja de zece ori"
legitim,Cât durează albinele
legitim,"Bună, sper că obțineți acest txt ~ călătoria nu a fost gd, acum aproximativ 50 de minute întârziere cred."
legitim,Dar trebuie. Îmi place să am dragoste și să aranjez.
legitim,Da..el este cu adevărat grozav..bhaji i-a spus lui Kallis cel mai bun jucător de cricket după Sachin din lume:).foarte greu de ieșit.
legitim,Trebuia să mă trezești &gt;:(
legitim,Oic... L-am vazut si eu dar i tot el din c me... Am gasit un grup liao...
legitim,"Scuze, o să sun mai târziu"
legitim,"\Hei, hei, au fost cei maimuței care spun că suntem în jur! UGĂ SUPERBĂ"
legitim,"Îmi pare rău, mi s-a descărcat bateria, pot să trec, dar deocamdată primesc doar un gram, unde ești?"
legitim,"Bravo, naibii, exercițiu, da, îmi amintesc cam ce înseamnă, hmm."
legitim,"Nu mă voi concentra dragă, știi că ești mintea mea și totul :-)"
legitim,LOL... Ți-ai făcut planuri pentru noul an?
legitim,10 minute mai tarziu k...
legitim,multumesc mult!
legitim,Mulțumesc pentru această speranță că ai avut o zi bună astăzi
legitim,K:)k:)care sunt detaliile pe care doriți să le transferați?
legitim,"Ok, o să-i spun să stea afară. Da, a fost greu, dar suntem optimiști că lucrurile se vor îmbunătăți luna aceasta."
phishing,Împrumut pentru orice scop å£500 - å£75.000. Proprietarii + chiriașii sunt bineveniți. Ai fost refuzat anterior? Mai putem ajuta. Sunați gratuit la 0800 1956669 sau trimiteți înapoi „ajutor”
legitim,Si si. Cred că voi face trufele alea oreo.
legitim,"Uită-te la AMY URE O FEMEIE FRUMOSĂ, INTELIGENTĂ ȘI ȚI MI PLACE MULT. ȘTIU că NU ȚI PLACE AȘA AȘA AȘA NU îți face griji."
legitim,Sper că acesta este rezultatul faptului de a fi în mod constant inteligent și amabil. Începeți să-l întrebați despre legăturile de practică și țineți-vă urechile deschise și toate cele bune. TTYL
legitim,"1,20 costul apelului. Ceea ce cred că nu este rău. Dor de tine, am nevoie de tine, vreau, te iubesc"
legitim,Trecerea printr-un sentiment foarte diferit. clintirea deciziilor și a face față aceluiași individ este același individ. timpul va vindeca tot ceea ce cred.
legitim,"Unde te-ai dus? Telefonul meu va muri, trebuie să stai aici"
legitim,Mare. Niciodată nu a fost mai bine. Fiecare zi oferă și mai multe motive pentru a-i mulțumi lui Dumnezeu
phishing,"Client UpgrdCentre Orange, acum puteți solicita upgrade GRATUIT TELEFON CAMERA pentru fidelitate. Sună acum la 0207 153 9153. Oferta se încheie pe 26 iulie. Se aplică T&C. Opt-out disponibil"
legitim,"Scuze, o sa sun mai tarziu ok pa"
legitim,"Ok, sunt in drum spre calea ferata"
legitim,mare printesa! Îmi place să dau și să primesc oral. Cațelul este poziția mea preferată. Tu ce mai faci? Îmi place să fac dragoste &lt;#&gt;  ori pe noapte :)
legitim,Nu pun acele lucruri pe drumuri ca să nu devină alunecos acolo?
legitim,Când ai de gând să mergi cu bicicleta?
legitim,"Da, nu e nevoie. Voi aștepta doar 4 și ploaia 2 oprire."
legitim,Sunt multe companii. Spune-mi limba.
phishing,"okmail: Dragă Dave, aceasta este notificarea finală pentru a vă colecta 4* Vacanță în Tenerife sau premiul #5000 CASH! Sunați la 09061743806 de la telefon fix. TCs SAE Box326 CW25WX 150ppm"
legitim,"Cât timp a trecut de când ai țipat, prințesă?"
legitim,"Nimic. Am vrut să spun că odată ce banii intră în contul tău aici, banca își va elimina rata forfetară. Cineva a transferat &lt;#&gt;  în contul meu și &lt;#&gt; dolarii au fost scoși. Așadar, băncile diferă și taxele diferă și ele. asigurați-vă că aveți încredere în persoana 9ja căreia îi trimiteți detaliile contului cos..."
phishing,Vrei să te culci în seara asta? Vrei să fie trimise locații reale pentru Dogging direct 2 ur Mob? Alăturați-vă celei mai mari rețele Dogging din Marea Britanie trimițând MOAN la 69888Nyt. ec2a. 31p.msg@150p
legitim,"Frumoasă linie spusă de o inimă frântă - Plz nu mai virea de 1 ori în fața mea... Altfel, încă o dată voi avea încredere în tine... Bun 9t:)"
legitim,"Ok, mă duc la noi în aproximativ cincisprezece minute"
legitim,Te iubesc aathi..te iubesc mult..
legitim,Tensiune ah? ce machi? vreo problemă?
legitim,"K, pot să iau încă al optulea când ai terminat?"
legitim,Când vă întoarceți? G a spus că te gândești să nu rămâi pentru mcr
legitim,"Aproape acolo, ne vedem într-o secundă"
legitim,"Yo carlos, câțiva prieteni mă întreabă deja despre tine, lucrezi deloc weekendul acesta?"
legitim,Ma uit la televizor...
legitim,Multumesc iubito! Abia aștept să gust ceva adevărat...
legitim,Ar trebui să-ți schimbi fb-ul în jaykwon thuglyfe falconerf
legitim,"Dacă câștigăm, e cu adevărat partea nr 1 pentru mult timp."
phishing,"MESAJ GRATUIT Activați cele 500 de mesaje text GRATUITE răspunzând la acest mesaj cu cuvântul GRATUIT Pentru termeni și condiții, vizitați www.07781482378.com"
legitim,Draga ajunsă calea ferată. Ce se întâmplă cu tine
legitim,"Depinde de calitate. Dacă vrei tipul pe care l-am trimis Boye, Faded Glory, atunci aproximativ 6. Dacă vrei Ralphs, poate 2"
legitim,"Cred că am rezolvat, poți trimite un mesaj de test?"
legitim,"Îmi pare rău, omule, contul meu este uscat sau aș face-o, dacă vrei, am putea schimba jumătate sau aș putea cumpăra niște rahat cu cardul meu de credit"
phishing,"Felicitari! Abonamentul special pentru cinema de 1 an pentru 2 este al tău. sunați la 09061209465 acum! C Suprman V, Matrix3, StarWars3, etc toate 4 GRATUIT! bx420-ip4-5we. ora 150. Nu ratați!"
legitim,"Îmi pare rău, la întâlnire o voi suna mai târziu"
legitim,Ce clasă de &lt;#&gt;  reuniune?
legitim,Ești liber acum? Pot să sun acum?
legitim,M-am prins... Când?
legitim,Nu... Cred că voi merge luni... Îmi pare rău că am răspuns atât de târziu
legitim,Unii dintre ei au spus că accenture nu este confirmat. Este adevărat?
legitim,"Centrul de recreere Kate Jackson înainte de ora 7, nu?"
legitim,"Dragă, am ajuns în cameră"
legitim,"Lupta cu lumea este ușoară, fie câștigi, fie pierzi, dar lupta cu cineva care este aproape de tine este dificil dacă pierzi - pierzi dacă câștigi - tot pierzi."
legitim,Când poate ieși Ì_?
legitim,Verificați cu un neurolog.
legitim,Lolnice. Am trecut de la un pește la ..apă.?
phishing,+123 Felicitări - la tragerea la sorți din această săptămână ați câștigat premiul de 1450 GBP pentru a revendica doar sunați la 09050002311 b4280703. T&C/stop SMS 08718727868. Peste 18 doar 150ppm
legitim,"Nu, așteaptă în mașina e plictisit. Pentru că așteptați afară nu am nimic de făcut. Acasă pot să-mi fac lucrurile sau să mă uit la televizor."
legitim,"Poate Westshore sau Hyde Park Village, locul de lângă casa mea?"
legitim,Ar trebui să știi acum. Deci ce mai face Anthony. Aduci bani. Am taxe școlare de plătit și de închiriat și chestii de genul ăsta. De aceea am nevoie de ajutorul tău. Un prieten la nevoie....|
legitim,Care este semnificația?
legitim,Parerea ta despre mine? 1. Peste 2. Jada 3. Kusruthi 4. Iubitor 5. Tăcut 6. Caracter Spl 7. Nematurat 8. Elegant 9. Simplu Răspundeți..
legitim,"8 cel mai târziu, g este încă acolo dacă poți să găsești niște muniție și vrei să încerci noul ak"
legitim,Prabha..îmi pare rău..într-adevăr..din inima îmi pare rău
legitim,Lol ok esti iertat :)
legitim,Nu..mai schimba doar tat..
phishing,"Aveți garantat cel mai recent telefon Nokia, un iPod MP3 player de 40 GB sau un premiu de 500 GBP! Cuvântul text: COLLECT la Nr: 83355! IBHltd LdnW15H 150p/Mtmsgrcvd18+"
legitim,S:)nici o competitie pentru el.
phishing,Tonuri Boltblue pentru 150p Răspunde POLY# sau MONO# de exemplu POLY3 1. Cha Cha Slide 2. Da 3. Slow Jamz 6. Toxic 8. Vino cu mine sau STOP încă 4 tonuri txt MAI MULT
phishing,Creditele dvs. au fost completate pentru http://www.bubbletext.com Pinul dvs. de reînnoire este tgxxrz
legitim,"Astfel, transportul este mai puțin problematic decât în ​​noaptea de sâmbătă. Apropo, dacă vrei să-i ceri lui n să se alăture zilei mele de naștere, nu ezitați. Dar trebuie să cunoașteți sigur că rezervarea vineri."
legitim,"De obicei, persoana este inconștientă la copii, dar la adulți se poate pur și simplu să se comporte anormal. Te sun acum"
legitim,"Dar asta e pe ebay, s-ar putea să fie mai puțin în altă parte."
legitim,Să vin să iau murături
legitim,Vom merge să luăm niște tacos
legitim,"E foarte nepoliticos, ești în campus?"
phishing,URGENT!: Nr. dvs. de mobil a primit un premiu bonus pentru apelant de å£2.000 pe 02/09/03! Aceasta este a doua noastră încercare de a vă contacta! Sunați la 0871-872-9755 BOX95QU
legitim,"Bună, nu voi petrece 4 Crăciun. Dar bucurați-vă de Crăciun fericit."
phishing,"Oferta de azi! Solicitați vouchere de reducere în valoare de 150 GBP! Trimiteți un mesaj cu DA la 85023 acum! SavaMob, membru oferă mobil! T Cs 08717898035. å3,00 GBP Sub. 16 . Anulează subscrierea răspunsului X"
legitim,Da! Cum este singură o doamnă frumoasă ca tine?
phishing,"Veți primi tonul în următoarele 24 de ore. Pentru Termeni și condiții, vă rugăm să consultați Canalul U Teletext Pg 750"
legitim,Jay spune că ești un dublu-faggot
phishing,PRIVAT! Extrasul dvs. de cont din 2003 pentru 07815296484 arată 800 de S.I.M. puncte. Sunați la 08718738001 Cod de identificare 41782 Expiră 18/11/04
legitim,Ce azi-duminică... duminica este sărbătoare... deci fără muncă...
legitim,Gudnite....tc... se continuă antrenamentul
legitim,voi intarzia...
legitim,"Nu te-am mai sunat de ceva vreme. Sperăm că a fost malaria l8r și că știți că ne este dor de voi. Mi-e dor mare de Bani, așa că vă rog să-i dați dragostea mea în special. O zi bună."
legitim,"Bună seara, iubirea mea! Cum merge ziua aceea? Sper că poate ai niște indicii despre o slujbă. Mă gândesc la tine, băiete și-ți trimit un sărut pasional de peste mare"
legitim,"Probabil că va fi aici pentru o vreme, ne vedem mai târziu în seara asta &lt;)"
legitim,Sau poate că degetele mele grase apasă pe toate aceste butoane și nu știe ce să facă.
legitim,Ummmmmaah Multe multe reveniri fericite din ziua mea draga mea dulce inima.. LA MULȚI ANI dragă
legitim,"Sunt in tirupur da, odata ce ai plecat de la birou suna-ma."
phishing,de la www.Applausestore.com MonthlySubscription@50p/msg max6/month T&CsC web age16 2stop txt stop
legitim,"Un citat celebru: atunci când dezvolți capacitatea de a asculta „orice” necondiționat, fără să-ți pierzi cumpătul sau încrederea în tine, înseamnă că ești ......... „CĂSATORIT”"
legitim,Dar ma duc la facultate pa. Ce să fac. altcineva sunt bolnavi veni acolo singur. Pa.
legitim,Ora 4 la mine. Doar pentru a scoate un plan plat.
legitim,Fata asta nu stă în pat. Fata asta nu are nevoie de timp de recuperare. Mai degrabă aș leșina în timp ce mă distrez apoi să fiu închis în pat
legitim,Atunci ceva special acolo?
legitim,"Știu, dar trebuie să iei un hotel acum. Tocmai am primit invitația, dar a trebuit să-mi cer scuze. Cali este atât de dulce pentru mine să vin la nunta unui englez"
legitim,"Scuze că a durat atât de mult, acum"
legitim,Așteptați &lt;#&gt;  min..
legitim,"Ok, lasă-mi 5 minute, cred că o văd. BTW ești alibiul meu. Îmi tundeai părul tot timpul."
legitim,"Imaginează-ți că în sfârșit ajungi să te scufunzi în acea baie după ce te-am pus în treabă, poate chiar dacă mă mănânci o vreme înainte să plec... Dar și imaginează-ți senzația acelei cuști de pe penisul tău înconjurat de apa de la baie, amintindu-ți mereu cine te stăpânește... Bucură-te, ciugul meu"
legitim,"Grăbește-te, am lipsit de buruieni de vreo trei zile"
legitim,"Sigur, dacă primesc o recunoaștere de la tine că este uimitor de lipsit de tact și, în general, de năzuit să ceri un jurământ de sânge pentru"
legitim,"Bine. În fiecare seară, fă o baie caldă, bea o cană de lapte și vei vedea o lucrare de magie. Încă trebuie să slăbești. Doar ca să știi"
legitim,"Voi arunca o privire la tigaie în cazul în care este ieftină sau poate o carte. Nu, asta e o prostie ca o tigaie nu este probabil să fie o carte"
legitim,"O. Ei bine, UV provoacă mutații. Crema de protecție solară este esențială în zilele noastre"
legitim,Luand pranzul:)nu esti online?de ce?
legitim,Știu că prietenul meu a spus asta deja.
legitim,Salut printesa! Multumesc pentru poze. Ești foarte drăguță. Ce mai faci?
legitim,"Aiyo... Întotdeauna ai fost fostul nostru... Nu știu despre mine, ea nu a răspuns... Prima dată când răspunzi atât de repede... Ești atât de norocos că nu funcționează, nu, m-am înțeles de către tine, ah... lau..."
legitim,"Salut, da-mi un mesaj:)sunt la birou.."
legitim,"Multumesc 4 e brownie, e frumos..."
legitim,Geeeee... Te iubesc atât de mult încât abia suport
phishing,DOMNUL! Încercăm să vă contactăm. Extragerea din weekendul trecut arată că ați câștigat un premiu de 1000 GBP GARANTAT. Sunați la 09064012160. Cod de revendicare K52. Valabil doar 12 ore. 150 ppm
legitim,"La naiba iubito... Deja mi-e dor de tine, știi? Nu mă lași să-ți trimit niște bani către net? Am nevoie de tine... Te vreau... Te doresc..."
legitim,"O să te sun 2mrw la ninish, cu adresa mea, acel american nenorocit nu va înceta să mă sune 2 prost Jen k eh?"
legitim,Oooh călărit în pat? La ce te gandesti?
legitim,"Deci, oricum, poți să mergi la sala ta sau orice altceva, iubirea mea *zâmbește* Sper că ești bine și să ai o zi bună iubito... Deja mi-e foarte dor de tine"
legitim,Place! Tati te va face să țipi de plăcere! O să-ți dau o palmă în fund cu pula mea!
legitim,CE VREȚI A FACE ȘI DOAMNA?
legitim,Așteaptă 4 mama mea 2 termină și apoi iau prânzul... Toată dimineața stau acasă curăță camera mea acum camera mea destul de curată... Hee...
legitim,Știi unde au mers ochelarii mei de laborator
legitim,Poți deschide ușa?
legitim,Aștept apelul dvs.
legitim,"Nu, aștept în sch 4 tati..."
phishing,"Ai câștigat 1.000 de euro în numerar sau un premiu de 2.000 de euro! Pentru revendicare, sunați la 09050000327"
legitim,M-am săturat să mă cert cu tine despre această săptămână după săptămână. Fă ce vrei și de acum înainte voi face la fel.
legitim,ÌÏ așteaptă-mă în școala 5..
phishing,"numărul nostru de telefon mobil a câștigat å£5000, pentru a revendica, ne sunați înapoi sau sunați la linia fierbinte de reclamații la 09050005321."
legitim,"Căsătoria arngd este în timp ce mergi, din păcate, un șarpe te mușcă. bt dragostea căsătoria dansează în fața lui d șarpe &amp; care spune Mușcă-mă, mușcă-mă."
legitim,Huh atât de devreme.. Atunci Ì_ luând cina afară Izzit?
legitim,Ok oricum nu trebuie sa schimbi ce ai spus
phishing,Am încercat să vă contactăm pentru răspunsul dvs. la oferta noastră de 750 de minute 150 text și un nou apel video la 08002988890 acum sau răspundeți pentru livrare gratuită mâine
legitim,fosta mea soție nu a putut să aibă copii. Vrei copii într-o zi?
legitim,"Deci, cum este Scoția. Sper că nu ați depășit să vă arătați tendințele JJC. Ai grijă. Trăiește visul"
legitim,Spune-le că te doare capul și vrei doar să folosești 1 oră de timp bolnav.
legitim,"Nu cred că voi renunța încă... Hmmm, poți merge la jazz? Yogasana oso poate... Ne putem întâlni cu ei după lecțiile noastre..."
legitim,"\Pete, poți, te rog, să-mi suni cu greu credit\"""""
legitim,Da srsrly mai bine decât yi tho
legitim,"Sunt într-o întâlnire, sună-mă mai târziu la"
phishing,"Pentru șansa dvs. de a câștiga o săptămânală de cumpărături în valoare de 250 GBP TXT: CUMpărați la 80878. T's&C's www.txt-2-shop.com custcare 08715705022, 1x150p/săptămână"
phishing,Ai fost special selectat pentru a primi un premiu de 2000 de lire sterline! Suna la 08712402050 INAINTE de inchiderea liniilor. Cost 10 ppm. 16+. Se aplică T&C. AG Promo
phishing,PRIVAT! Extrasul dvs. de cont din 2003 pentru 07753741225 arată 800 de puncte S. I. M. nerăscumpărate. Sunați la 08715203677 Cod de identificare: 42478 Expiră 24/10/04
legitim,Mai esti la Grand Prix?
legitim,"Te-am cunoscut ca pe un străin și te-am ales ca prieten. Cât timp stă lumea, prietenia noastră nu se termină niciodată. Sa fim prieteni pentru totdeauna!!! Gud nitz..."
legitim,Sunt grozav! Ce mai faci?
legitim,Gud mrng draga sa ai o zi buna
phishing,Aveți un anunț important de serviciu pentru clienți. Sună GRATUIT TELEFON 0800 542 0825 acum!
legitim,Se va face. Era epuizat în tren în această dimineață. Prea mult vin și plăcintă. Dormi bine și tu
legitim,Mă duc să cumpăr cadoul mamei.
legitim,Mind blastin.. Nu vor mai avea loc tsunami de acum înainte.. Rajnikant a încetat să înoate în Oceanul Indian..:-D
legitim,"Dacă o trimiți mai întâi acasă, e bine. Nu sunt încă pregătit."
legitim,Apropo de el mai are bani?
legitim,Fii fericit acolo. Vin după amiază
legitim,Ne întâlnim după prânz la...
legitim,AVEȚI GRIJĂ și BINE ÎN CURÂND
phishing,XCLUSIVE@CLUBSAISAI 2MOROW 28/5 SOIREE SPECIALE ZOUK CU NICHOLS DE LA PARIS.FREE ROSES 2 TOATE DOAMNE !!! info: 07946746291/07880867867
legitim,ceea ce am vrut să spun este că abia aștept să te văd din nou plictisindu-te de această bătaie de joc
legitim,neva minte ca e ok..
legitim,"E în regulă, voi lua ceva de băut sau ceva de genul ăsta. Vrei să vin să te găsesc?"
phishing,"22 de zile pentru a începe! Pentru Euro2004, U va fi ținut zilnic la curent cu cele mai recente știri și rezultate. Pentru a fi eliminat, trimiteți GET TXT STOP la 83222"
legitim,"Este un joc de Valentine. . . Trimite un mesaj tuturor prietenilor tăi. .. Dacă 5 răspunsuri r d la fel, atunci cineva te iubește cu adevărat. Întrebare- ce culoare mi se potrivește cel mai bine? Răspunde-mi"
legitim,Am multe persoane dependente
legitim,MULȚUMESC4 AZI CER A FOST FRUMOS 2 PRINCEM DAR WE AVE 2 GĂSEȘM MAI MULT TIMP MAI DES OH BINE AVEȚI GRIJĂ C U CURÂND.C
legitim,Am sunat si i-am spus totul:)apoi trebuie sa aleaga acest viitor.
legitim,"\La mulți ani de Ziua Îndrăgostiților\"" Știu că este devreme, dar am sute de frumuseți și frumuseți de dorit. Așa că m-am gândit să-i termin pe mătuși și unchi mai întâi..."""
legitim,"Îi place să nu șocheze leh. Pentru că a-i spune shuhui este ca și cum i-ai spune și Leonei. Ca și asta, aproape toți știu Liao. M-a întrebat despre reacția ta."
legitim,Pentru fericirea familiei mele..
legitim,Vin să iau Ì_... Ieși imediat după lecția ta...
legitim,"Să fie zăpadă. Să fie zăpadă. Acest tip de vreme aduce oamenii împreună, astfel încât prieteniile să se poată dezvolta."
legitim,"Dragă, am primit &lt;#&gt;  dolari salut salut"
legitim,Cuvinte bune... Dar cuvintele te pot lasa consternat de multe ori.
legitim,ASIGURAȚI-VĂ CĂ ALEX ȘTIE că ZIUA DE NAȘTERE S-A SFÂRȘIT ÎN CINCISTE MINUTE ÎN CE ȚINE ȘI
legitim,"scuze, nu, am puține lucruri de făcut. poate fi în pub mai târziu."
legitim,"Nu, e simplu, dacă poți doar să aduci bud sau băuturi sau ceva care este de fapt puțin mai util decât banii în numerar."
legitim,"Haha bine de auzit, sunt plătit oficial și sunt pe piață pentru o 8-a"
legitim,Câte linguri sunt necesare pentru a ajunge în centrul unui tootsie pop?
legitim,"Da, cred că profesorul a spus că asta îmi va face fața să pară mai lungă. Darren cere să nu mă tai prea scurt."
phishing,Nou TEXTBUDDY Chat 2 băieți excitați în zona dvs. 4 doar 25p Gratis 2 primiți codul poștal de căutare sau la gaytextbuddy.com. Numele TXT ONE la 89693
phishing,"Numerele Vodafone de astăzi care se termină cu 4882 sunt selectate pentru a primi un premiu de 350 £. Dacă numărul dvs. se potrivește, sunați la 09064019014 pentru a primi premiul dvs. de å£350."
legitim,Vă rog să nu spuneți așa. salut salut salut
legitim,Mulțumesc!
legitim,"Oh, acesta a fost un mesaj transmis. Credeam că mi-ai trimis asta"
legitim,Am înţeles. Şaptesprezece lire pentru şapte sute de ml ÛÒ sper că ok.
phishing,"Stimate deținător de voucher, 2 revendicați oferta de săptămâna aceasta, pe computerul dvs. accesați http://www.e-tlp.co.uk/expressoffer Se aplică Ts&Cs.2 opriți textele txt STOP la 80062."
legitim,Eu și el atât de amuzant...
legitim,"Draga mea, sper ca nu ai asa o zi! Ai unul cu o mulțime de motive să zâmbești. Biola"
legitim,Când Ì_ te conectezi la data asta... Tata îl aduce pe Ì_ acasă acum?
legitim,"Ce vom face la duș, iubito?"
legitim,Ți-am pus o întrebare cu câteva ore înainte. Răspunsul ei
legitim,"Ei bine, trebuie neapărat să mă reaprovizionez înainte de Ziua Recunoștinței, te voi anunța când ies"
legitim,"a spus sărut, sărut, nu pot face efectele sonore! Este un bărbat minunat, nu-i așa! Genul de persoană care are nevoie de un zâmbet pentru a-și lumina ziua!"
legitim,Probabil că va trece peste puțin
legitim,Da foarte frumos. . .fii gata joi
legitim,Alo! Am înfruntat autobuzele și am urcat în trenuri și am triumfat. Adică noiÛ÷re în bÛ÷ham. Să aveți un odihnă vesel de săptămână
legitim,"Vizionarea desenelor animate, ascultarea muzicii &amp; la ajun a trebuit să meargă la templu &amp; biserica.. Dar tu?"
legitim,Te superi dacă te întreb ce s-a întâmplat? Nu trebuie să spui dacă este incomod.
phishing,PRIVAT! Extrasul dvs. de cont din 2003 pentru arată 800 de puncte S. I. M. nerăscumpărate. Sunați la 08715203694 Cod de identificare: 40533 Expiră 31/10/04
legitim,Nicio problemă. O sa trimit pe adresa ta de email.
phishing,"Ai câștigat 1.000 de euro în numerar sau un premiu de 2.000 de euro! Pentru revendicare, sunați la 09050000327. T&C: RSTM, SW7 3SS. 150 ppm"
legitim,Asta e tare! Uneori lent și blând. Uneori dur și greu :)
legitim,"O să spun că nu. Îmi pare rău. Aș face, dar, ca de obicei, încep să intru în panică în legătură cu timpul. Îmi pare rău din nou! Te vezi marți?"
legitim,"Stai, știi dacă Wesley e în oraș? Pun pariu că ea se droghează!"
legitim,Bine mi-e foarte dor de tine.
legitim,Ai înțeles povestea acelei persoane?
legitim,Spune-le că traficantul de droguri devine nerăbdător
legitim,"Soarele nu poate veni pe pământ, dar trimite dragoste ca raze. norul nu poate ajunge la râu, dar trimite dragoste ca ploaie. Nu pot veni să vă întâlnesc pe U, dar îmi pot trimite grija ca mesaj către U. Gud evng"
legitim,Vei fi în locul acelui om
legitim,"Nu are sens să-l duci acolo decât dacă este gratuit. Dacă vrei să afli mai multe, wikipedia.com"
phishing,88800 și 89034 sunt servicii telefonice premium sunați la 08718711108
legitim,"Sub mare, se întinde o stâncă. În stâncă, există un plic. În plic, este o hârtie. Pe hârtie sunt 3 cuvinte..."
legitim,Atunci mama se pocăiește cum?
legitim,Îmi pare rău că mă duc acasă mai întâi... Tati vino să aducă Ì_ mai târziu...
legitim,Las-o de:-). Începeți pregătiți pentru următorul:-)..
legitim,Da iubito! Putem studia toate pozițiile kama sutrei ;)
legitim,En chikku nange bakra msg kalstiya..then had ceai/cafea?
legitim,Carlos va fi aici într-un minut dacă mai trebuie să cumperi
legitim,Această plată este &lt;DECIMAL&gt;  lakhs:)
legitim,Sa aveti o seara buna! TTYL
legitim,Mi-ai primit mesajul?
legitim,Ho ho - râde cu burtă mare! Ne vedem tomo
phishing,SMS. ac sun0819 posts HELLO:\Pareți cool
phishing,"Obțineți primul ton de apel GRATUIT ACUM! Răspunde la acest mesaj cu TON. Gr8 TOP 20 de tonuri pe telefonul dvs. în fiecare săptămână doar 1,50 GBP pe săptămână 2 renunțare trimite STOP 08452810071 16"
legitim,"Idem. Și nu va mai trebui să-ți faci griji că îți spun NIMIC. După cum am spus aseară, tu fă ce vrei și eu voi face la fel. Pace."
legitim,"Am &lt;#&gt; , cum aș putea ridica?"
legitim,"nu stiu, doar beau lapte..."
legitim,Pot fi?! Salutați și aflați dacă a primit cardul. Scăpare grozavă sau linguri?
legitim,"Piggy, ești treaz? Pun pariu că încă dormi. Mă duc 4 prânz acum..."
legitim,Pentru că nu sunt ciudat lol
legitim,Ti-am ratat apelul pentru că țipam la scrappy. dor de tine. Abia aștept să vii acasă. Sunt atât de singur azi.
legitim,Care este acest loc „hexagonal” despre care vorbești? Explica!
legitim,ÌÏ deconectare 4 wat. Este sdryb8i
legitim,X merge la 4 la prânz?
phishing,Buna sunt in judecata. Am 20 de ani și lucrez ca lapdancer. Iubesc sexul. Trimite mesaje live - acum sunt dormitorul meu. text SUE la 89555. Prin TextOperator G2 1DA 150 ppmsg 18+
legitim,Am vrut să-l rog pe Ì_ să mă aștepte 4 să termin lect. Pentru că lectul meu se termină oricum într-o oră.
legitim,Ai terminat încă treaba? :)
legitim,Fiecare rege a fost cândva un copil care plângea și fiecare clădire grozavă a fost cândva o hartă. Gud ni8
legitim,"Dragă, eu la cherthala. În cazul în care vii Cochin, vă rugăm să sunați înainte de a începe. Voi contacta și eu în consecință. sau spuneți-mi în ce zi vii. Mâine sunt logodit și sărbătoare."
legitim,Multumesc iubire. Dar fac torță sau îndrăzneț.
phishing,<Redirecționat de la 448712404000>Vă rugăm să SUNAȚI imediat 08712404000 deoarece vă așteaptă un mesaj urgent.
legitim,Era deschisă ferma?
legitim,"Îmi pare rău că te deranjez din nou. Pot să cumpăr din nou 4d pentru tatăl meu? 1405, 1680, 1843. Toate 2 mari 1 mici, sat n soare. Mulțumesc."
legitim,"Cumnata mea, sper că aveți o lună grozavă. Spun doar hei. Abiola"
legitim,Voi cumpăra ceva astăzi și vă voi trimite prin e-mail. Ai un număr de cutie poștală?
legitim,"Ah caca. Se pare că problema bolnavă trebuie să trimită laptopul meu pentru a fi reparat, deoarece are o problemă cu GPU"
legitim,Bun. Loc de muncă bun. Îmi plac antreprenorii
legitim,"Bine, ești aproape sau încă în preajma casei lui Alex?"
legitim,ne întâlnim în corporația st outside gap Û_ puteți vedea cum funcționează mintea mea!
legitim,Mama îi cere lui Ì_ să cumpere mâncare acasă...
legitim,"De asemenea, K..u nu trimite mesaje sau nu răspunde la mesajul său.."
legitim,Cât r Ì_ sunteți dispus să plătiți?
legitim,"Scuze, o să sun mai târziu"
legitim,Important este să preveniți deshidratarea dându-i suficiente lichide
legitim,"E un pic ciudat, chiar?- Unde ar trebui să se întâmple treaba? Dar idee bună, sigur că vor fi în cârciumă!"
legitim,Adevărat dragă... m-am așezat să mă rog seara și m-am simțit așa. așa că ți-am trimis un sms peste ceva timp...
legitim,"Nu cred că pot scăpa pentru o călătorie atât de lungă cu familia în oraș, îmi pare rău"
legitim,"Deci, când vrei să faci sală Harri?"
legitim,Destul de târziu lar... Ard 12 oricum am wun b drivin...
phishing,"Pentru a revizui și a PĂSTRA fantasticul pachet de jocuri Nokia N-Gage cu Club Nokia, accesați 2 www.cnupdates.com/newsletter. dezabonați-vă de la alerte răspundeți cu cuvântul OUT"
phishing,Închiriere la jumătate de preț pentru 4 luni Orange Line și cele mai recente telefoane cu cameră 4 GRATUIT. Avea telefonul tău peste 11 luni? Sunați gratuit la MobilesDirect la 08000938767 pentru a actualiza acum! sau 2stoptxt T&C
legitim,"Înălțimea încrederii: toți profesorii de Aeronautică au fost numiți &amp; ei au fost rugați să stea într-un avion. După ce s-au așezat, li s-a spus că avionul a fost făcut de studenții lor. Toți au ieșit grăbiți din avion.. Bt numai eu nu m-am mișcat... El a spus:\dacă este făcut de studenții mei"
legitim,Pare a fi un moment ciudat în care noaptea pe care tot ce vrei tu și eu este să vin să fumez este aceeași zi în care se atribuie o furtună de rahat că vin mereu și îi fac pe toți să fumeze
phishing,08714712388 intre orele 10-19 Cost 10p
legitim,"Salvează-te de stres. Dacă persoana are un cont de cămin, trebuie doar să trimiteți detaliile contului dvs. și banii vă vor fi trimiși."
legitim,Știe și despre meniul de prânz numai da. . Știu
legitim,"Când voi avea lucruri de vândut, îți spun"
phishing,+449071512431 URGENT! Aceasta este a doua încercare de a contacta U!U a câștigat å1250 GBP Apelați la 09071512433 b4 050703 T&CsBCM4235WC1N3XX. costul apelurilor 150ppm pe mobil variază. maxå £7. 50
legitim,Rezervați ce lecție? apoi îmi dai un mesaj... O să sun după muncă sau ceva... Voi primi specificații. Calitatea mea de membru este PX3748
phishing,"Ați CÂȘTIGAT un premiu garantat de 1000 GBP în numerar sau un premiu de 2000 GBP. Pentru a revendica premiul pentru anul, sunați la reprezentantul serviciului nostru pentru clienți la 08714712394 între orele 10:00 și 19:00"
legitim,Macha nu se simte supărat. Pot să-ți asum mentalitatea. Crede-mă într-o seară cu mine și am niște planuri minunate pentru amândoi.SĂ ÎNCEPE VIAȚA DIN NOU.Sună-mă oricând
legitim,"O, este? Trimite-mi adresa"
legitim,E bine. Oricând. Toate cele bune cu el.
legitim,Asta este o minune deplină.
legitim,"Da, chiar și prăjiturile alea au jeleu pe ele"
legitim,"Lumea funcționează și eu sunt încă. Poate că toți se simt la fel, așa să fie. Sau trebuie să recunosc, sunt supărat. Atunci unde este corecția? Sau lasă-mă să numesc asta este viața. Și continuă să alergi cu lumea, poate că și tu alergi. Să alergăm."
legitim,Am înţeles! Arată delicios... tati vrea să te mănânce toată noaptea!
legitim,"De fapt, nu sunt așa de bine... 1 pm lor... Nu mă întrebi niciodată unde mergem ah... Am spus că vei întreba vineri, dar el a spus că vei întreba astăzi..."
legitim,"În regulă, trebuie să-mi schimb comanda la jumătate"
legitim,Exact. Oricum cât de departe. Este jide-o să studieze sau doar să viziteze
legitim,Nu stiu ma intrebi.
phishing,"Alertă prin e-mail De la: Jeri StewartDimensiune: 2KB Subiect: Drvg-uri cu prescripție la preț redusPentru a asculta e-mailul, sunați la 123"
legitim,"Nu, nu a făcut-o. Primăvara vine devreme da!"
legitim,"Lol, nu te vei simți rău când voi folosi banii ei ca să te duc la o cină cu friptură =D"
legitim,"Chiar și tu nu ai probleme în timp ce convingi... spune-i doar o dată sau de două ori și spune-i să-i neglijezi mesajele, nu c și citește-l... doar nu răspunde"
legitim,Plec în qatar tonite în căutarea unei oportunități. Totul a mers repede. Vă rugăm să adăugați-mă în rugăciunile dumneavoastră dragă. Rakhesh
legitim,Atunci de ce nimeni nu vorbește cu mine
legitim,Mulțumesc că ai grijă de mine. apreciez foarte mult.
phishing,Hi. Oferta de fidelizare a clienților: NOUL Nokia6650 Mobile de la DOAR £10 la TXTAUCTION! Text text: START la nr: 81151 și obține-l pe al tău acum! 4T&Ctxt TC 150p/MTmsg
legitim,Mi-ar plăcea să fiu cu tine acum!
legitim,"Haha, poate ești rit... Mă cunoști bine. Da sentimentul de a fi placut de cineva este gd lor. Găsiți mai repede una decât toate fetele din grupul nostru atașat Liao."
legitim,"Da, voi fi acolo. Mă bucur că ai reușit."
legitim,Fă bine :)toate vor pentru puțin timp. Lucruri bune care urmează:
legitim,Tocmai m-am trezit. trebuie să iasă din cameră foarte curând. Û_. Nu pusesem ceasurile înapoi până la 8 am strigat la toată lumea să se ridice și apoi mi-am dat seama că era 7. wahay. încă o oră în pat.
legitim,Bine. Este posibil să existe o sală de sport gratuită.
legitim,Bărbaților le plac doamnele mai scunde. Privește în ochii lui.
legitim,"Nu știu, el a spus doar du-te la lido. Același timp 930."
legitim,"Promit că voi avea grijă de tine, prințesă. Trebuie să fug acum. Vă rugăm să trimiteți poze când aveți ocazia. TTYL!"
phishing,Sunteți abonat la cel mai bun serviciu de conținut mobil din Marea Britanie pentru 3 GBP pe 10 zile până când trimiteți STOP la 82324. Linia de asistență 08706091795
legitim,Există vreun motiv pentru care nu am vorbit anul acesta? Oricum să aveți o săptămână minunată și toate cele bune la examen
legitim,Până luni săptămâna viitoare. Dă-mi esenta completă
phishing,Îți dai seama că în aproximativ 40 de ani vom avea mii de bătrâne care alergau cu tatuaje?
phishing,Aveți un anunț important de serviciu pentru clienți de la PREMIER.
legitim,Nu-mi da acel caveboy de buze
legitim,Când ai ajuns la bibliotecă
legitim,"Îmi pare rău, nu recunosc acest număr și acum sunt confuz :) cine ești, te rog?!"
legitim,Deci de ce nu ai hola?
legitim,Nu mă pot gândi la nimeni cu * cameră liberă * pe capul meu
legitim,"Credința face lucrurile posibile, Speranța face ca lucrurile să funcționeze, Dragostea face lucrurile frumoase, Fie ca tu să le ai pe toate trei Crăciunul acesta! Crăciun fericit!"
legitim,Ar fi trebuit să faci o programare
legitim,"Sună-mă când tu/Carlos este/ești aici, vibrația telefonului meu funcționează și s-ar putea să nu aud mesaje"
phishing,"Parisul romantic. 2 nopți, 2 zboruri de la å£79 Rezervați acum 4 anul viitor. Sunați la 08704439680Se aplică condițiile."
legitim,"Suntem la bunici. O, dragă, mai ești bolnav? M-am simțit rahat azi dimineață, dar cred că doar am mahmureala! Încă o noapte atunci. Lăsăm sâmbătă."
phishing,"Premiul Urgent Ur å£500 garantat este încă nerevendicat! Sunați la 09066368327 ACUM data de închidere04/09/02 cod de revendicare M39M51 å1,50 GBP mai mult de lamobile2Bremoved-MobyPOBox734LS27YF"
legitim,"Nimic decat noi doar tot u ne-ar intreba cos u ba gua... Dar ne-am dus mt faber da... Da, a iesit deja mah asa ca azi nu ies... Doar sunam lor..."
legitim,"Vă doresc ție și familiei tale, în avans, la mulți ani fericiti și la mulți ani..."
phishing,"UR a acordat un City Break și ar putea CÂȘTIGĂ un å£200 de cumpărături de vară în fiecare săptămână. Trimiteți mesajul STORE la 88039. SkilGme. TsCs087147403231Winawk!Vârsta 16 å1,50 GBP pe WKsub"
legitim,"Nu merg, am luat ceva, decât dacă se întâlnesc la 4 cină, atunci... Haha, mă întreb cine va merge la ora asta..."
legitim,"Scuze, o să sun mai târziu"
legitim,Nu pot alege telefonul acum. Vă rugăm să trimiteți un mesaj
legitim,Lol stiu! Sunt atât de dramatice. Școlile sunt deja închise pentru mâine. Se pare că nu putem conduce în centimetrul de zăpadă pe care trebuia să ajungem.
legitim,Nu ajung nicăieri cu această blestemată de slujbă de vânătoare aici!
legitim,"Laugh out loud! bețiv! Doar îmi fac părul în momentul d. Da, încă 4 în seara asta. Care este planul?"
legitim,"Treci aici, nu îți ieși din rahatul asta de două ori la rând"
legitim,Voi fi acolo cu în &lt;#&gt;  minute. Am orice spațiu
legitim,Doar dormi..si surfing
legitim,Mulțumesc că ai ridicat gunoiul.
legitim,"De ce nu te duci să-i spui prietenului tău că nu ești sigur că vrei să locuiești cu el pentru că fumează prea mult, apoi petreci ore întregi rugându-l să vină să fumeze"
legitim,"\Bună, Kate, a fost încântat să te văd în seara asta și te voi suna mâine. Trebuie să cânt și un tip mi-a dat cartea lui! xxx\"""""
legitim,La mulți ani dragul meu frate. Chiar mi-e dor de tine. Tocmai am primit numărul tău și m-am hotărât să-ți trimit acest text în care-ți urează numai fericire. Abiola
legitim,Asta înseamnă să ia ușa
legitim,Parerea ta despre mine? 1. Peste 2. Jada 3. Kusruthi 4. Iubitor 5. Tăcut 6. Caracter Spl 7. Nematurat 8. Elegant 9. Simplu Răspundeți..
legitim,"Hmmm... Credeam că am spus 2 ore sclav, nu 3... Ai întârziat... Cum să te pedepsesc?"
legitim,Bere?
phishing,Aveți un anunț important de serviciu pentru clienți de la PREMIER. Sună GRATUIT TELEFON 0800 542 0578 acum!
legitim,Nu crede. Se stinge ca aleatoriu în 5 minute de la deschidere
legitim,"Trebuia să fie, dar nu a putut, totuși e încă în oraș"
legitim,O face pe cont propriu. De cele mai multe ori îmi fixează ortografia. Dar uneori devine un cuvânt complet diferit. Închipuie-te
phishing,Te-ai gândit vreodată să trăiești o viață bună cu un partener perfect? Doar trimiteți înapoi NAME și AGE pentru a vă alătura comunității mobile. (100p/SMS)
phishing,"5 Tonuri Polifonice Top Gratuite sunați la 087018728737, Tarif Național. Primiți o melodie Toppoly trimisă în fiecare săptămână, trimiteți un mesaj cu SUBPOLY la 81618, 3£ pe stâlp. UnSub 08718727870."
legitim,Gud mrng draga sa ai o zi buna
legitim,"Sper că ți-a plăcut jocul tău de ieri. Îmi pare rău că nu am fost în legătură, dar vă rugăm să știți că sunteți cu drag. Să aveți o săptămână minunată. Abiola"
legitim,Toate cele mai bune 4 ur conducere tmr :-)
legitim,UNDE ESTI LA DOGBREATH? SUNA DOAR CA JAN C ASTA ESTE AL!!!!!!!!!
legitim,Omg vreau să țip. M-am cantarit si am slabit mai mult! Woohoo!
legitim,"În general, nu există unul. Este un substantiv nenumărat - u în dicționar. piese de cercetare?"
legitim,chiar mă doboară doar să stau în jur.
phishing,"Client Orange, acum puteți solicita upgrade-ul GRATUIT CAMERA TELEFON pentru loialitate. Sună acum la 0207 153 9996. Oferta se încheie pe 14 martie. Se aplică T&C. Opt-out disponibil"
legitim,"\Petey boy, unde tu, eu și toți prietenii tăi sunteți în Kingshead, coboară dacă poți să-l iubești pe Nic\"""""
legitim,"Ok, iti trimit mesajul b4 ies din casa mea."
legitim,"\Dă-mi câteva\"" a fost în urmă cu &lt;#&gt; minute"""
phishing,"Ultima șansă! Revendicați astăzi vouchere de reducere în valoare de 150 GBP! Trimiteți mesajul SHOP la 85023 acum! SavaMob, oferă mobil! T Cs SavaMob POBOX84, M263UZ. å3,00 GBP sub. 16"
legitim,"Aplicația este la &lt;TIME&gt; a.m. Nu e vina mea, nu asculți. ți-am spus de două ori"
phishing,"GRATUIT pentru prima săptămână! Numărul 1 Nokia tone 4 în fiecare săptămână, trimiteți un mesaj la NOKIA la 8077. Primiți mesaje și spuneți-le prietenilor. www.getzed.co.uk POBox 36504 W45WQ 16+ norm150p/ton"
phishing,"Ați câștigat un premiu garantat de 200 GBP sau chiar 1000 GBP în numerar pentru a revendica premiul UR, sunați gratuit la 08000407165 (18+) 2 stop getstop pe 88222 PHP. RG21 4JX"
legitim,K Voi fi acolo înainte de 4.
legitim,Am dled 3d e foarte imp
legitim,"sigur, dar asigură-te că știe că nu fumăm încă"
legitim,Boooo lucrezi mereu. Doar renunta.
legitim,Îmi iau concediu de jumătate de zi pentru că nu sunt bine
legitim,"Uf, nu vreau să mă dau jos din pat. E atât de cald."
legitim,S:)s.nervos &lt;#&gt; :)
legitim,Deci există un inel care vine cu costumele băieților. Este acolo pentru ca ei să-și poată darui viitoarele soții. Sugestie indiciu
phishing,"Felicitări, ați primit fie 500 GBP de tichete cadou CD și intrare gratuită 2 extragerea noastră săptămânală de 100 GBP txt MUSIC la 87066 TnCs www.Ldew.com1win150ppmx3age16"
legitim,Îți împrumut geanta ok.
phishing,"Ai fost supralicitat de Simonwatson5120 pe Shinco DVD Plyr. 2 licitați din nou, vizitați sms. ac/smsrewards 2 notificări de încheiere a ofertei, răspuns END OUT"
legitim,Unde este băiatul meu? Mi-e dor de tine... Ce sa întâmplat?
legitim,"Are o mulțime de folosite iubito, dar modelul nu ajută. Trebuie să-l aduci și el o va potrivi"
legitim,"De asemenea, aduci pe Galileo sau Dobby"
legitim,Atunci de ce nu răspunzi
legitim,"\BOO BABE! ȚI PLACȚI MUNCĂ? PĂREAU ȘI ȚINE CU BINE HUNNY!SPER ESTI BINE?AȚI GRIJĂ și VORBIȚI 2U CURÂND MULTE DE LOVEME XXXX.\"""""
legitim,Bună seara strălucire de stele! Cum e băiatul meu? Mai dorește de mine? Te doare să mă tragi? *sorb cappuccino* Mi-e dor de tine iubito *sărut tachinător*
legitim,"Pe drum, așa că nu pot txt"
phishing,"SERVICII SMS. pentru creditele text inclusiv, vă rugăm să accesați www.comuk.net login= 3qxj9 dezabonați-vă cu STOP, fără costuri suplimentare. ajutor 08702840625.COMUK. 220-CM2 9AE"
phishing,25p 4 cântec alfie Moon's Children in need on mob. Spune-ți m8s. Txt Tone caritate la 8007 pentru Nokia sau Poly caritate pentru poli: zed 08701417012 profit 2 caritate.
legitim,Sa aveti o seara buna! TTYL
legitim,Hmm .. Bucăți și bucăți lol... *oftă*...
legitim,Hahaha..foloseste-ti creierul draga
legitim,Hei. Ai vreun mail?
legitim,"Îmi pare rău, lumina s-a transformat în verde, mă refeream la un alt prieten care a vrut să &lt;#&gt;  merită, dar s-ar putea să nu fie prin preajmă"
legitim,"Mulțumesc pentru ziua de ieri, domnule. Ai fost minunat. Sper că v-a plăcut înmormântarea. MojiBiola"
phishing,"Ai un admirator secret. Dezvăluie cine crede U R Atât de special. Sunați la 09065174042. Pentru a renunța Răspundeți DEZVĂLUȚI STOP. 1,50 pe mesaj înregistrat. Ingrijire client 07821230901"
legitim,"Bună, prietene, RV-ul ei, ai avut o vacanță plăcută, doar un mesaj 3 salută, pentru că nu ți-a trimis unul de când a început să conduci, așa că stai departe de drumuri! RVx"
phishing,"Stimate deținător de voucher, Pentru a solicita oferta de săptămâna aceasta, pe computerul dvs., vă rugăm să accesați http://www.e-tlp.co.uk/expressoffer Se aplică condițiile și condițiile. Pentru a opri mesajele, trimiteți STOP la 80062"
legitim,"Multumesc mult. Când am trimis prin sky kz și sura, nu am primit plăcerea companiei dvs. Sper că ești bun. Ți-am dat ultimatum oh! Suntem numărătoarea inversă până la aburo. Bucurați-vă! Acesta este mesajul pe care l-am trimis cu câteva zile în urmă"
legitim,Cu siguranta rezultatul va oferi :)
legitim,Buna dimineata draga mea ........... Sa aveti un &amp; zi reușită.
phishing,Doriți 750 oricând orice rețea min 150 text și un telefon VIDEO NOU pentru doar cinci lire pe săptămână sunați la 08002888812 sau răspundeți pentru livrare mâine
legitim,"Domnule, am întârziat să plătesc chiria în ultimele luni și a trebuit să plătesc un &lt;#&gt;  încărca. Am simțit că ar fi nepăsător din partea mea să sâcâiesc despre ceva ce-ți dai cu mare preț pentru tine și de aceea nu am vorbit. Cu toate acestea, sunt într-o recesiune și nu voi putea să plătesc taxa luna aceasta, de aceea cerul meu cu mult înainte de sfârșitul lunii. Puteti ajuta va rog. Mulţumesc"
phishing,"Am încercat să vă contactăm cu privire la oferta noastră de Telefon video nou 750 oricând, în orice rețea, în min. LA JUMĂTATE DE PRET Închiriere cameră video sunați la 08000930705 sau răspundeți pentru livrare miercuri"
phishing,"Ultima șansă 2 revendicați vouchere de reducere în valoare de 150 GBP - Trimiteți un text DA la 85023 acum! Membrul SavaMob oferă T C-uri mobile 08717898035. å3,00 GBP Sub. 16 . Eliminați txt X sau STOP"
legitim,"Te iubesc atât de mult, nu înțelegi cât de special ești 2, mă sun 2 mâine, iubești xxx"
legitim,"Vă rog să-mi trimiteți un e-mail complet despre cine plătesc, când și cât."
legitim,Mama lui Prashanthetttan a murit aseară. roagă-te pentru ea și pentru familie.
phishing,Urgent! sunați la 09066350750 de pe telefonul fix. Vacanța dvs. gratuită de 4* la Ibiza sau 10.000 de numerar vă așteaptă colectarea T&C SAE PO BOX 434 SK3 8WP 150 ppm 18+
legitim,K.k:) când mergi?
legitim,"Între timp, în suita de rahat: xavier a decis să ne dea &lt;#&gt;  secunde de avertizare că Samantha vine și cântă la chitara lui Jay ca să o impresioneze sau să o impresioneze. De asemenea, nu cred că Doug își dă seama că nu mai locuiesc aici"
legitim,Stomacul meu a suferit atât de multe traume încât jur că nu pot mânca. Mai bine slabesc.
legitim,Sunt la birou:)ce treaba..msg-mi acum.Te sun in pauza:).
legitim,"Da, abia e suficient loc pentru noi doi, x are prea mulți pantofi. Îmi pare rău omule, ne vedem mai târziu"
phishing,"Oferta de azi! Solicitați vouchere de reducere în valoare de 150 GBP! Trimiteți un mesaj cu DA la 85023 acum! SavaMob, membru oferă mobil! T Cs 08717898035. å3,00 GBP Sub. 16 . Anulează subscrierea răspunsului X"
legitim,Ai ajuns deja în livadă? Vrei să cumperi bilete mai întâi?
legitim,"Sunt real, iubito! Vreau să-ți scot tigroa interioară..."
legitim,Nu da dacă rulezi că activează versiunea completă da.
legitim,"\AH săracul bebe! Speranța că se va mai bine! PROBAT SUPRADOZA DE MUNCĂ HEY GO ATENȚIE SPK 2 U SN MULTE LOVEJEN XXX.\"""""
legitim,Opreste povestea. I-am spus că l-am returnat și el spune că nu ar trebui să-l mai comand.
phishing,Vorbeste sexy!! Fă-ți prieteni noi sau îndrăgostește-te de cel mai discret serviciu de întâlniri text din lume. Doar trimite mesaj VIP la 83110 și vezi pe cine poți întâlni.
legitim,Ai de gând să-ți scoți copilul afară?
legitim,"Hai ana mâine vin dimineața.  &lt;DECIMAL&gt;  Voi fi acolo în Sathy, apoi vom merge la biroul RTO. Răspunde-mi după ce am venit acasă."
legitim,"Linguri, atunci este bine?"
legitim,Tocmai a spus că cineva se numește Tampa
legitim,În muncă acum. O să aibă în câteva minute.
legitim,Fratele tău este un geniu
legitim,"Îmi pare rău, cred că ori de câte ori pot obține conexiunile mele, poate o oră sau două? Îți voi trimite mesaj"
legitim,Ați aflat la ce oră este autobuzul pentru că trebuie să rezolv niște chestii?
legitim,Am văzut o mulțime de corvete în ultima vreme
phishing,"Felicitări, vi s-a acordat fie o cantitate de un an de CD-uri de la Virgin Records, fie un cadou misterios GARANTAT Sunați la 09061104283 Ts&Cs www.smsco.net å 1,50 GBP aproximativ 3 minute"
legitim,"La fel și aici, dar consider că zidurile și buncărele și rahatul sunt importante doar pentru că nu joc niciodată în mod pașnic, dar cred că locul tău este suficient de sus încât nu contează."
phishing,PRIVAT! Extrasul dvs. de cont din 2003 pentru 07808 XXXXXX arată 800 de puncte S. I. M. nevalorificate. Sunați la 08719899217 Cod de identificare: 41685 Expiră 07/11/04
phishing,Buna ziua. Avem nevoie de niște păsări și băieți eleganti pentru a folosi produse de încercare pentru șampanie. Pot să te las jos? Am nevoie de adresa și data ta cât mai repede. Ta r
phishing,Ce vrei de Crăciun? Ce zici de 100 de mesaje text gratuite și un nou telefon video cu închiriere la jumătate de preț? Sună gratuit acum la 0800 0721072 pentru a afla mai multe!
legitim,"Ei bine, sunt oficial într-o gaură filozofică, așa că dacă vrei să suni, sunt acasă gata să fiu salvat!"
legitim,Merge bine... nicio problemă... dar încă am nevoie de puțină experiență pentru a înțelege vocea clienților americani...
legitim,Îți voi trimite mesaj când las x
legitim,A fost o zi lungă. Sunt epuizat. Vreau doar să mă îmbrățișez și să trag un pui de somn
legitim,Vorbeste cu tine cel putin o data pe zi...!!! Altfel îți va fi dor de cel mai bun prieten din lumea asta...!!! -Shakespeare- SHESIL &lt;#&gt;
phishing,"Cumpărați până când pică, SUNTEȚI TU, fie 10.000, 5.000, 500 GBP numerar sau voucher de călătorie de 100 GBP, Sună acum la 09064011000. NTT PO Box CR01327BT fix Cost 150ppm mobil variază"
legitim,Ești în castor? Trebuie să vezi ceva
phishing,"Sunshine Quiz Wkly Q! Câștigă un DVD player Sony de top dacă știi în ce țară a jucat Liverpool la mijlocul săptămânii? Txt ansr la 82277. å1,50 GBP SP:Tyrone"
phishing,Ai un admirator secret care caută 2 ia contact cu U-aflați pe cine R*dezvăluie cine crede că UR este atât de special-sunați la 09058094565
phishing,Aveți un admirator secret care caută 2 luați contact cu U-aflați pe cine R*dezvăluie cine crede că UR este atât de special-sunați la 09065171142-stopsms-08
phishing,Memento: nu ați descărcat conținutul pentru care ați plătit deja. Accesați http://doit. mymoby. tv/ pentru a vă colecta conținutul.
legitim,"vezi, știam că să-ți dau o pauză de câteva ori te va face să vrei mereu să ratezi orele de acces. Voiam să-ți spun până la unu, dar un film MIDNIGHT nu va apărea decât după ora 2. Trebuie să vii acasă. Trebuie să adormi și, dacă este ceva, trebuie să studiezi antrenamentul urechii."
legitim,Îmi place să ofer masaje. Folosesc mult ulei pentru copii... Care este poziția ta preferată?
legitim,"Omule, ar trebui să luăm din nou la cină"
legitim,Yoyyooo știi cum să schimbi permisiunile pentru o unitate în Mac. Unitatea mea flash USB
legitim,Gibbs nevândut.mike hussey
legitim,"Îmi place să vorbesc, dar nu pot. nu te stiu."
legitim,Y dun tăiat prea scurt leh. Nu vă place ah? Ea a eșuat. E destul de tristă.
legitim,Faglord de necrezut
legitim,Soție.cum știa exact momentul crimei
legitim,De ce o intrebi pe printesa?
legitim,Sunt o mare printesa! Ce te gândești despre mine? :)
legitim,Nutter. Cutter. Ctter. Cttergg. Cttargg. Ctargg. Ctagg. adică tu
legitim,"Nu sunteți ocupat, dar sunt prea plictisit, așa că vă trimit. Nu știu ce culoare mi-a ales 4."
legitim,"Nu are curs mâine devreme și, prin urmare, nu ar trebui să încerce să fumeze la &lt;#&gt;"
legitim,"Gând superb- \Fii recunoscător că nu ai tot ce vrei. Asta înseamnă că mai ai ocazia să fii mai fericit mâine decât ești astăzi.\"":-)"""
legitim,Sper că aveți o săptămână bună. Doar inregistrarea
legitim,"m-am obisnuit. Sper doar să nu mă lase agenții mei, deoarece am rezervat doar câteva lucruri anul acesta. Tot eu în Boston, ei în New York a fost un experiment."
legitim,"joi seara? Da, sigur, vom rezolva atunci"
phishing,"Tonul de apel gratuit așteaptă să fie colectat. Pur și simplu trimiteți parola \MIX\"" la 85069 pentru a verifica. Obțineți Usher și Britney. FML"
legitim,Probabil că banii sunt îngrijorați. Lucrurile vin la scadență și am mai multe facturi restante pentru munca pe care am făcut-o acum două și trei luni.
legitim,Cum este posibil să te înveți. Și unde.
legitim,"Mă întreb dacă bateria telefonului tău s-a descărcat? Trebuia să-ți spun, te iubesc iubito"
legitim,Miros plăcut pe acest autobuz și nu e tutun...
legitim,"Toți devenim îngrijorați aici, Derek și Taylor au presupus deja ce e mai rău"
legitim,"Hei, ce faci, Charles, scuze pentru răspunsul târziu."
phishing,"toate cele mai recente de la Stereophonics, Marley, Dizzee Racal, Libertines și The Strokes! Câștigă jocuri Nookii cu Flirt!! Faceți clic pe Marcaj WAP TheMob sau trimiteți mesajul WAP la 82468"
legitim,"Îi voi da odată ce îl voi avea. În plus, a spus că grinule te salut ori de câte ori vorbim"
legitim,OREOS WHITE FUDGE SUNT ÎN MAGAZINE
phishing,"Reducere pentru bărbați din ianuarie! Hot Gay Chat acum mai ieftin, sunați la 08709222922. Tarif național de la 1,5p/min ieftin la 7,8p/min vârf! Pentru a opri mesajele, sunați la 08712460324 (10p/min)"
legitim,"Dragul meu ! Cum de ți-a luat atât de mult să pleci la Zaher? Am primit cuvintele tale despre ym și m-am bucurat să le văd, dar am fost trist că ai plecat. Mi-e dor de tine"
legitim,Îmi pare rău că te-a durut.
legitim,Nu pot. Îmi e greață. Sunt atât de supărat. Nu am mâncat dulciuri toată săptămâna pentru că azi plănuiam să ies. Am ținut dietă toată săptămâna. Si acum nu mi-e foame :/
legitim,"Bine, dar nu prea devreme. Încă am întâlnire de proiect acum."
legitim,"Sună-mă, aștept apelul tău."
legitim,L-aș putea întreba pe Carlos dacă am putea obține mai mult dacă poate cineva să contribuie
legitim,"De fapt, era pe punctul de a vă trimite un memento astăzi. Să aveți un weekend minunat"
legitim,"Când oamenii văd mesajele mele, cred că sunt dependent de mesaje... Ei greșesc, Bcoz Ei nu știu că sunt dependent de dragii mei prieteni..!! BSLVYL"
legitim,"Hei, le-ai dat fotografia ta când te-ai înregistrat pentru a conduce ah? Vrei să ne întâlnim la yck?"
legitim,"Nu vorbi niciodată cu el, bine e cuvântul meu."
legitim,Când vrei să-l vezi atunci
legitim,"În drum spre școală. Îmi puteți trimite, vă rog, numărul lui Ashley"
legitim,Va fi bine. Am avalarr acum. Will hollalater
legitim,"A fost azi să participe la alte două runde, dar tot nu a ajuns acasă."
legitim,"De fapt, mi-am șters vechiul site... acum scriu pe blog la magicalsongs.blogspot.com"
legitim,"K, așteaptă chikku..il trimite după &lt;#&gt; min"
legitim,"Dar sunt la dietă. Și am mâncat 1 prea multe felii de pizza ieri. Uf, sunt ÎNTOTDEAUNA la dietă."
legitim,K:)Voi da detaliile mele de acc kvb:)
legitim,"Oh, toți trebuie să vină ah?"
phishing,bani!!! esti un castigator norocos! 2 revendicați-vă premiul text în bani 2 88600 peste 1 milion å£ pentru a oferi! ppt150x3+frecvență normală de text box403 w1t1jy
legitim,Îmi pare foarte rău că nu voi putea face asta vineri. Sper că puteți găsi o alternativă. Sper că mandatul anului va merge bine:-)
legitim,Felicitări ore mo owo re wa. Bucurați-vă de el și vă doresc multe momente fericite încoace și încolo oriunde ați merge
legitim,"Deci, ai încă umeri samus"
legitim,La ce oră crezi că o vei avea? Trebuie să știu când ar trebui să fiu lângă campus
phishing,"Dragă Matthew, vă rugăm să sunați la 09063440451 de la un telefon fix, vă așteaptă încasarea vacanței dvs. gratuite de 4* Lux Tenerife sau 1000 GBP CASH. ppm150 SAE T&Cs Box334 SK38XH."
legitim,Atunci purtați blugi sau...
legitim,"De când, de ce parte, orice febră, orice vărsătură."
legitim,K:)k.esti la facultate?
phishing,Urgent! sunați la 09061749602 de la Fix. Vacanța gratuită la Tenerife de 4* sau 10.000 GBP în numerar așteaptă colectarea T&C SAE BOX 528 HP20 1YF 150 ppm 18+
legitim,Mai bine. M-am compensat pentru vineri și m-am umplut ca un porc ieri. Acum mă simt bleh. Dar cel puțin nu este un fel de durere zvârcolitoare.
legitim,"Nu, le vindem pe toate, așa că vom avea tone de monede. Apoi vinde monedele noastre cuiva prin paypal. Voila! Bani înapoi în buzunarele vieții :)"
legitim,O fac în multe locuri. Doar spitalele și locurile medicale sunt sigure.
phishing,Ce zici să iei legătura cu oamenii care așteaptă companie? Doar trimiteți înapoi NUMELE și VÂRSTA pentru a vă înscrie! Bucurați-vă de comunitate (150p/SMS)
legitim,"Și, de asemenea, l-am suflat de câteva ori recent, așa că mai degrabă nu-i scriu din senin căutând iarbă"
legitim,"Mi-am trimis notele la sophas și a trebuit să fac aplicație secundară pentru câteva școli. Cred că dacă vă gândiți să aplicați, faceți o cercetare și asupra costurilor. Contactați gluma ogunrinde, școala ei este una dintre cele mai puțin costisitoare"
legitim,Abia aștept să te văd! Cum au fost utile fotografiile? :)
phishing,Soldul dvs. de numerar este în prezent de 500 de lire sterline - pentru a maximiza încasările dvs. trimiteți acum GO la 86688 doar 150p/msg. CC: 08718720201 PO BOX 114/14 TCR/W1
legitim,"Hei, am rezervat deja kb pe sat... la ce alte lecții mergem ah? Păstrați-vă noaptea liberă, trebuie să ne întâlnim și să ne confirmăm cazarea"
legitim,Chk în dict
legitim,La acea oră vrei să vin?
legitim,"Minunat, lasă-mă să știu ori de câte ori ești prin preajmă"
legitim,Shb b ok lor... Mulțumesc...
legitim,"Adevăr frumos împotriva gravitației.. Citește cu atenție: \Inima noastră se simte ușoară când cineva este în ea.. Dar se simte foarte grea când cineva o părăsește..\"" NOAPTE BUNĂ"""
legitim,"De asemenea, nu uitați să luați bolul lui Dobby din mașină"
phishing,Povești murdare și FETE vă așteaptă
legitim,"Îmi pare rău acum, atunci c ur msg... Yar lor atât de sărac... Dar doar 4 într-o noapte... Tmr tu vei avea o cameră nou-nouță în care 2 dormi..."
legitim,"Dragostea nu este o decizie, este un sentiment. Dacă am putea decide pe cine să iubim, atunci viața ar fi mult mai simplă, dar apoi mai puțin magică"
legitim,Se pare că s-a pensionat
legitim,Codul meu de sortare este și nr de acc este . Banca este natwest. Puteți răspunde pentru a confirma că am trimis acest lucru persoanei potrivite!
legitim,Unde @
legitim,Ești sigur că nu poți lua nicio perioadă de rău?
phishing,URGENT! Încercăm să contactăm U. Extragerea de astăzi arată că ați câștigat un premiu de 800 GBP GARANTAT. Sunați la 09050001808 de pe telefon fix. Revendicarea M95. Valabil doar 12 ore
legitim,"Vizionarea desenelor animate, ascultarea muzicii &amp; la ajun a trebuit să meargă la templu &amp; biserica.. Dar tu?"
legitim,Yo chad ce curs de gimnastică vrei să iei? Site-ul spune că cursul creștinilor este plin..
legitim,Ești așa de agitat
legitim,"Sau, mai bine, poţi să o prinzi şi să o întrebi dacă poate vinde &lt;#&gt;  pentru mine."
legitim,Nu sunt sigur de meniul de noapte. . . Știu doar despre meniul de prânz
legitim,"Ce îți dorești când mă întorc?.un colier frumos ca semn al inimii mele pentru tine.Asta voi da, dar NUMAI SOȚIEI MEA PE placul MEU.FI ASTA și vezi..NIMENI NU îți poate da asta.nu mă suna.Voi aștepta până vin."
legitim,Ești dispus să mergi la cursuri de aptitudini?
legitim,"Nu va fi până la 2.15, când încerc să sortăm casa, este ok?"
legitim,"Yar lor el wan 2 merge c curse de cai azi mah, asa ca mananca mai devreme lor. Am mâncat orez cu pui. tu?"
legitim,"Haha minunat, omw acum atunci"
legitim,"Da, cred, până când magazinul se închide."
legitim,care este numarul tau de cont?
legitim,Eh trimiți greșit lar...
legitim,"Hei, nu, am făcut o seară de rahat fără tine 2 boggy cu mine u plictisitor biatch! Mulțumesc, dar aștepți până la noua dată"
legitim,Ok o sa vorbesc cu el
legitim,"Nu ezita. Știi că este a doua oară când are o astfel de slăbiciune. Așa că ține un caiet cu ceea ce a mâncat și a făcut cu o zi înainte sau dacă ceva s-a schimbat cu o zi înainte, astfel încât să fim siguri că nu este nimic"
legitim,"Hei, poți plăti. Cu salariu de. Numai &lt;#&gt; ."
legitim,Încă o lună. Am nevoie de iarbă de ciocolată și alcool.
legitim,"Dacă a început să caute, va obține un loc de muncă în câteva zile. Are un mare potențial și talent."
legitim,Socotiți că trebuie să fiți în oraș până la opt pentru a merge pe jos din * parcare.
phishing,"Felicitari! 2 videofoane mobile 3G sunt ale dvs. sunați la 09063458130 acum! videochat cu prietenii tăi, joacă jocuri java, descărca muzică polyPH, noline rentl."
legitim,Uită-te la al naibii de timp. CE dracu crezi că se întâmplă
legitim,Bănuiești ce tocmai am scăpat
legitim,Carlos spune că va fi la mu în &lt;#&gt;  minute
legitim,Sunt la birou acum. Te voi suna &lt;#&gt;  min:)
legitim,"Gheeee... Deja mi-e dor de tine, știi? La tine tot ce mă pot gândi. La naiba, abia aștept până anul viitor când vom fi împreună... *sarut iubitor*"
legitim,"Yun ah.cel ubi spune dacă Ì_ wan sună până mâine.sună la 67441233, caută-l pe Irene. A primit doar autobuzul 8,22,65,61,66,382. Ubi cres,ubi tech park.6ph pentru 1st 5wkg days.Ì¬n"
legitim,Uf. Trebuie să mă întorc la SD din la. Mă doare fundul.
legitim,26 IULIE
legitim,"Bună, am cel mai mult timp de relaxare! trebuie să ne trezim la 7 dimineața în fiecare zi! petrecerea a fost bună noaptea trecută? Ajung acasă mâine la 5."
legitim,Până la Ì_... ÌÏ wan veni apoi vino lor... Dar eu din c orice fustă cu dungi...
legitim,Povestea de Crăciun este pace.. Mesajul de Crăciun este dragoste.. Miracolul de Crăciun este Isus.. Aveți o lună binecuvântată înainte &amp; va doresc Craciun Fericit...
legitim,"Nu pot, nu am numărul ei!"
legitim,Schimbați-vă din nou... Este unul lângă scara rulantă...
legitim,"Totuși, sunt în clasă, nu poți să-i curgi apă ca să fie ok. Pls acum."
legitim,"Nu s-au întâmplat multe aici. Se simte foarte linistit. Beth este la mătușile ei, iar Charlie lucrează mult. Doar eu și Helen la mo. Cum ai fost?"
legitim,"Apoi Ì_ așteaptă-mă la stația de autobuz după ur lect lar. Dacă înțeleg Ì_, mă duc să-mi iau mașina, apoi mă întorc și aleg Ì_."
legitim,"Aight va merge, mulțumesc din nou pentru că ai venit"
legitim,"Nu, dar am auzit despre asta.."
phishing,"Vă rugăm să sunați la reprezentantul serviciului nostru pentru clienți la TELEFON GRATUIT 0808 145 4742 între orele 9:00 și 23:00, deoarece ați CÂȘTIGAT un premiu garantat de 1000 GBP în numerar sau 5000 GBP!"
legitim,Da..el este cu adevărat grozav..bhaji i-a spus lui Kallis cel mai bun jucător de cricket după Sachin din lume:).foarte greu de ieșit.
legitim,&lt;#&gt;  cred eu? Ar trebui să spun despre programă
legitim,Umma. A spus ceva
legitim,Dă-mi o secundă să mă gândesc la asta
phishing,Hdset Panasonic și Bluetooth GRATUIT. Nokia GRATUIT. Motorola GRATUIT și DoubleMins și DoubleTxt pe contract Orange. Apelați MobileUpd8 la 08000839402 sau sunați la 2optout
legitim,Nu prea știu ce să fac. Încă nu pot pune mâna pe nimeni. Te iau pe la 19.30 și putem vedea dacă sunt în cârciumă?
legitim,"Poyyarikatur,kolathupalayam,unjalur post,erode dis, &lt;#&gt; ."
legitim,"Dragă erou, plec în qatar tonite pentru o oportunitate potrivită. Vă rugăm să păstrați legătura la &lt;EMAIL&gt; ,kerala"
legitim,"Lol aș face-o, dar mama mea ar avea o criză și ar spune întregii familii cât de nebun și groaznic sunt"
legitim,"Tocmai am ajuns acasă iubito, încă ești treaz?"
legitim,Nu știu că se închid oridi nu... ÌÏ v ma fan...
legitim,Cumpără doar o pizza. Iubitorii de carne sau supremi. Poti sa alegi.
legitim,"Da, a spus... ea a întrebat ce contează?"
legitim,"Dragă, regret că nu am preluat apelul. Am condus în jos de la ctla acum la Cochin acasă. Mobilul lăsat în mașină..ente stil ishtamayoo? Bakrid fericit!"
phishing,"GRATUIT pentru prima săptămână! Numărul 1 Nokia tone 4 dvs. în fiecare săptămână, trimiteți mesaje NOKIA la 8007. Primiți mesaje și spuneți-le colegilor www.getzed.co.uk POBox 36504 W45WQ norm150p/tone 16+"
legitim,Să trimit acel exe la id-ul tău de e-mail.
legitim,Nu mă uit la televizor acasă... Nu ies afară. V plictisit...
legitim,Nu stiu... stai sa verific.
legitim,"Bună ziua în această glorioasă zi aniversară, dragul meu J !! Sper că acest lucru te va găsi fericit și mulțumit, Prada mea. Mă gândesc la tine și trimit un sărut tachinător de peste mare, imagini convinse cu suveniruri dragi... Tu Cougar-Pen"
phishing,Ghici ce! Cineva pe care îl cunoști în secret îi place! Vrei să afli cine este? Sună-ne la 09065394514 De la telefon fix DATEBox1282EssexCM61XN 150p/min 18
legitim,Suntem încă în seara asta?
legitim,Pot sa te sun mai tarziu te rog
legitim,Nu ăsta a fost tiparul recent la sfârşitul săptămânii?
legitim,Am o durere în gât. Sunt zgârieturi când vorbesc
legitim,Da da. Orice plm la biroul dumneavoastră
legitim,Nu ești prin preajmă sau doar încă dormi? :V
legitim,"Lol ai uitat eh? Da, îl voi aduce, iubito"
legitim,"E bine, vom găsi o cale"
legitim,Nu se pot folosi timbre străine în această țară. Bună prelegere.
legitim,"Da, baie Liao..."
legitim,LA MULȚI ANI OMUL MEU NR.1
legitim,"O, domnule Sheffield! Vrei să joci acel joc, bine. Tu ești șeful și eu sunt bona. Dă-mi o mărire de salariu și eu îți dau una!!"
legitim,ZOE DOAR M-A LOVIT 2 M-AM RACAT DE MINE IL DEFO ÎNCERCAȚI CU CEL MAI DRU 2 CUM 2MOROW LUV U MILLIONS LEKDOG
legitim,"Salut iubito, te-ai intors la mama ta? Configurați computerul acum? Îți umple burta? Cum merge iubitul? Deja mi-e dor de tine... *ofta*"
legitim,"Nu păturile mele sunt suficiente, mulțumesc"
legitim,"Micul gând obraznic: „E mai bine să flirtezi, să flirtezi și să flirtezi, decât să iubești pe cineva și să fii rănit, rănit și rănit...:-) Gud nyt"
legitim,"Edison a spus pe bună dreptate: \Un prost poate pune mai multe întrebări decât poate răspunde un înțelept\"" Acum știi de ce suntem cu toții fără cuvinte în timpul ViVa.. GM"
legitim,"Ei doar vorbesc, asta este. Ei nu vor altul."
legitim,"Astăzi merg la facultate, așa că nu pot să merg la curs."
legitim,Sunt în clasă. Va hola mai târziu
legitim,Ușor ah?sen a fost selectat înseamnă că este bine..
legitim,"Mmm, asta e mai bine acum am o friptură! Mi-ar fi mai bine dacă aș bea câteva pahare în jos 2! Indian bun?"
phishing,"Cunoaștem pe cineva pe care îl cunoști și care te iubește. Sună la 09058097218 pentru a afla cine. POBox 6, LS15HB 150p"
legitim,"Vino, este."
legitim,"Fă 1 lucru! Schimbați acea propoziție în: \Pentru că vreau să mă concentrez în cariera mea educațională, plec de aici..\"""""
phishing,"1000 flirtează ACUM! Trimiteți un mesaj GIRL sau BLOKE & dvs. NUMELE & VÂRSTA, de exemplu, GIRL ZOE 18 to 8007 to join and start chat!"
legitim,"Am mers o oră 2 c u! asta nu arată că îmi pasă, nu vei crede că sunt serios?"
phishing,18 zile până la startul Euro2004! Veți fi ținut zilnic la curent cu toate cele mai recente știri și rezultate. Dezabonare trimite GET EURO STOP la 83222.
legitim,Sunteți disponibil pentru o seară pe 3 iunie?
legitim,Nu noe la ce oră se închide locul unde vinde 4d?
legitim,"Am un alt loc de muncă! Aia de la spital care face analize de date sau ceva, incepe de luni! Nu sunt sigur când se va termina teza mea"
legitim,Jay devine cu adevărat nerăbdător și beligerant
legitim,"HIYA COMIN 2 BRISTOL 1 ST WEEK IN APRILIE. LES A COBIT + RUDI ÎN Ajunul ANULUI NOU, DAR SORĂIAM. ERAU BĂUT! Ești încă la facultate? MUNCA MEA TRIMITE CERNEALA 2 BAI."
legitim,sunt la serviciu. Vă rugăm să sunați
legitim,Atunci conduci lor.
legitim,Ard 515 like dat. Y?
legitim,Spune-mi că sunt femei :V ce faci? Noi decidem ce să obținem toți acum
phishing,Testul TV EASTENDERS. Cu ce ​​FLORE se compară DOT? D= VIOLETA E= TULIPĂ F= LILY txt D E sau F la 84025 ACUM 4 șanse 2 CÂȘTIGĂ å100 GBP Numerar WKENT/150P16+
legitim,Lucrez suport tehnic :)voice process.networking field.
legitim,S-ar putea să vin în Kerala pentru 2 zile. Așa că poți fi pregătit să iei concediu odată ce termin. Nu planifica nicio călătorie în timpul vizitei mele. Trebuie să termin lucrări urgente.
legitim,"Bine. Nu sunt sigur la ce oră, dar nu sunt sigur dacă pot ajunge la bibliotecă înainte de oră. Voi încerca. Ne vedem la un moment dat! Sa ai o ajun buna."
phishing,Avem date locale noi în zona dvs. - O mulțime de oameni noi înregistrați în ZONA DVS. Răspundeți DATE pentru a începe acum! 18 numai www.flirtparty.us REPLYS150
legitim,"E în regulă, o să te încurc mai târziu"
legitim,"Nu, mama mea a fost 2 dentist."
legitim,"Odată liber, sunați-mă, domnule. Te aştept."
legitim,Să te întâlnesc este munca mea. . . Spune-mi când îmi fac treaba mâine
phishing,Cineva pe care îl cunoști a cerut serviciului nostru de întâlniri 2 să te contacteze! Nu pot ghici cine? Sunați la 09058091854 ACUM toate vor fi dezvăluite. PO BOX385 M6 6WU
legitim,Doar termina de baie...
legitim,"Bine, mă voi asigura că mașina se întoarce în seara asta"
phishing,URGENT! Încercăm să contactăm U. Extragerea de astăzi arată că ați câștigat un premiu de 800 GBP GARANTAT. Sunați la 09050003091 de pe telefon fix. Revendicarea C52. Valabil doar 12 ore
phishing,"Dragă, ai fost invitat la XCHAT. Aceasta este ultima noastră încercare de a vă contacta! Trimiteți un mesaj CHAT la 86688"
legitim,Lul primesc niște bârfe suculente la spital. Două asistente vorbesc despre cât de îngrași sunt. Și cineva crede că este obeză. Oyea.
legitim,O să ajung pe fb în câteva minute
legitim,Oi. Ami parchi na re. Kicchu kaaj korte iccha korche na. Telefon ta tul na. Plz. Plz.
legitim,De unde pot descărca filme clare. Copii DVD.
legitim,"Da, după sculptura frumoasă"
legitim,Transmite-i salutul meu
legitim,Și eu mă uit doar la filmul surya. . .după ora 18.00 film vijay POKKIRI
legitim,"Spune ce s-a întâmplat să nu te comporți așa cu mine. Ok, nu e nevoie să spun"
legitim,Puteți primi mesaje cu poze pe telefon?
legitim,Trimite altcuiva :-)
legitim,"Ceea ce ii face pe unii oameni mai dragi nu este doar fericirea pe care o simti cand ii intalnesti, ci durerea pe care o simti cand iti este dor de ei!!!"
legitim,Pentru mine dragostea ar trebui să înceapă cu atracție. Ar trebui să simt că am nevoie de ea de fiecare dată în jurul meu. Ea ar trebui să fie primul lucru care îmi vine în gânduri. Aș începe ziua și aș încheia-o cu ea. Ar trebui să fie acolo de fiecare dată când visez. Dragostea va fi atunci când fiecare respirație va avea numele ei. Viața mea ar trebui să se întâmple în jurul ei. Viața mea va fi numită pentru ea. Aș plânge pentru ea. Îmi voi da toată fericirea. Voi da toată fericirea. de oricine pentru ea.Voi fi îndrăgostit când voi face cele mai nebunești lucruri pentru ea.Dragostea va fi atunci când nu trebuie să demonstrez nimănui că fata mea este cea mai frumoasă doamnă de pe întreaga planetă.Voi cânta mereu laude pentru ea.Dragostea va fi atunci când încep să fac curry de pui și ajung să fac sambar.Viața va fi cea mai frumoasă în fiecare dimineață. multe..voi spune mai tarziu..
legitim,"FR'NDSHIP este ca un ac de ceas. Deși V r în același ceas, V r nt able 2 sa întâlnit. Chiar dacă V se întâlnește, în doar 4 secunde. Bt V alwys rămâne conectat. Gud 9t;-)"
legitim,Nu cred că are mâini cu spatulă!
legitim,Nu poți face niciodată NIMIC
phishing,"Ai primit o cameră digitală SiPix! sunați la 09061221061 de la fix. Livrare in 28 de zile. T Cs Box177. M221BP. 2 ani garantie. 150 ppm. 16 . på 3,99 GBP"
legitim,Bună dimineața astăzi am întârziat pentru &lt;DECIMAL&gt; min.
phishing,"CÂȘTIGĂ URGENT! Numărul dvs. de mobil a fost premiat cu un premiu GARANTAT de 2000 GBP, sunați la 09061790121 de la telefon fix. revendica 3030 valabil 12 ore doar 150 ppm"
legitim,"Vă rog să-mi spuneți orice greșeală din partea mea, îmi pare rău. Te rog, mergi la doctor."
legitim,Unde ne întâlnim?
legitim,"Ei bine, vremea în Cali este grozavă. Dar complexitățile sale sunt mari. Ai nevoie de o mașină pentru a circula liber, taxele ei sunt revoltătoare. Dar, în general, este un loc grozav. Partea tristă este că îmi lipsește acasă."
legitim,Acum doar am ajuns acasă. . . Sunt foarte obosit acum. . voi veni maine
legitim,Ryder nevândut.acum gibbs.
phishing,"Stimate abonat, la extragerea unui voucher cadou de 4 å100 GBP va fi introdus la primirea unui răspuns corect. Când a fost ziua lui Elvis Presley? Răspuns TXT la 80062"
legitim,Nu te supăra. Voi cumpăra benzile de testare pentru ovulație și ți le voi trimite. Nu le vei primi până în martie. Îmi poți trimite adresa poștală. O să fie bine. Bine.
legitim,FARA CADOURI!! Încerci să mă faci să mă arunc de pe o stâncă sau așa ceva?
legitim,Am făcut nimic interesant. Ai avut o zi de naștere bună? Când lucrezi nxt? Am început azi la facultate.
legitim,Ești ocupat sau pot să trec la un moment dat și să-mi dau seama ce facem mâine
legitim,"Da, continuă, plictisit și deprimat stând așteptând să sune telefonul... Sper totuși că vântul va scădea, înfricoșător"
legitim,Cămașă neagră și blugi albaștri... cred că Ì_...
legitim,"Aiyah, scuze lor... Mă uit la televizor până am uitat să-mi verific telefonul."
phishing,"Mesaj Informații importante pentru utilizatorul O2. Astăzi este ziua ta norocoasă! 2 aflați de ce vă autentificați pe http://www.urawinner.com, vă așteaptă o surpriză fantastică"
legitim,în noaptea găinilor. Merg cu un leagăn
legitim,"Bună ziua, iubirea mea. Cum decurge ziua ta? Ce aveți de gând să faceți ? M-am trezit devreme și sunt online și te aștept... Hmmm... Băiatul italian este online, văd. *zâmbește*"
legitim,De la cineva care nu fumează când de fiecare dată când am fumat în ultimele două săptămâni este din cauza că mi-ai sunat sau mi-ai trimis un mesaj că vrei să fumezi
legitim,"Nu, o să te doare capul încercând să-ți dai seama. Poți avea încredere în mine să fac calculele. Iţi promit. O:-)"
legitim,S s..prima oară..dhoni rocks...
legitim,"Ok, voi spune companiei"
legitim,"Minunat, crezi că putem obține un 8 la usf în seara asta?"
legitim,Deci asta înseamnă că încă te gândești la teju
legitim,"Nu, sunt bun pentru film, e ok dacă plec într-o oră?"
legitim,"Nu, nu:) acesta este terenul de origine al Kallis. Orașul natal este Durban:)"
legitim,"Deci, să o facem sâmbătă sau luni după comoditate."
legitim,Hei... La ce oră conduci vineri? Mergem la evaluare vineri?
phishing,"449050000301 Ați câștigat un preț de 2.000 GBP! Pentru revendicare, sunați la 09050000301."
legitim,"Mă duc 4 prânz acum cu familia mea, apoi după ce merg pe str. 2 livadă lor."
phishing,"Te-ai plictisit de speed dating? Încearcă SPEEDCHAT, txt SPEEDCHAT la 80155, dacă nu-ți place, txt SWAP și obține o nouă discuție! Chat80155 POBox36504W45WQ 150p/msg rcd 16"
legitim,Anulați cheyyamo? și primiți niște bani înapoi?
phishing,Doriți 750 oricând orice rețea min 150 text și un telefon video NOU pentru doar cinci lire pe săptămână sunați la 08000776320 acum sau răspundeți pentru livrare mâine
legitim,Ok.ok ok..atunci...care este planul de azi
legitim,Buna dimineata printesa! Ce mai faci?
legitim,"Aiyar scuze, dar am uitat 2 spune-ti..."
phishing,"Pentru că ai participat ieri la sondajul nostru mobil! Acum puteți avea 500 de texte pe care le puteți utiliza oricum doriți. 2 obțineți mesaje, trebuie doar să trimiteți TXT la 80160 T&C www.txt43.com 1,50p"
legitim,"Nu în seara asta amice. Recuperând puțin somnul. Apropo, acesta este noul meu număr."
legitim,"Înălțimea situației \Oh rahat....!!\"": un tip aruncă o scrisoare de dragoste unei femei, dar cade în capul fraților ei care este gay"
phishing,"Soldul de numerar al testului HMV este în prezent de 500 GBP - pentru a maximiza încasările, trimiteți acum HMV1 la 86688 doar 150p/msg"
legitim,"Așa că verifică-ți erorile și dacă ai avut dificultăți, corectează."
legitim,Cum durere? sper ca esti bine...
legitim,"Scuze, o să sun mai târziu"
legitim,Buna dimineata printesa! Ce mai faci?
legitim,"Când am intrat în cabina mea, PA-ul meu a spus: „La mulți ani șefu!”. M-am simțit special. Ea mi-a cerut 4 prânz. După prânz, m-a invitat în apartamentul ei. Ne-am dus acolo."
legitim,te-ai trezit deja? Thanx 4 e tau sar piah it's pretty nice.
legitim,K am nevoie de un login sau altceva
phishing,Nu uitați că puteți plasa câte solicitări GRATUITE pe 1stchoice.co.uk doriți. Pentru mai multe informatii sunati la 08707808226.
legitim,"LOL... Nu, doar eram ocupat"
legitim,Ce porți?
legitim,"Mesaj: lipsește ceva text* Expeditor: Nume lipsește* *Număr lipsește *Trimis:Lipsește data *Lipsește foarte mult, asta e totul lipsește trimis prin fullonsms.com"
legitim,Oh:)ca de obicei filmul vijay sau este diferit?
phishing,Nu te cunosc și nu mă cunoști. Trimite CHAT la 86688 acum și hai să ne găsim! Doar 150p/Msg rcvd. HG/Suite342/2Lands/Row/W1J6HL LDN. 18 ani sau peste.
legitim,"Ai avut o zi buna? Al meu era foarte ocupat, te trezești mâine seară?"
legitim,Și există vreo modalitate prin care poți să-i trimiți lucrurile lui Shade? Și ea a fost minunată.
legitim,Într-adevăr... Tot hârtia sa încheiat cu mult timp în urmă... Dar ce ai copiat și acum te-ai folosit? E fericit lar... mai am 2 studii :-(
phishing,"Mulțumesc, câștigător anunțat prin sms. Noroc! Niciun răspuns de marketing viitor STOP la 84122 servicii clienți 08450542832"
legitim,Iubito? te-am pierdut... :-(
legitim,Ok... Ajută-mă să întreb dacă lucrează și nu?
legitim,Nu conduc... Plouă! Atunci o să fiu prins la stația mrt lor.
legitim,Nici o picătură în rezervor
legitim,"(Asta a spus, îi poți trimite mesaj încă o dată?)"
legitim,"Scuze, o să sun mai târziu"
legitim,"Ok, ma schimb si eu..."
phishing,"1000 de fete multe locale 2 u care sunt virgine 2 asta și sunt pregătite pentru a satisface orice nevoie sexuală. Poți să le faci pe ale lor? trimiteți un mesaj cu CUTE la 69911 (å1,50 GBP/m)"
legitim,Ai găsit o îngrijitoare pentru Kaitlyn? Am fost bolnav și am dormit toată ziua ieri.
legitim,"Îmi pare rău, omule, mi-am lăsat accidental telefonul în tăcere aseară și nu l-am verificat până nu m-am trezit"
legitim,Hei.. Sa întâmplat ceva în ultimul minut.. Cred că o să mă înscriu tmr.. Hee
legitim,Este un adult și ar învăța din experiență. Nu există niciun pericol real. Pur și simplu nu-mi plac peeps care folosesc droguri de care nu au nevoie. Dar nici un comentariu
legitim,Hei! Există pizza cu legume... :/
legitim,Yun cumpără... Dar școala a primit o ofertă de 2000 plus doar...
legitim,Ești sigur că vecinii tăi nu l-au ridicat
legitim,K. Îl voi trimite din nou
phishing,"Intrare gratuită în 2 comp. pe săptămână pentru a câștiga finala Cupei FA, 21 mai 2005. Trimiteți un mesaj cu FA la 87121 pentru a primi întrebarea de intrare (tarifa standard de text) Se aplică condițiile 08452810075pentru 18 ani"
legitim,"Teorie nouă: Argumentul câștigă d SITUAȚIA, dar pierde PERSOANE. Deci nu te certa cu prietenii tăi doar... . . da-i cu piciorul &amp; spune, am întotdeauna dreptate.!"
legitim,Bine. Sunt fără computer. E timpul să faci niște trufe oreo
legitim,"Haha, da, văd asta acum, fii acolo într-o secundă"
legitim,"Nu am numărul ei, domnule"
legitim,Lol acum sunt după acel balon cu aer cald!
legitim,"Bine . . acum sunt in autobuz. . Dacă vin curând, vin altfel mâine"
legitim,"Mesajul nu trece timpul. Ei spun în tăcere că mă gândesc la tine chiar acum și, de asemenea, te fac să te gândești la mine cel puțin 4 pe moment. Gd nt.swt drms @Shesil"
legitim,"Da, probabil că putem trece pe lângă colegul meu de cameră termină cu fata lui"
phishing,"Ai ce este nevoie pentru a participa la Raliul WRC din Oz? Poți cu Lucozade Energy! Text RALLY LE la 61200 (25p), vezi pachetele sau lucozade.co.uk/wrc și ai putea fi tu!"
legitim,Melodia de la mulți ani!
legitim,ÌÏ trebuie să-ți alegi prietena?
legitim,Yay! Ar fi bine să nu le fi spus asta nici altor 5 fete.
legitim,"Îngrozitor mănânci macs mănâncă până când m-ai uitat deja rit... Durează atât de mult 2 răspunsuri. Cred că este mai mult decât b4, așa că b pregătit. Acum ce să mănânc?"
legitim,"A spus cât de fantastic sunt eu din întâmplare, sau ceva are nevoie de o creștere a vieții mai mare ca pierderea voinței 2 în viață, crezi că aș fi prima persoană 2 moare din N V Q?"
legitim,Tocmai acum am venit la hme da..
legitim,"Sunt în afara insulelor, îndreptați-vă spre hard rock și veți da peste mine"
legitim,"În ziua de azi, nu există cursuri."
legitim,Sunt in Chennai velachery :)
legitim,Ți-ai mai răsturnat rahatul?
legitim,"K lasă-mă o secundă, rupând un &lt;#&gt;  la cstore"
legitim,Sunt atât de rău să evit așa ceva?
legitim,"Eu, ești prin preajmă? Tocmai mi-am luat mașina înapoi"
legitim,Enervant nu-i asa.
legitim,"Bună dimineața, azi am întârziat la &lt;#&gt; min."
legitim,N-are rost să te agăți de mr not right dacă nu te face fericit
legitim,Totul va prinde viață. Mai bine corectați orice figură arătătoare acolo în sine..
legitim,"În acest caz, cred că ne vedem la cabana campusului"
legitim,am terminat...
legitim,"Vino la mine acasă pentru ultima oară, nu voi face nimic. Aveţi încredere în mine."
legitim,Am fost treaz toată noaptea și îmi fac griji pentru această aplicație. Este păcat că am ratat o seară de fete cu chestionare floricele de porumb și tu îmi faci părul.
phishing,"Faceți sex pe mobil cu o poză sexy GRATUITĂ cu Iordania! Trimite mesaj lui BABE la 88600. Apoi, în fiecare săptămână, primești o celebritate sexy! PocketBabe.co.uk Încă 4 poze. 16 å3 GBP/săptămână 087016248"
legitim,Ok... da...
phishing,Ai 1 mesagerie vocală nouă. Vă rugăm să sunați la 08719181503
legitim,Ce a spus el nu este problema. Mintea mea spune că există o altă chestiune.
legitim,Știe și despre meniul de prânz numai da. . Știu
legitim,"Tot ce face este să se plângă de mine dacă nu merge bine, e vina mea și al argumentelor, e vina mea și sătul de el de el, așa că te deranjezi? Hav 2go, thanx.xx"
legitim,Tranzacție NEFT cu numărul de referință &lt;#&gt;  pentru Rs. &lt;DECIMAL&gt;  a fost creditat în contul beneficiarului la &lt;#&gt;  la &lt;TIME&gt; : &lt;#&gt;
legitim,"În rest, a avut loc de muncă cu jumătate de normă na-scolarizare.."
legitim,Știu că m-a sunat
legitim,"Și eu da, simt că ieri noapte aștept până la 2 zile noapte dragă."
legitim,Mulțumesc pentru înțelegere. Am încercat să-i spun surei asta.
phishing,CÂȘTIGĂ un an de aprovizionare de CD-uri 4 un magazin la alegere în valoare de å£500 și înscrie-te la extragerea noastră săptămânală de å£100 txt MUSIC la 87066 Ts&Cs www.Ldew.com.subs16+1win150ppmx3
legitim,"Toată mașina le-a apreciat pe ultimele două! Tata și au un semicert pentru citirea hărții, dar în afară de asta lucrurile merg bine. P."
phishing,"Ca abonat SIM, sunteți selectat pentru a primi un Bonus! Primiți-l la ușă, trimiteți textul OK la Număr: 88600 pentru a revendica. 150p/msg, EXP. 30 apr"
legitim,Am nevoie să fii în brațele mele puternice...
legitim,"De asemenea, maaaan, pierzi"
legitim,Ziua lui reală este în aprilie.
legitim,Bănuiesc că nu vei fi aici înainte de 9?
legitim,"Ok, vin la tine acasă după o jumătate de oră"
legitim,"Ei, jocul aproape s-a terminat? Vrei să mergi la Walmart în curând"
legitim,"Da, probabil, dar nu sigur. Vreau să vă anunț, dar personal nu m-aș deranja, apoi din nou, dacă mergeți la asta, și eu aș face!!"
legitim,Voi trimite mesaje acum! Tot înfiorător ca să nu creadă că am uitat
legitim,"ar fi bine Û_ Te sun la ora prânzului, să organizez ceva?"
phishing,Ai 1 mesagerie vocală nouă. Vă rugăm să sunați la 08719181513.
legitim,"La naiba, poți să ajungi în seara asta sau vrei să aștepți până mâine"
legitim,K..k..si eu sunt bine:) cand vei termina cursul?
legitim,"Adevărat. Este acceptabil. Și dacă obții un punctaj mare și aplici pentru doctorat, primești 5 ani de salariu. Așa că face viața mai ușoară."
phishing,Nokia Tone 4 numărul 1 în fiecare săptămână! Doar trimite NOK la 87021. Primul ton GRATUIT! așa că ia txtin acum și spune-le prietenilor tăi. 150p/ton. 16 răspuns HL 4info
legitim,Prakesh este acolo.
legitim,Învață-mă aplicațiile da. Când vii la facultate.
legitim,Rofl betta investește în unele produse anti-îmbătrânire
phishing,Sunteți câștigător. Ați fost selectat în mod special 2 primiți 1000 GBP cash sau o vacanță de 4* (zboruri inclusiv) vorbiți cu un operator în direct 2 revendicare 0871277810810
legitim,"domnule, veți primi contul în altă oră. Scuze pentru întârziere."
phishing,Răspundeți cu numele și adresa dvs. și VOI PRIMI PRIN POSTĂ o săptămână de cazare complet gratuită în diferite locații globale www.phb1.com ph:08700435505150p
legitim,Deci Ì_ va trimite un proiect tmr rite?
phishing,Intrare GRATUITĂ în compensația noastră săptămânală de 250 GBP doar trimiteți cuvântul ENTER la 84128 ACUM. 18 T&C www.textcomp.com Cust care 08712405020.
legitim,Doar ca mine lar. Nu vei da mai târziu.
legitim,Vreau să trimit ceva care se poate vinde rapid.  &lt;#&gt; k nu sunt bani ușori.
legitim,au * puține lucruri de făcut. poate fi în * pub mai târziu.
legitim,"Am terminat întâlnirea, sună-mă."
legitim,Lol ok. Îi voi smulge și eu poșeta.
legitim,"\Hello-/@drivby-:0quit edrunk sorry iff pthis makes no sentrd-dnot no how ^ dancce 2 drum n basq!ihave fun 2nhite x ros xxxxxxx\"""""
legitim,Parerea ta despre mine? 1. Peste 2. Jada 3. Kusruthi 4. Iubitor 5. Tăcut 6. Caracter Spl 7. Nematurat 8. Elegant 9. Simplu Răspundeți..
legitim,Cât primim?
legitim,Hârtia este dimineața sau după tmr?
legitim,"Dragă eliberată de westonzoyland, toți vor planifica și acest sfârșit!"
legitim,Sper că aveți un nou semestru grozav. Vă doresc tot ce este mai bun. Ești făcut pentru măreție.
legitim,"Oh, da, pot vorbi txt 2 u nu! Hmm. Ai primit email?"
legitim,"Vreau să-ți arăt lumea, prințesă :) ce zici de Europa?"
legitim,Nimeni nu poate decide unde să mănânce și tata vrea chineză
legitim,Nu mă împușcă. Sunt în sala de așteptare a documentelor. :/
legitim,Acum? Voi ieși la 4 cină în curând...
legitim,"Bună, care site-ul pentru a descărca melodii este urgent pls"
legitim,"Știu ce vrei să spui, este regele de a nu avea credit! Mă duc la pat acum. Noapte noapte dulce! Doar 1 mai dormi!"
legitim,O fată îngrozitoare. Eu fac niște chestii. Cum de l-ai luat pe mc?
legitim,"Bună HUN! NU VIN 2NITE-TELL EVERY1 IM SORRY 4 ME, HOPE TU AVA BOODTIME!OLI RANG MELNITE IFINK IT MITE B SORTED,DAR IL EXPLICA TOTUL PE MON.L8RS.x"
legitim,"Te sun mai târziu, nu am rețea. Dacă este urgent, sms-mi."
legitim,Ummmmmaah Multe multe reveniri fericite din ziua mea draga mea dulce inima.. LA MULȚI ANI dragă
phishing,Vă rugăm să SUNAȚI imediat 08712402779 deoarece vă așteaptă un mesaj urgent
legitim,"Da, de parcă ar merge așa cum s-a întâmplat cu prietenii mei, îmi întorc rahatul într-o jumătate de oră"
legitim,"Mama spune că vrem să mergem, apoi să mergem... Atunci poate evita expoziția de bian Watch da Glass..."
legitim,Care este planul tău pentru Pongal?
legitim,"Așteptați până la sfârșitul lunii martie, când El Nino se va prinde. Oh."
legitim,"Încă nu chikku.. merg în camera nw, sunt în autobuz.."
legitim,"De asemenea, fac doar în cbe. Dar trebuie să plătească."
legitim,"Dragă, mi-e dor de tine."
legitim,"Am trimis JD pentru Customer Service cum Accounts Executive la ID-ul de e-mail, Pentru detalii contactați-ne"
legitim,"Eu, sunt la părinții mei să iau bani. Vești bune: am luat o tulpină de jos"
legitim,"Multumesc mult. Când am trimis prin sky kz și sura, nu am primit plăcerea companiei dvs. Sper că ești bun. Ți-am dat ultimatum oh! Suntem numărătoarea inversă până la aburo. Bucurați-vă!"
phishing,"Băieții homosexuali foame li se simt foame și până acum. Sună la 08718730555 doar 10p/min. Pentru a opri mesajele, sunați la 08712460324 (10p/min)"
legitim,Bine. Nu wahala. Amintește-ți doar că un prieten la nevoie...
legitim,O sa vad in jumatate de ora
legitim,"Sunt în inperialmusic ascult 2 cea mai ciudată piesă vreodată de åÓleafcutter johnåÓ-suna ca insecte molestate și cineva la instalații sanitare, remixată de oameni răi pe acid!"
legitim,"\Hei, îmi pare rău că nu ți-am dat o nădejde mai devreme"
legitim,SERIOS. SPUNE-I ACEA CUVINTE EXACTE CHIAR ACUM.
phishing,Poti lua 2 telefoane ACUM? Vreau să discutăm 2 stabiliți o întâlnire Sună-mă ACUM la 09096102316 Poți veni aici 2moro Luv JANE xx Callså £1/minmoreremobsEMSPOBox45PO139WA
legitim,"Tee hee. Plec la prelegere, la revedere vesel."
legitim,"Îmi pare rău Chikku, mobilul meu a avut o problemă, nu am putut să-ți răspund sau să-ți răspund un mesaj."
legitim,"Dacă încă nu ați adunat aluatul, vă rugăm să-mi spuneți ca să mă pot duce la locul în care l-am trimis pentru a obține numărul de control"
legitim,Bine...
phishing,operator de rețea. Serviciul este gratuit. Pentru T & C vizitați 80488.biz
legitim,Spune-mi cum să te contactez. Te-am instalat într-o cameră. Să știi că ești ok.
legitim,Vrei să fii ciudat?
legitim,Pot face lor...
legitim,"Nu puneți telefonul în modul silențios, ok"
legitim,Pot să mă întâlnesc cu Ì_ la 5.. Ca 4 unde depinde de unde Ì_ wan 2 în lor..
legitim,Aștept să înceapă emisiunea mea tv 2... Sunteți încă ocupat cu raportarea dvs.?
legitim,Oh ho. Este prima dată când folosești acest tip de cuvinte
legitim,Sunt singurul care nu urmărește profiluri?
legitim,"Citat mereu verde spus vreodată de Jerry în desene animate \O persoană care te irită întotdeauna este cea care te iubește foarte mult, dar nu reușește să-l exprime...!...!! :-) :-) gud nyt"""
legitim,Da asa am crezut. Mulţumesc.
legitim,"Dar dacă ea bea, sunt bine."
legitim,"Mă întrebam, ceilalți pur și simplu au decolat"
legitim,"Noaptea s-a terminat pentru încă o zi, dimineața a venit într-un mod special. Fie ca tu să zâmbești ca razele de soare și să-ți lași grijile în golful albastru și albastru. Gud mrng"
legitim,"Ce faci, câinele meu? Trebuie să aștept mereu până la sfârșitul zilei tale pentru a primi un cuvânt de la tine? Ai rămas fără timp pe mobil?"
legitim,La multi ani si tie!
legitim,"Hei... Ofertă bună... Tur al fermei între 9:00 și 17:00 95 USD/pers, depozit de 50 USD până pe 16 mai"
legitim,Eat jap done oso aft ur lect wat... ÌÏ am lect at 12 rite...
legitim,"Hei iubito! Am văzut că te-ai conectat pentru o secundă și apoi ai dispărut, ce s-a întâmplat?"
legitim,"Da data mea de naștere din certificat este în aprilie, dar data reală este astăzi. Dar nu-l publica. Îți voi oferi un tratament special dacă păstrezi secretul. Oricum multumesc pentru urari"
legitim,La mulți ani... Fie ca toate visele tale să devină realitate...
legitim,"Aiyah, ai făcut deja bine. E nydc la blocaj?"
legitim,Spune-i că am zis să mănânci rahat.
legitim,"Sigur! Conduc, dar voi ajunge la destinație în curând."
legitim,"K la fel și eu, cât de mult pentru un 8? Cincizeci?"
legitim,Textul tău zilnic de la mine ÛÒ o favoare de data aceasta
legitim,"Mă bucur să aud că te simți bine. Deci, ce se întâmplă cu ola?"
legitim,"Nenorocii aceia. Dacă te face să te simți mai bine, iPad-urile sunt articole de gunoi fără valoare și ar trebui să te simți rău chiar dacă vrei unul"
legitim,Am să ajungi la Liao. A spus tricou.
legitim,"FRAN M-am hotărât că 2 mergem în sensul că am rupt complet o sticlă m-am trezit de 3 C U 2MRW LOVE JANX P.S Ăsta e telefonul tăticilor mei, fără credit"
legitim,Nu pot alege telefonul acum. Vă rugăm să trimiteți un mesaj
legitim,Dreptul tău! O să fac programarea chiar acum.
legitim,Desemnarea este dezvoltator de software și poate fi ea să obțină Chennai:)
phishing,Bucurați-vă de clubul de aur Jamster videosound cu creditele dvs. pentru 2 videosounds noi+2 logo-uri+musicnews! distracție mai mare de la jamster.co.uk! 16+doar Ajutor? sunați: 09701213186
phishing,"Obțineți tonuri de 3 Lions England, răspundeți lionm 4 mono sau lionp 4 poly. 4 more go 2 www.ringtones.co.uk, originalul n best. Tonuri Se aplică tarife de operator de rețea de 3 GBP"
legitim,I jokin oni lar.. ÌÏ busy then i wun disturb Ì_.
legitim,"Ok, fii atent! Nu trimite mesaje și conduce!"
legitim,"Voi fi mereu acolo, chiar dacă este doar în spirit. Voi primi un bb în curând. Încerc doar să fiu sigur că am nevoie de el."
legitim,Ești prea aproape de inima mea. Dacă pleci voi fi spulberat. Te rog stai cu mine.
legitim,Te iubesc 2 iubito! Ești sigur că totul este bine. Este el un idiot? Txt bak girlie
legitim,Cum ar fi să măresc unele dintre poze?
legitim,"Am, dar am 2 culori. O culoare este destul de deschisă, iar cealaltă este mai închisă. De fapt, am terminat, ea îmi coafa părul acum."
legitim,"Când ești trist, când ești gri, Amintește-ți că sunt aici 2 ascultă 2 vrei să spui, Doar mergi cu mine puțin,&amp; Îți promit că îți voi aduce zâmbetul înapoi. :-)"
legitim,"De ce nimic. Ok oricum, da-mi un rasfat"
phishing,"Câștigă cel mai nou ÛÏHarry Potter și Ordinul Phoenix (Cartea 5) răspunde HARRY, răspunde la 5 întrebări - șansa de a fi primul dintre cititori!"
legitim,Bine...
legitim,Corecta. Deci cum a fost munca azi
legitim,"Tocmai trimis din nou. Țipi și gemi în pat, prințesă?"
legitim,"M-am trezit deja de mult... Nu știu, ce altceva?"
legitim,"Oh, doar mă împăresc cu tine... tu?"
legitim,"Cred că 50 sunt ok, a spus plus minus 10.. A lăsat Ì_ o linie între paragrafe?"
legitim,"Poti sa ma suni te rog. Numărul dvs. apare în afara zonei de acoperire. Am apel urgent în vasai &amp; trebuie să ajungă înainte de ora 4, așa că sună-mă te rog"
legitim,"Da, Jay e un fel de retardat"
legitim,"Scuze, eram în baie, sup"
phishing,Soldul dvs. este acum de 500 GBP. Următoarea întrebare este: Cine a cântat „Uptown Girl” în anii ’80? 2 răspunsuri txt ur RĂSPUNS la 83600. Mult succes!
legitim,Examenul meu este pentru 4 februarie. O zi minunată vă doresc.
legitim,"Nu știu ce să fac ca să ies din asta, așa că doar pun întrebări ca aceasta, nu mă înșela."
legitim,"Nu te grăbi, o să-l întreb pe Jay"
legitim,"Bună dimineața, vă rog să mă sunați, domnule"
legitim,E ok lar. Dormi și tu devreme... Noapte...
legitim,"Oh... Icic... Klor, den meet zilele trecute..."
legitim,"Oh! O jumătate de oră este mult mai lungă în Siria decât în ​​Canada, nu? Wow, trebuie să faci mult mai multă muncă într-o zi decât noi cu tot acest timp suplimentar! *zâmbește*"
legitim,"Uneori ne punem ziduri în jurul inimii, nu doar pentru a fi în siguranță să nu fim răniți.. Ci pentru a afla cui îi pasă suficient de mult încât să spargă zidurile &amp; apropie-te.. Buna amiaza:)"
legitim,"Dragă, putem sau nu să mergem la 4U să-l întâlnim pe Carlos, așa că măsoară interesul lui Patty pentru asta"
legitim,Atunci cumpără azi? ÌÏ nu e nevoie să mă înțelegi...
legitim,Îmi pare rău că am nevoie de zece ani să fac duș. Care este planul?
legitim,În fiecare luni... săptămâna viitoare vl fi finalizat..
legitim,Poate că sunt acolo.
legitim,"Doar să se răcească încă 6 ore. Dacă ai putea dormi, durerea nu este o urgență chirurgicală, așa că vezi cum se desfășoară. Bine"
legitim,"Da, voi încerca să găsesc ceva"
legitim,"Nebun că e căsătorit. ÌÏ ca niște băieți în căutarea lui D.M., nu eu. Frenii mei spun că este preferatul coreean al Leonei, dar nu cred că este. După ce mă gândesc, poate cel mai probabil voi merge."
legitim,Eram undeva pe Fredericksburg
legitim,Que pases un buen tiempo sau ceva de genul ăsta
legitim,E bine dacă stau noaptea aici? Xavier are un sac de dormit și eu obosesc
legitim,Ea nu are nevoie de niciun test.
legitim,"Nimic prea mult, stai acasă. Vreun plan de super bowl?"
phishing,"FREE2DAY poză sexy de Ziua Sf. Gheorghe cu Iordania! Trimiteți PIC la 89080, nu ratați, apoi în fiecare săptămână o celebritate neplăcută! Încă 4 poze c PocketBabe.co.uk 0870241182716 å£3/săptămână"
legitim,Bugis oso lângă wat...
legitim,"Nu există nicio clasă tmrw, nu?"
legitim,Lăsați Ur Inima să fie Ur Busolă Ur Mind Ur Harta Ur Suflet Ur Ghid și Nu vă veți pierde niciodată în lume....gnun - Trimis prin WAY2SMS.COM
legitim,"Noapte bună, dormi bine, te rog, ai grijă. Vă rog."
legitim,Baaaaabe! Mi-e dor de tineuuuu! Unde ești ? Trebuie să merg să-mi predau clasa la 5...
legitim,Transmite-i salutul meu
legitim,Trebuia să-l convingi că nu este posibil să-i rănești sentimentul principal
legitim,"Buna seara iubiti! Cum merge ziua? V-a venit ceva noroc în cale? Mă gândesc la tine, scumpo și trimit iubirea mea peste mare pentru a te face să zâmbești și să te bucuri"
legitim,"Dacă încep să trimit lanternă cu mure în Nigeria, vei găsi un cumpărător pentru mine? ca 4 pe lună. Și spune-i tatălui să nu cumpere bb de la nimeni."
legitim,"&lt;#&gt; %din oameni se căsătoresc cu iubiții lor... pentru că ei au înțeles că evită problemele. Am trimis dis 2 u, veți primi știri vineri de la persoana care vă place. Și mâine va fi cea mai bună zi din viața ta. Nu rupe acest lanț. Daca te rupi vei suferi. trimite aceasta la &lt;#&gt;  frnds în &lt;#&gt;  minute cand citesti..."
legitim,"Omule, ghici cine tocmai a fost arestat zilele trecute"
legitim,Shuhui spune schimbarea 2 suntec vaporul cu aburi? nu unde? Unde esti acum?
legitim,Ce face râul dansului?
legitim,"Yetunde, îmi pare rău, dar eu și Moji par prea ocupați pentru a putea merge la cumpărături. Poți doar să găsești o altă modalitate de a obține ceea ce ai vrut să obținem. Te rog să mă ierţi. Puteți răspunde gratuit prin Yahoo Messenger."
legitim,"Hei, voi întârzia destul de mult... Vrei să mergi mai întâi la lecție? Mă voi alătura ție. Ajung doar la tp mrt"
phishing,"HOT LIVE FANTASIES sună acum 08707509020 Doar 20p pe minut NTT Ltd, PO Box 1327 Croydon CR9 5WB 0870..k"
legitim,Grătarul asta a stat la mine de la 6. Bine ați venit
legitim,"Nu știu, același lucru care este greșit de multe ori, el intră în panică și începe să nu fie suficient de bun Û_"
legitim,În regulă. Am plecat... o noapte bună!
legitim,Ai încercat să faci un alt fund?
legitim,Sper că te simți grozav. Vă rog să mă completați. Abiola
legitim,"Am crezut că vom ieși și să ne distrăm puțin, așa că un bar în oraș sau ceva de genul ÛÒ sună bine?"
legitim,"1) Treceți la scrierea mesajului 2) Activați modul Dicționar 3) Acoperiți ecranul cu mâna, 4) Apăsați &lt;#&gt; . 5) Îndepărtați ușor mâna Ur.. Este interesant..:)"
phishing,"Urșii Pic Nick, și Tom, Pete și... Dick. De fapt, toate tipurile încearcă chatul gay cu încărcare de fotografii, sunați la 08718730666 (10p/min). 2 mesaje de oprire sunați la 08712460324"
phishing,"500 de telefoane mobile noi din 2004, TREBUIE ALE! Txt: NOKIA la nr: 89545 și adunați-l pe al dvs. astăzi! DE LA NUMAI å£1 www.4-tc.biz 2optout 087187262701.50gbp/mtmsg18 TXTAUCTION"
legitim,Suntem în sfârșit gata pentru informații
legitim,Mătușa huai juan nu ridică niciodată telefonul
phishing,Double Mins & Double Txt & 1/2 preț Linie închiriere pe cele mai recente telefoane mobile Orange Bluetooth. Apelați MobileUpd8 pentru cele mai recente oferte. 08000839402 sau call2optout/LF56
legitim,"Da tel, e problema ta..."
phishing,Nokia Tone 4 numărul 1 în fiecare săptămână! Doar trimite NOK la 87021. Primul ton GRATUIT! așa că ia txtin acum și spune-le prietenilor tăi. 150p/ton. 16 răspuns HL 4info
legitim,nu vreau sa vorbesc cu tine
legitim,"Ne petrecem zilele așteptând ca în fața noastră să apară calea ideală.. Dar ceea ce uităm este.. \căile se fac mergând.. nu așteptând..\""Noapte bună!"""
legitim,E în regulă brațul meu se simte slab pentru că am avut o împușcătură ca să putem merge altă dată
legitim,Vă rugăm să rezervați bilet sâmbătă ajun de la Chennai la Thirunelvali și din nou de la Tirunelvali la Chennai duminică... văd deja pe net..niciun bilet disponibil..Vreau să rezerv bilet prin tackle..
legitim,"Mesaj de furtună: Când ridicați telefonul, spuneți \HELLO\"" Știți ce înseamnă adevăratul cuvânt al lui HELLO?? . . . Este numele unei fete...! . . . Da .. Și știți cine este acea fată?? \""Margaret Hello\"" Ea este o fată a lui Grahmbell. Cine poate suna... 4get d numele unei persoane"
legitim,Asta e ok. Am intrat să întreb ceva și ea a spus că ai fost.
legitim,Toate e cele mai bune 4 ur examen mai târziu.
legitim,"Sper că nu te doare capul 2 prea mult! Îmi fac drum printr-o grămadă de călcătorie! Rămâneți cu un chinky în seara asta, veniți, dacă doriți."
legitim,Oh k.cred că majoritatea jucătorilor wi și nz nu s-au vândut.
legitim,"Haha... Unde s-a slăbit atât de repede, cred că muz merge 4 pe lună, a avut efect... Mai târziu, vom pune în greutate."
legitim,"Mă întreb cum ai ajuns online, iubirea mea? Te-ai dus la net cafe? Ți-ai reîncărcat telefonul? Ai fost pe o rețea de prieteni? Mă gândesc la tine, băiete"
legitim,"Haha glumesc, tata are nevoie de droguri"
legitim,"Thk shld b pot... Da, vreau să merg 4 lecții... Haha, pot merge pentru o întindere întreagă..."
legitim,ah ok..
legitim,R ne întâlnim încă 4 cina diseară?
legitim,Asta e tare! Sunt un domn și te voi trata cu demnitate și respect.
legitim,Să încep de la auzi.
legitim,Apoi așteptăm 4 ulor... Nu trebuie să ne simțim rău lar...
legitim,Nu ai verificat? Am primit mesajul lui detaliat acum
legitim,L-ați înregistrat pe Sinco ca Beneficiar. Conectați-vă la icicibank.com și introduceți URN &lt;#&gt;  pentru a confirma. Atenție la fraude. NU distribuiți sau dezvăluiți URN-ul nimănui.
legitim,"Nu, am decis că doar oamenii cărora le pasă de lucruri votează și le pasă de lucruri este pentru învinși"
legitim,Kaiez... Bucurați-vă de școlarizare... Ghee... Thk a doua opțiune sună beta... Voi merge yan jiu den msg u...
legitim,L-ați înregistrat pe Sinco ca Beneficiar. Conectați-vă la icicibank.com și introduceți URN &lt;#&gt;  pentru a confirma. Atenție la fraude. NU distribuiți sau dezvăluiți URN-ul nimănui.
legitim,rece. Ne vom distra exersând să facem copii!
legitim,"De fapt, mă pregătesc să plec din casă."
legitim,K..k.. ceva special azi?
phishing,"INFORMAȚII URGENTE, IMPORTANTE PENTRU UTILIZATORUL O2. ASTĂZI ESTE ZIUA VOASTRA NOROCoasă! 2 AFLĂ DE CE CONECTAȚI-VĂ PE HTTP://WWW.URAWINNER.COM VĂ Așteaptă O SURPRIZĂ FANTASTICĂ"
legitim,Atunci trebuie să o facem după aceea
legitim,"Am zece dolari, Jay este necomital"
legitim,Unde era și foame
legitim,Vă rugăm să vorbiți cu acel client machan.
legitim,"undeva acolo, sub lumina palidă a lunii, cineva se gândește la tine undeva acolo unde visele devin realitate... Goodnite &amp; vise plăcute"
legitim,"Wen your lovable bcums angry wid u, nu o luați în serios.. Pentru că a fi supărat este cel mai copilăresc și adevărat mod de a arăta afecțiune profundă, grijă n dragoste!.. kettoda manda... O zi bună."
phishing,"Dragă, ai fost invitat la XCHAT. Aceasta este ultima noastră încercare de a vă contacta! Trimiteți un mesaj prin CHAT la 86688 150p/MsgrcvdHG/Suite342/2Lands/Row/W1J6HL LDN 18 ani"
legitim,"Deci, ce părere ai despre el și cât de puțin este caracterul?"
legitim,Jay râncește și îmi spune că x dă dracu de acorduri în timp ce vorbim
legitim,Nu..cu câteva ore înainte.am mers la tuns .
legitim,Nu e de mirare... Pentru că nu cred că am văzut o mașină argintie... Dar cred că am văzut una neagră...
legitim,Lmao. Fă o poză și trimite-mi-o.
legitim,"\Vorbește doar când simți că cuvintele tale sunt mai bune decât tăcerea...\"" Gud mrng:-)"""
legitim,Nu. Momentan este în Scoția pentru asta.
legitim,Lucrezi toata saptamana asta?
phishing,"Felicitări, ați primit fie 500 GBP de tichete cadou CD și intrare gratuită 2 extragerea noastră săptămânală de 100 GBP txt MUSIC la 87066 TnCs www.Ldew.com 1 win150ppmx3age16"
legitim,Lol super acum mi se face foame.
legitim,Da.. acum am văzut doar mesajul tău..
legitim,Voi fi la mu ca &lt;#&gt;  secunde
legitim,Bine...
legitim,LUCRU E BINE MĂCUM A FACUT EXAMENE ÎN MARTIE N-AM FĂCUT NICI O REVIZIUNE? FRAN ESTE ÎNCĂ CU BOYF? TREBUIE INTERVIU 4 EXETER BIT ÎNCORIJAT!x
legitim,"Vă spun ce, dacă faceți o mică foaie de calcul și urmăriți a cui idee a fost să fumeze pentru a determina cine \fumă prea mult\"" pentru întreaga lună de februarie"
phishing,"De vânzare - arsenal dartboard. Stare bună, dar fără duble sau triple!"
legitim,Nu te uita înapoi la clădire pentru că nu ai haină și nu vreau să te îmbolnăvești mai tare. Grăbește-te acasă și îmbracă o haină la sală!!!
legitim,"Gândul meu personal dureros- \Întotdeauna încerc să-i fac pe toți fericiți tot timpul. Dar nimeni nu mă recunoaște când sunt singur\"""""
legitim,Multumesc pentru urari frumoase. Tu rock
legitim,Sunteți îndrăzneț duo-vă! Distracție plăcută și ne vedem la amândoi în curând.
legitim,L-am rugat pe Sen să vină în Chennai și să caute de lucru.
legitim,Tata a ieșit oredi...
legitim,"Sper doar că este adevărat că îmi este dor de el, pentru că chiar îmi este dor de el! Încă nu ai făcut nimic pentru care să te simți vinovat."
legitim,Wat atât de târziu încă devreme mah. Sau mergem la 4 cină. Aiya nu stiu...
legitim,"Arms bine, ce mai fac Cardiff și uni?"
legitim,"De fapt, când pleci? Cred că Adde se întoarce la școală marți sau miercuri"
legitim,"Adiere răcoroasă... Soare strălucitor... Floare proaspătă... Păsări pe Twitter... Toate acestea așteaptă să vă ureze: \BUNA DIMINEA &amp; O ZI PLĂCUTĂ\"" :)"""
legitim,Da:) merg la restaurant..
legitim,"E ok, am întrebat doar știai că nu?"
phishing,Intrare gratuită în prima săptămână 2 TEXTPOD 4 o șansă 2 câștigați iPod de 40 GB sau 250 GBP cash în fiecare săptămână. Trimiteți mesajul POD la 84128 Ts&Cs www.textpod.net custcare 08712405020.
legitim,Chinchilele alea care se duc
legitim,Sunt într-o funcție de căsătorie
legitim,"Se pare că vei primi un avans. Voi pleca de aici pe la 2.30, dar dacă ești disperat după compania mea, aș putea intra mai devreme - aveam de gând să ne întâlnim în rummer."
legitim,Nu-i da unei maimuțe zburătoare ce cred ei și cu siguranță nu mă deranjează. Orice prieten de-al meu și toate astea!
phishing,"Ca abonat optin înregistrat, extrageți un voucher cadou de 4 å100 GBP la primirea unui răspuns corect la 80062 Whats No1 în topurile BBC"
legitim,spune multumesc2.
legitim,Trimite-mi mesaj când vine Rajini.
legitim,Da! când iau Ì_ lecții practice? incep in iunie..
legitim,"E bine, pentru că am nevoie de medicamente"
legitim,Prost.nu este posibil
legitim,Pot Ì_ toți să decidă mai repede pentru că sora mea se duce acasă Liao..
phishing,"În sfârșit, verile sunt aici! Vrei să discutăm sau să flirtezi cu persoane singure sexy din zona anului? Pentru a fi MATCHED, răspundeți acum SUMMER. 2 Alăturați-vă gratuit. OptOut txt STOP Help08714742804"
legitim,Dormi acum.. Sau ai de gând să iei? Haha.. Am spy wat.. Eu verific online și răspund la e-mailuri..
phishing,"CLAIRE, iată că am trecut timp și acum sunt singură. Vrei să vii peste 2 noapte? Chat acum 09099725823 hope 2 C U Luv CLAIRE xx Callså£1/minmoreremobsEMSPOBox45PO139WA"
legitim,"Lupta cu lumea este ușoară, fie câștigi, fie pierzi, dar lupta cu cineva care este aproape de tine este dificil dacă pierzi - pierzi dacă câștigi - tot pierzi."
phishing,"Am cumpărat un ton de apel și acum primesc mesaje care costă 3 lire, oferind mai multe tonuri etc"
legitim,"Yalru lyfu astne chikku.. Bt innu mundhe lyf ali halla ke bilo (căsătorie)program edhae, deci lyf este încă nt ovr chikku..ali vargu lyfu meow meow:-D"
legitim,Cam. Primul intră la douăsprezece! Aah. Vorbește tomo
phishing,09066362231 URGENT! Numărul dvs. de telefon mobil 07xxxxxxxxx a câștigat un premiu bonus de å£ 2.000 pentru apelant pe 02/06/03! aceasta este a doua încercare de a ajunge la VOI! sunați la 09066362231 cât mai curând posibil!
legitim,"Ok bine, apoi am venit mai târziu să-l găsesc pe Ì_... Noroc că i-am spus lui Ì_ să meargă mai devreme... Mai târziu, terminăm Ì_ nu mai..."
legitim,"Ceea ce te face să crezi că voi cădea. Dar, de fapt, cred că sunt destul de predispusă la 2 căderi. Noroc ca tatăl meu acasă, l-am rugat să vină să mă ia deja."
phishing,"TU 07801543489 îți garantează cele mai recente telefon Nokia, un iPod MP3 player de 40 GB sau un premiu de 500 GBP! Text text:COLLECT la nr:83355! TC-LLC NY-SUA 150p/Mt msgrcvd18+"
legitim,Contul dvs. a fost reumplut cu succes de INR &lt;DECIMAL&gt; . Soldul contului dvs. preplătit KeralaCircle este Rs &lt;DECIMAL&gt; . ID-ul tranzacției dvs. este KR &lt;#&gt; .
legitim,Nu te voi atinge fără permisiunea ta.
phishing,"Bună, LUCY, soțul e la întâlniri toată ziua vineri și voi fi singur la hotel. Îți place cumin? Vă rugăm să lăsați un mesaj 2 zile 09099726395 Lucy x Apeluriå£1/minMobsmoreLKPOBOX177HP51FL"
legitim,"7 minuni în LUMEA MEA 7th You 6th Ur style 5th Ur zâmbet 4th Ur Personality 3rd Ur Nature 2nd Ur SMS și 1st \Ur Lovely Friendship\""... bună dimineața dragă"""
legitim,Luați niște comprimate în doză mică pentru febră
legitim,Oh. Trebuie să fi scos mai întâi Valentinul tău adevărat la cumpărături.
legitim,"Tocmai ți-am trimis un e-mail ÛÒ la o adresă cu incomm, nu-i așa?"
legitim,"O să faci, vei fi toată noaptea la Blake? S-ar putea să reușesc să plec de aici puțin mai devreme"
legitim,"Prietenia nu este un joc de jucat, nu este un cuvânt de spus, nu începe în martie și se termină în mai, este mâine, ieri, azi și e"
legitim,"Frumos. Stai... ar trebui să trimiți mesaje chiar acum? Nu-ți voi plăti biletul, știi!"
legitim,Mă uit la lotr w sora mea este în spate. Deci vrei să ne întâlnim la 4 cină la noapte și nu?
legitim,De ce mă ții departe așa
legitim,"Cred că este mult mai mult decât atât, dar află. Verificați pe Google Maps un loc din căminul dvs."
legitim,"Călătoria mea a fost ok, dar destul de obositoare. Uni începe astăzi, dar e ok pentru că nu iau niciun module, ci doar mă concentrez pe proiectul meu de ultimul an."
legitim,Ai spus mereu bine?
legitim,"Sunt tip, parcurgerea este obligatorie"
legitim,Bine...
legitim,Puritatea prieteniei între doi nu înseamnă să zâmbești după ce ai citit mesajul transmis.. Este despre a zâmbi doar văzând numele. Gud evng musthu
legitim,"Scuze, o să sun mai târziu"
legitim,"(Ar trebui să adaug că nu-mi pasă cu adevărat și dacă nu poți, măcar pot să-l fac pe tipul ăsta să ia naiba, dar hei, banii tăi dacă vrei)"
legitim,"salut iubit! Cum merge noul job? Ești acolo acum? Ești fericit? te gandesti la mine? Mă trezesc, sclavul meu, și îți trimit un sărut tachinator de peste mare"
legitim,I-am spus numărul tău lui Gautham..
legitim,Spune-le că nu trebuie să investigheze despre mine nicăieri.
legitim,"Ok, primesc.."
legitim,"Nu pot să cred că ți-am spus atâtea lucruri în această dimineață când tot ce voiam să-ți spun era bună dimineața, te iubesc! Sa ai o dimineata frumoasa. Ne vedem mai târziu în bibliotecă."
phishing,"Contul dvs. a fost creditat cu 500 de mesaje text GRATUITE. Pentru activare, trimiteți doar un mesaj text: CREDIT la Nr.: 80488 T&Cs www.80488.biz"
legitim,"În cele din urmă s-ar putea să mai vomite, dar e în regulă. Nu totul va ieși la iveală."
legitim,Ce faci cu banii... ca în tine... banii nu sunt nimic... ce faci!
legitim,"Are totul de-a face cu vremea. Păstrați un plus de cald. E o răceală, dar nimic grav. Vă rog multă vitamina c"
legitim,Hei fetelor... Cineva dintre voi merge la centrul de conducere tmr?
legitim,"Sunt mereu pe Yahoo Messenger acum. Doar trimite-mi mesajul și îl voi primi, poate fi necesar să-l trimiți în modul mobil, dar îl voi primi. Și va răspunde."
legitim,O pun acum. Ar trebui să fie gata pentru &lt;TIME&gt;
legitim,"Time n Smile sunt cele două lucruri cruciale din viața noastră. Uneori timpul ne face să uităm de zâmbet, iar uneori zâmbetul cuiva ne face să uităm de timp."
phishing,"SMS. ac JSco: Energia este mare, dar s-ar putea să nu știi unde o canalizezi. 2 zile dvs. abilitățile de conducere sunt puternice. Psihic? Răspunde ANS cu întrebare. Sfârşit? Răspunde END JSCO"
legitim,IDPS bazat pe gazdă pentru sisteme Linux.
phishing,"HOT LIVE FANTASIES sunați acum 08707509020 Doar 20p pe minut NTT Ltd, PO Box 1327 Croydon CR9 5WB 0870 este un apel național cu tarif"
legitim,Don no da:)ce planuri?
legitim,Voi fi acolo pe &lt;#&gt;  Bine.
legitim,"Oh, Doamne. Sunt aproape acasă"
legitim,"Descărcare gratuită a convertorului video total, scrieți asta în căutarea pe google :)"
phishing,"Multumesc pentru Vot. Acum cântați împreună cu vedetele cu Karaoke pe mobil. Pentru un link GRATUIT, doar răspundeți cu SING acum."
legitim,"Wen your lovable bcums angry wid u, nu o luați în serios.. Pentru că a fi supărat este cel mai copilăresc și adevărat mod de a arăta afecțiune profundă, grijă n dragoste!.. kettoda manda... O zi bună."
legitim,Sună ca ceva ce ar spune cineva care mă testează
legitim,"Când iubești pe cineva, nu-i face să te iubească la fel de mult ca tine. Dar iubește-i atât de mult încât nu vor să fie iubiți de nimeni, în afară de tine."
legitim,"Pete, acesta mai este telefonul tău? E Jenny de la facultate și Leanne. Ce faci acum?:)"
legitim,Hopa scuze. Doar ca să verific dacă nu te deranjează să mă iei tomo la opt jumătate de la gară. Ar fi bine?
legitim,"Hei, dragă, mă întrebam când ai avut un moment dacă ai putea să vii la mine? Vreau să trimit un fișier cuiva, dar nu va trece peste yahoo pentru ei, deoarece conexiunea lor este nasolă, îți amintești când ai configurat pagina respectivă pentru ca eu să merg la și să descarc formatul discului? Imi poti spune cum sa fac asta? Sau știți vreo altă modalitate de a descărca fișiere mari? Pentru că pot descărca lucruri direct de pe internet. Orice ajutor ar fi grozav, prada mea... *sărut tachinător*"
legitim,Ce campion tocmai pleacă din Glasgow!
legitim,K:) toate cele bune:) felicitari...
legitim,Mă întreb dacă vei primi acest text?
legitim,Trebuie să vin acasă și să-ți ofer niște dragoste bună...
phishing,Noul nostru serviciu de muzică mobilă este acum live. Playerul muzical gratuit va sosi în curând. Doar instalați pe telefon pentru a căuta conținut de la artiștii de top.
legitim,Să întreb un lucru dacă nu mă înșeli.
legitim,"Verificați ortografia corectă, adică sarcasmul"
phishing,URGENT! Numărul dvs. de telefon mobil a primit un premiu bonus pentru apelant de å£2.000 pe 08.01.03! Aceasta este a doua noastră încercare de a vă contacta! Sunați la 0871-4719-523 BOX95QU BT Tarif național
legitim,Ești supărat pe mine. Ce se întâmplă dragă
legitim,I thk u dun haf 2 hint in e forum deja lor... Pentru că i-am spus lui Ron n Darren se va 2 spune Shuhui.
legitim,Da ok multumesc...
legitim,Salut:)cts angajat ce mai faci?
legitim,Vă rugăm să aflați de la mătușa Nike.
legitim,"Wow... te iubesc atât de mult, știi? Abia o suport! Mă întreb cum îți merge ziua și dacă ești bine, iubirea mea... Mă gândesc la tine și mi-e dor de tine"
legitim,Niciun tipat nu înseamnă să strigi...
legitim,Hei ce sa întâmplat. esti bine.
legitim,Ar fi trebuit să ridic o chitanță sau ceva mai devreme
legitim,Cred că Chennai este bine stabilit?
legitim,Oh la naiba! Nu am vrut să-ți trimit asta! Laugh out loud!
legitim,"Din păcate, tocmai am aflat că trebuie să o luăm pe sora mea de la aeroport în acea seară, așa că nu crezi că voi ieși deloc. Ar trebui să încercăm să ieșim una dintre ele"
legitim,Oribil prieten... acum mi-e foame...
legitim,Amintește-ți în acea zi..
phishing,"Ați câștigat un Nokia 7250i. Aceasta este ceea ce primești când câștigi licitația noastră GRATUITĂ. Pentru a participa, trimiteți acum Nokia la 86021. HG/Suite342/2Lands Row/W1JHL 16+"
legitim,"Cum te simți? Domnule nu sunteți adevăratul meu Valentine, doar eu Valentine, chiar dacă cu greu jucați!!"
legitim,Totul sună bine. Degetele . Îngreunează tastarea
legitim,Cel mai devreme miezul nopții
legitim,Nu ești sigur că nu încerc să-l fac pe xavier să fumeze pentru că nu vreau să fumez după ce mi s-a spus că fumez prea mult?
legitim,K vino la nordstrom când ai terminat
legitim,"Știi ce este PRIETENIE rael Îți ofer un exemplu: Îți dau mesajul.. Toate mesajele scrise sunt greșite.. Bt, poți să-l faci cu ayn mitsake.. NOAPTE BUNĂ &amp; SA ai un somn placut..VISE DULCE.."
legitim,Acum conferinta de presa da :)
phishing,"Salutare de la Orange. Pentru 1 lună de acces gratuit la jocuri, știri și sport, plus 10 texte gratuite și 20 de mesaje foto, răspundeți DA. Se aplică termeni: www.orange.co.uk/ow"
legitim,După absolvirea diplomei. Nu are rost să te alăture la finanțe.
legitim,"Bună ziua, iubirea mea! Orice perspective de angajare? Ți-e dor de mine? ce faci? Ești leneș și sumbru, hmmm? Sau fericit și plin de iubirea mea?"
legitim,Nu te mai deranja... Jia tu...
legitim,"Bishan lar mai aproape... Nu trebuie să cumpăr atât de devreme, pentru că dacă cumpăr acum, trebuie să-mi parchez mașina..."
legitim,"Eu, nu știu din nou oh"
legitim,"Dude sux pentru șarpe. El a îmbătrânit, iar Raiden s-a îmbătrânit"
legitim,Îți salută și să-ți duci fundul înapoi în South Tampa (de preferință la un kegger)
legitim,În e msg doar acum. Ai spus mulțumiri pentru cadou.
legitim,si tu...
legitim,Ok cum esti draga. Ai sunat la chechi
legitim,"Da, facem tote. Când vrei?"
legitim,"Ok, am găsit Pierre Cardin unul care arată normal, costă 20, este la vânzare."
legitim,Un somn bun este despre ritm. Persoana trebuie să stabilească un ritm pe care corpul îl va învăța și îl va folosi. Daca vrei sa afli mai multe :-)
legitim,Ce faci?
legitim,Mesaj de la . Sunt la Spitalul Truro pe ext. Mă poți suna aici. pentru că am un telefon lângă mine
legitim,"Un singur rând cu un înțeles mare::::: \Miss anything 4 ur \""Best Life\"" dar"
legitim,"Tocmai am niște bani de benzină, vreo șansă ca tu și gașca să vrei să pleci într-o aventură mare în natură?"
legitim,Nu vă faceți griji... folosiți bucăți de gheață într-un pachet de cârpă. luați și 2 tablete.
legitim,Tipul tocmai a văzut o mașină parcata cu trapa ei deschisă. Sux
legitim,Pregătește-te să-ți îmbraci fața excelentă :)
legitim,Tmrw. Terminez 9 uși
legitim,"&lt;#&gt; pe care l-am văzut acum câteva zile, tipul vrea să vândă wifi numai pentru &lt;#&gt;  și cu 3g pentru &lt;#&gt; . De aceea l-am eliminat."
legitim,am întârziat. Voi fi acolo la
legitim,"orice, sunt destul de supărat."
legitim,Astăzi este ZIUA ACCEPTĂRII..U Acceptă-mă ca? Frate Soră Lover Dear1 Best1 Clos1 Lvblefrnd Jstfrnd Cutefrnd Lifpartnr Belovd Swtheart Bstfrnd Nici un răspuns înseamnă inamic
legitim,Nu am atât de multă imagine în clasă.
legitim,Nu:-)Am zvonuri că vei cumpăra un apartament în Chennai:-)
legitim,Lângă biroul tv kalainar.thenampet
phishing,Soldul dvs. de numerar este în prezent de 500 de lire sterline - pentru a maximiza încasările dvs. trimiteți acum GO la 86688 doar 150p/msg. CC 08718720201 HG/Suite342/2Lands Row/W1J6HL
phishing,Licitație prin SMS - Un Nokia 7250 NOU-NOU este scos la 4 licitații astăzi! Licitația este GRATUITĂ 2 înscrieți-vă și participați! Trimiteți un mesaj NOKIA la 86021 acum! HG/Suite342/2Lands Row/W1J6HL
legitim,"Sora mea se uită la spectacol în după-amiaza, așa că nu mă uit la ea. Deci c u wan 2 watch azi sau tmr lor."
legitim,"Sună dg... Haha... Pot... Wah, u yan jiu atât de repede Liao..."
legitim,"Nu. Pentru a fi năzdrăvan, cred. Nu reacţionează exagerat dacă sunt speriat?"
legitim,"Amintește-ți de toți cei pe care i-am rănit în zilele de impostor satanic din mine. Trebuie să plătească un preț, așa să fie. Poate destinul să mă țină în continuare și, așa cum ai spus, roagă-te ca să fac mintea să treacă peste același lucru."
legitim,Cum să faci o fată fericită? Nu este deloc greu să faci fete fericite. Trebuie doar să fii... 1. Un prieten 2. Însoțitor 3. Iubit 4. Bucătar . . .  &lt;#&gt; . Bun ascultător &lt;#&gt; . Organizator &lt;#&gt; . Iubit bun &lt;#&gt; . Foarte curat &lt;#&gt; . Simpatic &lt;#&gt; . Sport &lt;#&gt; . Cald. . .  &lt;#&gt; . Curajos &lt;#&gt; . Determinat &lt;#&gt; . Adevărat &lt;#&gt; . Fiabil &lt;#&gt; . Inteligent . . .  &lt;#&gt; . Psiholog &lt;#&gt; . Exterminator de dăunători &lt;#&gt; . Psihiatru &lt;#&gt; . Vindecător. .  &lt;#&gt; . Stilist &lt;#&gt; . Șofer. . Aaniye pudunga venaam..
legitim,"De ce, prințesă? Pun pariu că frații te urmăresc cu toții!"
legitim,"O să rezerv chez jules pentru jumătate de opt, dacă îți convine?"
legitim,Hhahhaahahah rofl wtf nig a fost Leonardo în camera ta sau așa ceva
legitim,"Da, acum acasă la Derek, ne vedem duminică &lt;3"
legitim,"E grozav, anunță-mă înainte de a începe &lt;#&gt; , Voi fi afară toată ziua"
legitim,"Scuze, o să sun mai târziu"
legitim,"Mă întrebam dacă ar fi în regulă să-l suni pe unchiul John și să-l anunți că lucrurile nu stau la fel în Nigeria ca aici. Că &lt;#&gt;  Dolarii sunt trimiși în 2 ani și știți că este o tulpină, dar plănuiesc să plătesc fiecare ban pe care îl oferă. Fiecare ban, așa că să mă aștept la ceva de la tine nu este practic. Aşa ceva."
legitim,Nu există alte taxe după taxele de transfer și vă puteți retrage oricum doriți
legitim,"Nu căuta dragostea, lasă dragostea să te găsească. De aceea se numește îndrăgostire, pentru că nu te forțezi, doar cazi și știi că există cineva care să te țină... BSLVYL"
legitim,La 4. Hai să mergem la morari
legitim,Te iubesc. Mi-ai dat foc sufletului. Nu este doar o scânteie. Dar este o flacără. O flacără mare. XoXo
legitim,"Cumva cineva este cu siguranță făcut 4 u. Și Dumnezeu a hotărât momentul perfect pentru a te face să cunoști acea persoană. . . . până la bârlog, . . . . . Bucurați-vă de îndrăgirile voastre..!!!;-)"
legitim,Asta e ținuta mea pentru luna de miere. :)
legitim,Va ajuta dacă ne propunem să revenim mâine
phishing,PRIVAT! Extrasul dvs. de cont din 2003 pentru arată 800 de puncte S. I. M. nerăscumpărate. Sunați la 08719899230 Cod de identificare: 41685 Expiră 07/11/04
legitim,Nu da vina pe o zi din viata ta. Zilele bune vă oferă fericire. Zilele rele vă oferă experiență. Ambele sunt esențiale în viață! Toate sunt binecuvântările lui Dumnezeu! Bună dimineaţa.:
legitim,Vă rugăm să confirmați timpul de colectare a cecului.
phishing,"În calitate de abonat înregistrat la extragerea anului 4, va fi introdus un voucher cadou de 100 GBP la primirea unui răspuns corect. Când sunt următoarele olimpiade. Trimiteți mesaj la 80062"
phishing,URGENT! Numărul dvs. de mobil a fost premiat cu un premiu de 2000 GBP GARANTAT. Sunați la 09061790121 de pe telefon fix. Revendicare 3030. Valabil 12 ore doar 150 ppm
legitim,Tati va avea grijă de tine :)
legitim,"Da, probabil, tot trebuie să verific cu Leo"
legitim,K.atunci vreo alta speciala?
legitim,"Carlos își petrece timpul ca de obicei, așa că spune-mi când tu și Patty ați terminat/vreți să fumați și îi voi spune să tragă fundul"
legitim,Ok pa. Nimic problema :-)
legitim,Ați auzit de acel job? Mă duc la acea discuție despre animale sălbatice în seara asta dacă vrei să vii. E that2worzels și un wizzle sau orice ar fi?!
legitim,"Dumnezeu a luat o floare și a atins-o în DEW, a atins-o cu dragoste, ceea ce s-a întors în tine, iar el i-a dat-o și a spus: ACEST PRIETEN ESTE 4U"
legitim,Când ai venit la pensiune.
legitim,"Ok, nicio problemă... atunci vin după prânz..."
legitim,"Îți spun doar că voi pleca din 4 din Shanghai pe 21, așa că vom avea mai mult timp să ne întâlnim..."
legitim,Îți îngheață? esti inca acasa? Îți vei aminti să-ți săruți mama dimineața? Mă iubești ? te gandesti la mine? Ți-e dor de mine încă?
legitim,Sunteți pregătiți pentru * ziua cea mare de mâine?
legitim,Probabil că voi fi în preajma mu mult
legitim,645
phishing,RT-KIng Pro Video Club>> Aveți nevoie de ajutor? info@ringtoneking.co.uk sau sunați la 08701237397 Trebuie să aveți peste 16 credite de club care pot fi răscumpărate la www.ringtoneking.co.uk! Bucurați-vă!
legitim,Thnx tipe. ați ieșit de 2 noapte?
legitim,"Eu pot să râd de tine. Între timp, ce mai face dragul meu Anjie!"
legitim,"Mm, am mâncat de afară"
legitim,"K, are sens, dar Carlos este dificil, așa că veți fuma în timp ce eu merg să iau al doilea lot și să iau benzină"
legitim,Ai descărcat aplicația fring?
legitim,"Tipul de 2 oz este cam fulger, dar un prieten este interesat să ridice $ &lt;#&gt;  merită diseară dacă se poate"
legitim,Prieteni cu care poți rămâne pe fb chat
legitim,"La naiba iubito, mi-e tare dor de tine!! Mi-aș dori să fii aici să dormi cu mine... Patul meu este atât de singur... Mă duc acum, să dorm... Să te visez, iubirea mea..."
legitim,"A trăi este foarte simplu.. A iubi este și simplu.. A râde este prea simplu.. A câștiga este prea simplu.. Dar, a fi 'SIMPLU' este foarte greu.. Gud nte.:-"
phishing,Ai un admirator secret care caută 2 ia contact cu U-aflați pe cine R*dezvăluie cine crede că UR este atât de special-sunați la 09058094599
legitim,"Ah, asta încurcă lucrurile, nu-i așa?"
phishing,500 de mesaje text libere. Doar trimiteți un mesaj OK la 80488 și vă vom credita contul
legitim,"Bună dragă, Sună-mă urgent. Nu stiu care e problema ta. Nu vrei sa lucrezi sau daca ai vreo alta problema macar spune-mi. Astept raspunsul tau."
legitim,Dragă cum tu. Eşti în regulă?
phishing,"Ai fost selectat să stai în 1 din 250 de hoteluri britanice de top - PENTRU NIMIC! Vacanță în valoare de å£ 350! Pentru a revendica, sunați la Londra 02072069400. Bx 526, SW73SS"
legitim,Da printesa! vreau sa te fac fericit...
legitim,Se pare că ai multe talente! ai vrea să mergi la o cină săptămâna viitoare?
legitim,Am de gând să filmez 2 zile da. La 6 seara. Scuze da.
legitim,"Nu ne uităm deja la film. Xy vrea 2 magazine, așa că acum fac cumpărături cu ea."
legitim,"Bună, micul meu animal de petrecere! M-am gândit că te voi supăra așa cum erai cu prietenii tăi...*zâmbește*... Amintește-ți că ai fost iubit și trimite un sărut obraznic de adorație"
legitim,Ieri e doar cu mine. Acum merg acasă.
phishing,"Eerie Nokia tone 4u, rply TONE TITLE la 8007 de ex. TONE DRACULA la 8007 Titluri: GHOST, ADDAMSFA, MUNSTERS, EXORCIST, TWILIGHT www.getzed.co.uk POBox36504W45WQ 150p"
legitim,"Ai intrat în viața mea și ai adus soarele ..Strălucitor peste mine, încălzindu-mi inima. Punându-mi un zâmbet constant pe buze... Făcându-mă să mă simt iubită și îngrijită"
legitim,"Nu, dar nu am fost atât de surprins, așa că m-am dus și mi-am petrecut seara cu francezul pe care l-am întâlnit aici în oraș și ne-am prostit puțin, dar nu l-am lăsat să mă ia dracu"
phishing,"0A$NETWORKS permit companiilor să factureze pentru SMS-uri, astfel încât acestea sunt responsabile pentru \furnizorii\"""
legitim,Super comedie..nu mă opresc să râzi:)
phishing,"FreeMsg: Simțiți-vă cumva sper că vă place 2 țineți-mi companie! Am primit o cameră, moby vrea să-mi fac poza? Trimiteți un mesaj sau răspundeți DATE la 82242 Msg150p 2rcv Hlp 08712317606 opriți la 82242"
legitim,"Bine, suntem cu toții pregătiți aici, trimite-i un mesaj omului"
legitim,"Buna, unde esti? Suntem și ei nu sunt dornici să iasă, eu sunt, dar simt că nu ar trebui, așa că putem ieși și noi, nu te superi, nu?"
legitim,Dormit și simțit bine
legitim,ȚI ȚI ȚI TREBUIE FONE-UL PE DAI NU!!
legitim,India trebuie să preia conducerea :)
legitim,O voi posta pe l8r. În clasă
legitim,Este ce a făcut fratele Wright pentru a zbura...
legitim,"Seara * v bine dacă oarecum eveniment încărcat. Te va completa, nu-ți face griji Û_ Cap * ok, dar gâtul * stricat. Ne vedem la șase atunci!"
legitim,Dacă râzi foarte tare.. Dacă vorbești spontan.. Dacă nu-ți pasă ce simt alții.. Probabil că ești cu dragul tău &amp; cei mai buni prieteni.. Buna seara draga..:)
legitim,ESTE UN LAPTOP IA-L CU TINE.
legitim,Nu am nimic din dosarul tău în geantă... eram la lucru când m-ai sunat. Îți spun dacă găsesc ceva în camera mea.
legitim,"Vreau, dar prea devreme lei... Eu afară acum vreau acasă atât de devreme... Neva minte atunci..."
phishing,"Pentru șansa de a câștiga 250 GBP în numerar în fiecare săptămână TXT: ACTION la 80608. T's&C's www.movietrivia.tv custcare 08712405022, 1x150p/săptămână"
legitim,"Am fost la bugis juz acum wat... Dar acum mă întorc acasă oredi... ÌÏ atât de târziu apoi răspunde... Am văzut un top dat care îmi place, dar din cumpăr... Unde r Ì_ acum?"
legitim,"Vă doresc ție și familiei tale, în avans, la mulți ani fericiti și la mulți ani..."
legitim,La 7 vom merge ok na.
legitim,"Da, am postat cateva poze pe fb. Mai este și zăpadă afară. abia ma trezesc :)"
legitim,"S:-)Dacă avem un parteneriat bun, vom prelua conducerea:)"
phishing,RGENT! Aceasta este a doua încercare de a contacta U!U a câștigat å1250 GBP Apelați la 09071512433 b4 050703 T&CsBCM4235WC1N3XX. costul apelurilor 150ppm pe mobil variază. maxå £7. 50
legitim,"Da, unde e clasa ta?"
legitim,"Nu, trimite doar la tine. Bec tu în templu na."
legitim,"Nu vii acasă între oră, nu? Trebuie să mă antrenez și să fac duș!"
phishing,"Bună, dacă cauți 4 distracție în timpul zilei cu o femeie măritată cu bustină Sunt liber toată săptămâna viitoare Chat acum 2 Sortare ora 09099726429 JANINExx Apeluriå£1/minMobsmoreLKPOBOX177HP51FL"
legitim,"S, dar mai ales nu așa."
legitim,ÌÏ v ma fan...
legitim,Nu știu pentru că am întârziat când am ajuns deja la ei înăuntru... Dar am mâncat spageddies lor... Sunt fetele care râd de mine...
legitim,Ghici cine și-a petrecut toată noaptea trecută intrând și ieșind treptat din a patra dimensiune
legitim,Așa că acum tatăl meu va suna după ce va ieși de la serviciu și va pune toate aceste întrebări nebunești.
legitim,"Da, dar au spus că este IT."
legitim,Foarte dureros n rânduri semnificative vreodată: \Am compromis totul pentru dragostea mea
legitim,Lmao!frumos 1
legitim,Mă bucur să văd răspunsul dvs.
phishing,URGENT! Încercăm să contactăm U. Extragerea de astăzi arată că ați câștigat un premiu de 800 GBP GARANTAT. Sunați la 09050001295 de pe telefon fix. Revendicarea A21. Valabil doar 12 ore
phishing,Parola lunara pentru wap. mobsi.com este 391784. Folosiți telefonul wap nu PC-ul.
legitim,"Nu dub, dar încă sunt buff"
legitim,Cuvinte dureroase- \Am crezut că a fi fericit este cel mai greu lucru de pe Pământ... Dar
legitim,"Da, e bine! Sunt 6 GBP pentru a intra, e ok?"
legitim,Lol de unde vii cu aceste idei?
legitim,"Atâția oameni par să fie speciali la prima vedere, dar doar foarte puțini vor rămâne speciali pentru tine până la ultima ta vedere.. Menține-i până se termină viața.. Sh!jas"
legitim,"Astăzi este ziua dedicată \melodiei...\"" Ce cântec îmi vei dedica? Trimite asta tuturor prietenilor tăi valoroși, dar mai întâi răspunde-mi..."""
legitim,Bine... Aşteptăm ah
legitim,Y lei?
legitim,"Bună, BABE, CEL MAI PROBABIL SĂ FIȚI ÎN PAT DAR ÎM PĂRĂ ATÂT DE RĂU DE DISEAZĂ! CHIAR VREAU NE VĂD MâINE Așa că sună-mă la ora 9. Iubește-mă XXX"
legitim,Deja sunt ghemuit este noul mod de a merge
legitim,Vrei lanternă îndrăzneață 2 sau bb
legitim,Crampele au încetat. Întorcându-se la somn
phishing,"numerele vodafone de astăzi care se termină cu 0089 (ultimele mele patru cifre) sunt selectate pentru a primi un premiu de 350 £. Dacă numărul dvs. corespunde, sunați la 09063442151 pentru a vă revendica premiul de 350 GBP"
phishing,Ton de apel gratuit de top -sub la tonul de apel săptămânal-obțineți prima săptămână gratuită-trimiteți SUBPOLY la 81618-?3 pe săptămână-opriți sms-08718727870
legitim,Nan sonathaya soladha. De ce sef?
legitim,"Aduceți CD-ul, nu uitați"
phishing,"Sunshine Quiz Wkly Q! Câștigă un DVD player Sony de top dacă știi în ce țară se află Algarve? Txt ansr la 82277. å1,50 GBP SP:Tyrone"
legitim,"Nu știu, dar violez tipi la poker"
legitim,Pierdere în greutate! Gata cu prietene. Câștigă mulți bani pe ebay sau așa ceva. Și mulțumiți lui Dumnezeu.
legitim,A fost gr8 să văd acel mesaj. Deci când pleci? Felicitari draga mea. Ce școală și ce planuri ai.
legitim,"ÌÏ mănânc mai târziu, dar eu mănânc cu prietenii mei acum lei... ÌÏ merg mai întâi acasă?"
legitim,"Termină deja... Ei tot spun că sunt moale... Sunt atât de stânjenită, ok..."
legitim,"Îmi pare rău, omule, stocul meu s-a uscat aseară și nu pot ridica mai multe până duminică"
legitim,Hai priya ai dreptate. Ce a spus doctorul pa. Unde ești.
phishing,"msj gratuit. Ne pare rău, un serviciu pe care l-ați comandat de la 81303 nu a putut fi livrat, deoarece nu aveți suficient credit. Vă rugăm să reîncărcați pentru a primi serviciul."
legitim,Bine...
legitim,"Te rog, cere-i mamei să-l sune pe tatăl"
legitim,"Pot veni în camera mea, dar nu pot veni acasă pentru că casa mea este încă dezordonată... Haha..."
legitim,De azi am slabit 10 kilograme!
legitim,Gustă doar curry de pește :-P
legitim,"Ce pot face? Un accident a avut loc între ghodbandar rd undeva. Traficul se mișcă slăbuț. Deci, vă rugăm să alunecați &amp; nu vă faceți griji."
legitim,Yun ah.acum Ì_ wkg unde?btw if Ì_ go nus sc. ÌÏ vrei să te specializezi în wad?
legitim,Da! Sunt o femeie bărbat! Vă rog să-mi spuneți ce vă place și nu vă place în pat...
legitim,Îmi făceam testul mai devreme. te apreciez. Te sun mâine.
legitim,"Ce mai face iubitul meu? Ce face el care îl împiedică să vină la regina lui, hmmm? Nu-i doare să vorbească cu mine? Mi-e dor disperat?"
legitim,Întâlnești alți fren dun wan mă întâlnești ah... Muz b a guy rite...
legitim,"(Totuși, nu am promis când, nici măcar nu am luat cina încă)"
legitim,Ți-am luat spatele! Ai ceva antipatii în pat?
legitim,Se pare că am avut dragoste stereo pe telefonul meu sub albumul necunoscut.
phishing,Chat LIVE 121 greu doar 60p/min. Alege-ți fata și conectează-te LIVE. Sună acum la 09094646899! Cel mai mare serviciu live de Chat ieftin din Marea Britanie. VU BCM1896WC1N3XX
legitim,"Da, nu văd de ce nu"
legitim,Întrebarea îi cunoști sau nt? Pot fi prieteni sau colegi de clasă?
legitim,"Îmi pare rău pentru mai devreme. Stingând focurile. Ești pe aici să vorbești după ora 9? Sau chiar ai o viață, lol!"
phishing,WOW! The Boys R Back. FACEȚI ACEL Turneu din Marea Britanie din 2007. Câștigă bilete VIP și pre-rezervă cu VIP Club. Trimiteți mesajul CLUB la 81303. Trackmarque Ltd info@vipclub4u.
legitim,"Ca în cârlig misionar, câine câine, în picioare...|"
legitim,"Atunci ar fi bine să te duci să dormi.. Dun perturb u liao.. Te trezești, apoi da-mi mesaj.."
legitim,"Lupta cu lumea este ușoară, fie câștigi, fie pierzi, dar lupta cu cineva care este aproape de tine este dificil dacă pierzi - pierzi dacă câștigi - tot pierzi."
legitim,Mă uit la casa ÛÒ foarte distractiv ÛÒ primesc toată chestia cu Hugh Laurie ÛÒ chiar și cu bățul ÛÒ într-adevăr mai ales cu bățul.
legitim,Am crezut că te referi la alta. Bine! Mă uit mâine
legitim,"Bună Jon, Pete aici, am avut recent bin 2 Spania și mai am o sumă de bani rămasă, Bill a spus că poate că sunteți interesați de el, am 12.000 de lei, deci în jur de 48 GBP, TB, James."
legitim,Există 2 aldine &lt;#&gt; . Este al tău
legitim,Știi că există. Vă voi vorbi în &lt;#&gt;  minute atunci
legitim,"\ALRITE HUNNY!WOT U UP 2 2NITE? NU S-A SCOAT ÎN LOC JUS DA PUB! JUS CHILLIN AT DA MO IN ME BEDROOM! LOVE JEN XXX.\"""""
legitim,Am fost la centrul de proiecte
legitim,"Conform solicitării dvs., „Maangalyam (Alaipayuthe)” a fost setat ca tonul de apelare pentru toți cei care apelează. Apăsați *9 pentru a copia prietenii dvs. Callertune"
legitim,"Lol da, în acest moment, cred că nu"
legitim,Doing project w frens lor.
legitim,"Laugh out loud. Ei bine, calitatea nu este deloc proastă, așa că nu mă plâng"
legitim,"K, se poate întâmpla asta în seara asta?"
phishing,"Bună, aceasta este Mandy Sullivan care sună de la HOTMIX FM... sunteți ales să primiți å£5000.00 la extragerea premiilor de Paște... Vă rugăm să sunați la 09041940223 pentru a revendica înainte de 29.03.05 sau premiul dvs. va fi transferat altcuiva...."
legitim,"Cred că o să mergem la Finn acum, vino"
legitim,De ce ai obosit ce special ai avut acolo
legitim,voi veni mâine di
legitim,Nu pot alege telefonul acum. Vă rugăm să trimiteți un mesaj
legitim,K du-te si dormi bine. Odihneste-te:-).
legitim,Nu mă invitați niciodată nicăieri :(
phishing,"MERGI 2 BAHAMAS! Sună FREEEFONE 08081560665 și vorbește cu un operator în direct pentru a solicita fie o croazieră în Bahamas de å2000 GBP CASH doar pentru 18+ ani. Pentru a renunța, trimiteți X la 07786200117"
legitim,"Pot să fac asta! Vreau să vă fac pe plac atât în ​​interiorul, cât și în afara dormitorului..."
legitim,"\EY! CALMAȚI-VĂ ACUZĂRI.. ȘTIU CĂ FACEȚI LA sfârșitul/sfârșitul... VĂRÂND ÎN Vârste.. Sună-mă dacă ești UP4 NETHING SAT.LOVE J XXX.\"""""
legitim,Îmi place să vin și să mănânc doamna mea!
phishing,"Cineva a contactat serviciul nostru de întâlniri și a intrat pe telefonul dvs. pentru că vă place! Pentru a afla cine este, sunați de la telefonul fix 09111030116. PoBox12n146tf15"
legitim,"Sunt cool ta iubit, dar v. obosit 2 pentru că am făcut o mulțime de planificare toată săptămâna, ne-am făcut inspecția serviciilor sociale la creșă! Ai grijă & spk sn x."
legitim,Nu știu detaliile contului.. o voi întreba pe mama și îți voi trimite. Mama mea nu este la îndemână acum.
legitim,Cred că ai greșit numărul.
legitim,"Simte-te că ești mereu fericit.. Încet, devine obiceiul tău &amp; În sfârșit, devine o parte din viața ta.. Urmează-l.. Happy Morning &amp; Sa ai o zi fericita :)"
legitim,NU IUBITI TÂRZIU MAMA
legitim,Am inteles..mail panren paru..
legitim,"* Mă gândeam la Chuckin ur roșu, verde și negru, antrenori 2, salvează-i transportul înapoi în tren"
legitim,"Dați o ratare de la acel număr, vă rog"
legitim,S-a întors la prânz numai cu sora mea. Tu leh?
legitim,Cum este programul tău săptămâna viitoare? Am plecat în oraș weekend-ul acesta.
legitim,Foarte bine:)dhanush rocks inca o data:)
legitim,"Ok, nu voi mai avea nevoie de tine să-mi faci părul."
legitim,"Dor de tine, am nevoie de tine, vreau, te iubesc."
legitim,"Scuze, nu sunt liber..."
legitim,Ți s-a blocat vreodată o melodie în cap fără motiv și nu va dispărea până nu o asculți de 5 ori?
legitim,Nu încă chikku..simple habba..hw abt tu?
legitim,"Am primit e-mailul Dileep. Mulțumesc mult și aștept cu nerăbdare mult sprijin... foarte puține contacte aici, ține minte un venugopal pe care l-ai menționat. Mâine dacă nu târziu, voi încerca să vin până acolo. Noapte bună dragă."
legitim,"Uneori, Inima își amintește pe cineva Foarte mult... Uită pe cineva în curând... Bcoz Heart nu va plăcea pe toată lumea. Dar cele apreciate vor fi amintite de fiecare dată... BSLVYL"
legitim,Tatăl lui Joy este John. Atunci John este NUMELE tatălui lui Joy. Mandan
phishing,Bună 07734396839 Oferta de fidelizare a clienților IBH: NOUL MOBIL NOKIA6600 de la DOAR å£10 la TXTAUCTION!Txt word:START to No:81151 și obține-l pe al tău acum!4T&
legitim,"Bună, acesta este yijue... În ceea ce privește manualul 3230, este introducerea algoritmilor ediția a doua... Îl vând cu 50 USD..."
phishing,"Licitație prin SMS Ați câștigat un Nokia 7250i. Aceasta este ceea ce primești când câștigi licitația noastră GRATUITĂ. Pentru a participa, trimiteți acum Nokia la 86021. HG/Suite342/2Lands Row/W1JHL 16+"
legitim,"K, vrei să venim până acum?"
legitim,"Cum. Este puțin dificil, dar este o modalitate simplă de a intra în acest loc"
legitim,Ha... Amândoi facem același lucru. Dar am ceas tv 2. Vă puteți gândi unde merg 2 în seara asta sau aveți deja ceva în minte...
legitim,Nu te arăta. Cât de departe. Pune poze noi pe facebook.
legitim,Mă uit la televizor acum. Am un nou job :)
legitim,"Bună seara chifle sexy! Cum merge căutarea unui loc de muncă? Mă trezesc și tu ești primul meu gând ca întotdeauna, iubirea mea. Îți doresc bine și fericit și știu că te ador!"
legitim,"Nu vin, fă ce vrei"
legitim,"E ok chikku, și este melodia mea preferată..:-)"
legitim,Ai văzut ce am postat pe Facebook-ul tău?
phishing,Sună GRATUIT TELEFON 0800 542 0578 acum!
phishing,Cumpărați Space Invaders 4 o șansă 2 de câștig orig consolă de jocuri arcade. Apăsați 0 pentru Games Arcade (taxă WAP standard) Vedeți o2.co.uk/games 4 Termeni + setări. Nicio achiziție
legitim,"7 minuni în LUMEA MEA 7th You 6th Ur style 5th Ur zâmbet 4th Ur Personality 3rd Ur Nature 2nd Ur SMS și 1st \Ur Lovely Friendship\""... bună dimineața dragă"""
phishing,Împrumut pentru orice scop å£500 - å£75.000. Proprietarii + chiriașii sunt bineveniți. Ai fost refuzat anterior? Mai putem ajuta. Sunați gratuit la 0800 1956669 sau trimiteți înapoi „ajutor”
phishing,ALERTA FRATE MARE! Computerul v-a selectat pentru 10k cash sau voucher #150. Sunați la 09064018838. NTT PO Box CRO1327 18+ BT Telefon fix Cost 150ppm telefoane mobile variază
legitim,";-( ei bine, c u mai târziu"
legitim,Unchii mei din Atlanta. Vă doresc un semestru minunat.
legitim,"Nu dragă, am mesaje gratuite fără nicio reîncărcare. salut salut salut"
legitim,"Nu căuta dragostea, lasă dragostea să te găsească. De aceea se numește îndrăgostire, pentru că nu te forțezi, doar cazi și știi că există cineva care să te țină... BSLVYL"
legitim,nu te cred. Cred că i-ai spus.
legitim,"Știi de ce Dumnezeu a creat un spațiu între degete? Așa că, Cel care este făcut pentru tine vine &amp; umple acele goluri ținându-ți de mână cu IUBIRE..!"
legitim,Da:)sura in sun tv.:)lol.
legitim,Arun can u transfr me d amt
legitim,"Fac un duș acum, dar da, voi pleca când termin"
legitim,"Nu lucrez, dar mă pricep la filozofie, așa că îți voi trimite mesaje mai târziu, când e puțin mai liber pentru chat..."
legitim,"Nu m-ai pierdut mereu bolnav aici 4u.nu am intenționat să te rănesc, dar nu am știut niciodată ce simțeai pentru mine când eram + marin și asta am încercat să-i spun mamei. Îmi pasă de tine"
phishing,"WIN: Avem un câștigător! Domnul T. Foley a câștigat un iPod! Mai multe premii interesante în curând, așa că fiți cu ochii pe mobil sau vizitați www.win-82050.co.uk"
legitim,Fată rea. Încă îmi amintesc de ele
legitim,Cât ți-am dat. Dimineaţă.
legitim,"Sper că ești bine iubito? Îmi fac griji că s-ar putea să te fi simțit puțin disperat când ai aflat că jobul este un fals? Sunt aici și aștept când te întorci, iubirea mea"
legitim,"Hei, poți să-mi spui adresa lui Blake? Carlos a vrut să mă întâlnesc cu el acolo, dar m-am rătăcit și nu răspunde la telefon"
legitim,Pot să-ți aflu părerea despre ceva mai întâi?
legitim,Acel concediu de o săptămână am spus că timpul. De ce.
legitim,"Dacă ne dăm bine, te poți muta cu mine :)"
legitim,excelent. Am cheltuit &lt;#&gt;  ani în Forțele Aeriene. Irak și Afganistan. Sunt stabil și sincer. iti place sa calatoresti?
legitim,Vreau să mă uit la filmul ăla
legitim,"Ok, multumesc... ÌÏ la scoala?"
legitim,Sunt în clasă. Ai primit textul meu.
legitim,Autobuzul pleacă la &lt;#&gt;
legitim,"Dumnezeu să vă binecuvânteze, dormi bine draga mea... mă voi ruga!"
phishing,"Numerele Voda de astăzi care se termină cu 1225 sunt selectate pentru a primi un premiu de å£50. Dacă aveți o potrivire, sunați la 08712300220, menționând codul de revendicare 3100 aplicația tarife standard"
legitim,Să ai o zi frumoasă astăzi. Te iubesc atât de mult.
legitim,"Aiyo un pic pai seh Ì_ noe... Speriat, el dun rem cine sunt eu, apoi moare... Hee... Dar a devenit mai bine sa arate oredi leh..."
legitim,"Bine, o să-i întreb pe câțiva dintre colegii mei de cameră"
legitim,"Acum, care este casa ta # din nou? Și ai bere acolo?"
legitim,Ì_ all wan 2 se întâlnesc n combină toate părțile? Cum merge restul proiectului?
legitim,"\Getting bilete 4 Walsall marți 6 martie. Prietenul meu mi le aduce pe sat. îmi plătesc răul. Vreau 2 du-te. Txt bak .Terry\"""""
legitim,"Da, vorbim și noi."
legitim,"SALUT, JESS. Nu știu dacă ești la muncă, dar sună-mă când poți să fiu acasă în toată noaptea. XXX"
legitim,Sian... Supraveghetorul întâlnirii din spate a avut de lucru 2 do Liao... Lucrezi acum?
legitim,Ai de gând să scrii examenul ccna săptămâna asta??
legitim,Mă voi uita pe Shrek în 3D!!B)
legitim,Sunt atât de murdar?
legitim,Nu știu ce mi-a spus. Ok lor...
legitim,Probabil voi fi până mâine (sau chiar mai târziu în seara asta dacă se întâmplă ceva)
legitim,"Nu aș putea spune nu, deoarece este un om pe moarte și mă simt trist pentru el, așa că mă voi duce și vreau doar să știi că probabil că voi fi plecat târziu în noaptea ta."
legitim,"Dacă te gândești să-mi ridici unul, atunci nu."
legitim,La fel ca tine... Dun wan... Deja ca mine ah... Ce faci acum? Încă mănânci?
legitim,Mi-a trimis ID-ul de e-mail în curând
legitim,"Ceea ce ii face pe unii oameni mai dragi nu este doar fericirea pe care o simti cand ii intalnesti, ci durerea pe care o simti cand iti este dor de ei!!!"
legitim,"Omule. Care-i treaba. Cum Teresa. Sper că ai fost bine. Când nu am auzit de la acești oameni, i-am sunat și au primit pachetul din decembrie &lt;#&gt; . Doar ceea ce ai vrea să știi. Să ai un an fantastic și toate cele bune cu lectura ta. În plus, dacă poți într-adevăr Bam să acorde primul ajutor pentru Usmle, atunci munca ta este gata."
legitim,"Hei, bărbat superb. Numărul meu de telefon mobil este. Sa ai un bun iubito. Squishy Mwahs."
legitim,Pot sa te sun mai tarziu te rog
phishing,"Cele mai tari poze direct pe telefon!! Vezi cum mă ud și vreau, doar pentru tine xx Trimiteți PICS la 89555 acum! txt costă 150p textoperator g696ga 18 XxX"
legitim,Așa ar trebui să rămâi oh.
legitim,"Bună, mulțumesc pentru că ai preluat acest apel. Am un loc de muncă! Începe de luni!"
legitim,La ce oră este zborul tău tmr?
legitim,Când ar trebui să vin?
legitim,Am un semn de mușcătură destul de proeminent pe obrazul drept
legitim,* Va fi septembrie până atunci!
legitim,Ești ud chiar acum?
legitim,Și ce mai face soțul tău.
phishing,"Hack Chat. Obțineți intrare în backdoor în 121 de camere de chat la o fracțiune din cost. Răspunde la NEO69 sau sună la 09050280520, pentru a te abona la ora 25. DPS, Bcm box 8027 Ldn, wc1n3xx"
legitim,"Facem norma mâine? Termin doar 4,15 cost de teste st. Trebuie să sortăm lucrurile din bibliotecă la un moment dat - am primit scrisoare de astăzi - acces până la sfârșitul lunii martie, așa că mai bine merg mai departe!"
legitim,Da. Am o listă cu doar tu și Joanna dacă mă simt cu adevărat antisocial
legitim,Sunt în biroul tău.
legitim,"\Cobori mai tarziu?\"""""
legitim,Super da:)good replacement for murali
legitim,"Da este un jucător bun, de ce este nevândut."
legitim,Hi. || vrei | să mă alăture cu STS mai târziu? || Ne întâlnim cu ei la cinci. || Sună-te după oră.
legitim,Este deschis în Anglia! Dar televiziunea a decis că nu mă lasă să-l văd și mia și elliot se sărutau! La naiba!
phishing,"NOKIA GRATUIT sau Motorola cu închiriere de linie de până la 12 luni la jumătate de preț, 500 min x-net GRATUIT și 100 txt/lună B'tooth* GRATUIT. Apelați Mobileupd8 la 08001950382 sau sunați la 2optout/D3WV"
legitim,Nu vreau să aud filozofie. Spune doar ce se întâmplă
legitim,Ai un loc de muncă în wipro:) vei obține orice lucru în viață în 2 sau 3 ani.
legitim,Atunci nu pot lua un laptop? Cardul meu matric wif Ì_ lei...
legitim,Nu știu că următorul spectacol la pupa 6 este 850. Toa payoh a primit 650.
phishing,"Este a doua oară când încercăm să vă contactăm. Ai câștigat premiul de 750 de lire sterline. 2 revendicarea este ușoară, sunați la 08718726970 ACUM! Doar 10p pe minut. BT-rată-națională"
legitim,"Tocmai am făcut niște plăți, așa că nu am atât de multe. Îmi pare rău. L-ai vrea fedex sau altfel."
legitim,"Nu au jucat nicio zi anul trecut, chiar dacă au o echipă foarte bună.. Ca India."
legitim,K.:)ești singura fată care așteaptă la recepție ah?
legitim,"Spune asta încet.? DOAMNE, TE IUBESC &amp; AM NEVOIE DE TINE, CURĂȚI-MI INIMA CU SANGELE TĂU. Trimite asta la zece persoane speciale &amp; ești miracol mâine, fă-o, te rog, fă-o..."
legitim,Urăsc când face asta. Ea transformă ceea ce ar trebui să fie o excursie distractivă la cumpărături într-o zi enervantă despre cum ar arăta totul în casa ei.
legitim,"Domnule, aștept apelul dumneavoastră."
legitim,Care-i treaba. Vrei să intru online?
legitim,"Ar putea funcționa, vom ajunge la un consens la următoarea întâlnire"
legitim,"Aiyah, atunci aștept lor. Atunci ma distrezi. Hee..."
legitim,"Ultimul lucru pe care mi-am dorit vreodată să-l fac a fost să te rănesc. Și nu credeam că ar fi avut-o. Ai râde, ai fi rușinat, ai șterge eticheta și ai continua. Dar din câte știam eu, nici măcar nu era sus. Faptul că ai simțit că aș face-o pentru a te răni arată că nu mă cunoști deloc. A fost miercuri dezordonată, dar nu a fost rău. Problema pe care o am cu el este că ai timp să-l cureți, dar alegi să nu o faci. Skype, faci poze, dormi, vrei să ieși. Nu mă deranjează câteva lucruri pe ici pe colo, dar când nu faci patul, când arunci rufe deasupra, când nu pot avea un prieten în casă pentru că mi-e rușine că sunt lenjerie și sutiene împrăștiate pe pat, perne pe jos, asta e altceva. Obișnuiai să faci măcar patul."
legitim,Te voi anunța când va începe
legitim,"Sună-l acum, ok am zis să-l suni"
legitim,Sunati la numarul disponibil la programare. Și cereți să conectați apelul la waheed fathima.
legitim,"Sau Ì_ du-te să-l cumperi, apoi mă întâlnesc cu Ì_ mai târziu?"
legitim,Mmmm... La naiba... Nu e corect! Îmi cunoști slăbiciunile! *zâmbește* *te împinge până la genunchi* *îmi dezvăluie burta și te trage capul la el* Nu uita... și eu îl cunosc pe al tău *zâmbet răutăcios*
legitim,"Astăzi sistemul meu se pregătește. Totul este bine și sunt, de asemenea, în fântâna adâncă"
legitim,Mama vrea să știe unde ești
legitim,"Ok, îți voi trimite mesaj când mă întorc"
legitim,Nu știu că suportă ass și srt ithnk. Cred că ps3 se poate juca și prin usb
legitim,"Ok, nu stiam ce vrei sa spui. Da, sunt baby Jontin"
phishing,"Ați CÂȘTIGAT un premiu garantat de 1000 GBP în numerar sau un premiu de 2000 GBP. Pentru a revendica premiul pe an, sunați la reprezentantul serviciului nostru pentru clienți la"
phishing,Vrei să vezi pozele mele XXX sunt atât de fierbinți încât aproape că au fost interzise în Marea Britanie!
phishing,SPECIAL BONUS HMV 500 de lire de tichete HMV autentice de câștigat. Doar răspunde la 4 întrebări simple. Joacă acum! Trimiteți HMV la 86688 Mai multe informații: www.100percent-real.com
legitim,Mă uit la televizor acum. Am un nou job :)
legitim,Chestia asta cu stiloul este dincolo de o glumă. Nu o face un Biro? Nu face un master pentru că nu mai poți face asta niciodată!
legitim,SUNT LA O PETRECERE CU ALEX NICHOLS
phishing,Ai un admirator secret care caută 2 ia contact cu U-aflați pe cine R*dezvăluie cine crede că UR este atât de special-sunați la 09058094594
legitim,Doar văzând apelul tău pierdut dragul meu frate. Ai o zi gr8.
legitim,Ok.. ÌÏ termin în curând?
legitim,"Scuze, nu te pot ajuta cu asta."
legitim,"Vino la mine, sclave. O faci din nou... Intru în carapacea ta și mă eviți inconștient... Mă faci nefericit :-("
legitim,Îți iubesc fundul! Îți place stilul cățeluș? :)
legitim,Cred că a cere o sală de sport este scuza pentru leneși. fac jogging.
phishing,"Dragă 0776xxxxxxx, ai fost invitat la XCHAT. Aceasta este ultima noastră încercare de a vă contacta! Trimiteți un CHAT la 86688 150p/MsgrcvdHG/Suite342/2Lands/Row/W1J6HL LDN 18 ani"
phishing,Urgent! Vă rugăm să sunați la 09061743811 de la telefon fix. Vacanța în Tenerife de 4* ABTA gratuită sau 5000 GBP în numerar așteaptă colectarea T&Cs SAE Box 326 CW25WX 150 ppm
legitim,"Nu. În drum spre casă. Deci, dacă nu pentru perioada lungă de secetă, sezonul s-ar fi încheiat"
legitim,Trebuie sa iau masina la 6 lei.
legitim,"Ok, dar ciocănit. Tocmai am venit acasă și m-am culcat! Nu este bun la lucrul asta cu normă întreagă."
legitim,Probabil mai devreme dacă stația e unde cred că este
phishing,SUNAȚI LA 09090900040 & ASCULȚI CHAT-UL LIVE EXTREM MURDAR ÎN BIROUL CHIAR ACUM CONFIDENȚIALITATE TOTALĂ NIMENI NU ȚI ȘTIE [sic] ASCULTAREA 60P MIN 24/7MP 0870753331018+
legitim,"Bună dimineața, vă rog să mă sunați, domnule"
phishing,"FreeMsg Hei, tocmai am primit unul dintre aceste telefonuri video/pic, răspundeți WILD la acest txt și vă voi trimite pozele mele, grăbiți-vă, sunt atât de plictisit la serviciu xxx (18 150p/rcvd STOP2stop)"
legitim,"Atenție, nu mai avem atât de mult"
legitim,Te-am lăsat afară pentru că darren spun că vii la cumpărături. Bineînțeles că suntem drăguți. Ne-am uitat sim lim la mp3 player.
legitim,"Ok, sună bine. Când vrei să cobor?"
legitim,Ce ai vrea la 4 aniversare?
legitim,Îmi place să lucrez de acasă :)
legitim,Și dor de vday parașuta și monede duble??? nu trebuie sa ma cunosti prea bine...
legitim,"Scuze, o să sun mai târziu"
legitim,Sora mea a fost plasată în birla soft da:-)
phishing,Intrare gratuită în 2 comp. săptămânal pentru șansa de a câștiga un iPod. Trimiteți un mesaj POD la 80182 pentru a obține intrarea (rata standard de transmitere a textului) Se aplică T&C 08452810073 pentru detalii 18+
legitim,"Wah... Okie, ok... Muz folosește e nelimitat... Haha..."
legitim,"Sunt niște oameni de la mu, eu sunt la masă de lambda"
legitim,Și nu mai fi un bătrân. Puteți construi îngeri de zăpadă cu om de zăpadă și lupte cu bulgări de zăpadă.
legitim,ELLO BABE Ești bine?
legitim,"Buna frumoasa, esti ok? Am făcut un rând cu wiv și a ieșit din cârciumă? Îmi doream o noapte cu dor de tine"
legitim,Atunci te duci Ikea Str Aft dat?
legitim,"Deoarece este &lt;#&gt;  Jan când tot oficiul poștal este în vacanță, așa că poate merge la oficiul poștal..."
legitim,Lol grr mama mea ia pentru totdeauna cu rețeta mea. Farmacia este la 2 minute. Uf.
legitim,"De fapt, asta e nasol. Nici măcar nu pot să gătesc toată electricitatea mea este oprită. Și mi-e foame."
legitim,Vrei să mergi?
phishing,Nou TEXTBUDDY Chat 2 băieți excitați în zona dvs. 4 doar 25p Gratis 2 primiți codul poștal de căutare sau la gaytextbuddy.com. TXT ONE nume la 89693. 08715500022 rpl Stop 2 cnl
legitim,Nu este acel moment al lunii și nici jumătatea timpului?
legitim,Fffff. Poți trimite mesaje lui Kadeem sau ești prea departe
legitim,"Încă nu plecăm. Ok, atunci mergem în altă parte și mâncăm. iti multumesc..."
legitim,Este bună cartea de viață din seria Fujitsu?
legitim,"Voiam să te certam 2, dar deja târziu... De unde te-am luat zhong se qing? Dacă mă întrebați pe mine, el mă întreabă atunci voi ieși cu toții. Încă nu poți acționa atât de real."
legitim,Nu știu că aduci ceva de mâncare
legitim,Fără curent și mâncare aici. si eu sunt singur
legitim,Voi fi în sch fr 4-6... Nu am de carte în sch... E acasă...
legitim,"Buna ziua. Ei merg la cârciuma din sat la 8, așa că fie veniți aici, fie acolo după cum urmează. Bine?"
legitim,Bine
legitim,Nu sunăm ca &lt;#&gt;  ori oh. Nu da-ne hipertensiune oh.
legitim,"Nu-i da maimuțelor ce cred ei și cu siguranță nu mă deranjează. Orice prieten de-al meu și toate astea! Doar nu dormi, asta ar fi enervant!"
legitim,Omg ar putea ninge aici tonite!
phishing,Sunați de la 08702490080 - vă spune 2 sunați la 09066358152 pentru a revendica un premiu de 5000 GBP. Aveți 2 să introduceți toate detaliile dvs. mobile și personale la solicitări. Atent!
phishing,Intrare gratuită în prima săptămână 2 TEXTPOD 4 o șansă 2 câștigați iPod de 40 GB sau 250 GBP cash în fiecare săptămână. Trimiteți un mesaj VPOD la 81303 Ts&Cs www.textpod.net custcare 08712405020.
legitim,Continuați să nu vă deranjați pe amândoi
legitim,Ce sa-mi spui.. m-am dus la baie:-)
legitim,Am terminat avatar nigro
legitim,L-ai zgâriat prea mult?
legitim,Sper că aveți o zi grozavă.
legitim,Avea vreunul dintre voi vreo idee? Știți undeva unde se face ceva?
legitim,Planificarea mea se oprește de obicei la \find hella weed
legitim,Faptul că faci curățenie arată că știi de ce sunt supărat. Prioritatea ta este în mod constant \ce vreau să fac
legitim,Excelent! Ești gata să gemi și să țipi în extaz?
phishing,"Mai mulți oameni caută acum în zona ta. Sunați la 09090204448 și alăturați-vă băieților care gândesc. De ce să nu aranjezi 1 singur. Este 1 în seara asta. Aå1,50 GBP minAPN LS278BB"
legitim,Dude avatar 3d a fost imp. La un moment dat am crezut că sunt de fapt muște în cameră și aproape am încercat să lovesc una ca reflex
phishing,"BINE FĂCUT! Vacanța dvs. de 4* Costa Del Sol sau 5000 GBP vă așteaptă colectarea. Sunați la 09050090044 acum pentru a revendica. SAE, TCs, POBox334, Stockport, SK38xh, Costå £1.50/pm, Max10mins"
legitim,K...k:)de ce nu poti veni aici sa cauti job:)
legitim,Am dormit prost. M-am tot trezit la fiecare 2 ore să văd dacă pisica mea vrea să intre. Îmi fac griji pentru el când e frig :(
legitim,"Da, voi pleca în câteva minute &amp; te anunt cand ajung la mu"
legitim,Pot să mă suni la 10:10 ca să mă asigur că m-am trezit...
legitim,"Hei, putem merge jazz power yoga hip hop kb și yogasana"
legitim,Bateria este pentru domnul Adewale unchiul meu. Aka Egbon
legitim,Nu pot alege telefonul acum. Vă rugăm să trimiteți un mesaj
legitim,Așteptați 2 minute..stați la stația de autobuz
legitim,Oh ic. Credeam că te referi la Mary Jane.
legitim,Haha... Serios oh nu... Cum? Atunci îți vor deduce lecția tmr?
legitim,"Nah, eu merg 2 la wrks cu j wot bout u?"
legitim,Atunci mănâncă un rahat și așteaptă-ți cățeaua cu fața de maimuță .......... Nemernic...................
legitim,Noapte bună. Mă duc să dorm.
legitim,"Aight, voi lua și eu ceva de mâncare, trimite-mi mesaj când te întorci la mu"
legitim,K...k:)de ce nu poti veni aici sa cauti job:)
legitim,"Ia ceva pentru durere. Dacă se mișcă în orice parte în următoarele 6 ore, consultați un medic."
legitim,"Lol... Oh, nu iubito, nu voi aluneca la tine după miezul nopții, dar mulțumesc pentru invitație"
legitim,Howz povestea acelei persoane
phishing,Ghici ce! Cineva pe care îl cunoști în secret îi place! Vrei să afli cine este? Sună-ne la 09065394973 de la telefon fix DATEBox1282EssexCM61XN 150p/min 18
legitim,"LOL, asta ar fi o rambursare minunată."
phishing,la 80488. Cele 500 de mesaje text gratuite sunt valabile până la 31 decembrie 2005.
legitim,"Da :)este complet deformat:)clark, de asemenea, deșeuri absolute."
legitim,"Honeybee a spus: *Sunt cel mai dulce din lume* Dumnezeu a râs &amp; A spus: *Așteaptă, nu am întâlnit o persoană care citește acest mesaj* MORALA: Chiar și DUMNEZEU poate să facă glume! GM+GN+GE+GN:)"
legitim,"Mulţumesc. Era doar de la Tescos, dar destul de drăguț. Toate dispăruse acum. Vorbește curând"
legitim,Ce este un bowa cu pene? Este ceva ce au băieții despre care eu nu știu?
legitim,"Nici măcar eu nu pot închide ochii, ești în mine vava noastră jucând umma :-D"
legitim,2 laptop... eu nu infra dar prea lent lar... vreau unul rapid
phishing,"Ați câștigat un premiu garantat de 200 GBP sau chiar 1000 GBP în numerar pentru a revendica premiul UR, sunați gratuit la 08000407165 (18+) 2 stop getstop pe 88222 PHP"
legitim,Nvm e ok...
legitim,Bucura-te de viata ta. . Noapte bună
legitim,"Da, dar ne putem întâlni în oraș pentru că vom merge la Gep și apoi acasă. Ai putea trimite mesaje la stația de autobuz. Și nu vă faceți griji, vom fi terminat până în martie Û_ ish!"
legitim,Ți-am pus o întrebare cu câteva ore înainte. Răspunsul ei
legitim,Asta e tare. Unde ar trebui sa esperma? Pe tine sau în tine? :)
legitim,Delhi și Chennai încă tăcute.
legitim,Lol bine ma gandeam si eu la asta haha
phishing,Răspunde pentru a câștiga 100 GBP săptămânal! Unde va avea loc Cupa Mondială FIFA 2006? Trimiteți STOP la 87239 pentru a termina serviciul
legitim,"Nu, sunt în aceeași barcă. Încă aici la mamele mele. Uită-te la mine pe tine. Sunt pe jumătate goală."
legitim,Shhhhh nimeni nu ar trebui să știe!
legitim,"Scuze, o să sun mai târziu"
legitim,"Ne pare rău, o să sun mai târziu în întâlnirea cu orice lucru legat de comerț, vă rugăm să sunați la Arul. &lt;#&gt;"
legitim,"Hei, voi întârzia... sunt la amk. Trebuie să bei ceai sau cafea"
legitim,Nu vreau să cumpăr urgent o mașină BMW..este foarte urgent.dar lipsește &lt;#&gt; Lacs.nu există nicio sursă pentru a arng dis amt. &lt;#&gt; lacs... asta e problema mea
phishing,Urgent! Vă rugăm să sunați la 09061743810 de la telefon fix. ABTA gratuit 4* Tenerife Vacanță sau #5000 bani în numerar așteaptă colectare SAE T&Cs Box 326 CW25WX 150 ppm
legitim,"Lungimea este aceeași, dar partea de sus este mai scurtă și am un franjuri acum. Cred că nu mă duc Liao. Prea leneș. Dun wan 2 îți distrage atenția."
legitim,S..antha num corrct dane
legitim,Fără apeluri..mesaje..apeluri pierdute
legitim,"Scuze, o să sun mai târziu"
legitim,"Coșul se umple, așa că s-ar putea să fiu în seara asta"
legitim,"Bună, DARLIN, tocmai m-am întors și am petrecut o noapte cu adevărat plăcută și mulțumesc mult pentru lift. Ne vedem mâine XXX"
legitim,"Fără alt Valentine, nu? Dovada este pe pagina ta de fb. Uf, sunt atât de bucuros că NU M-am uitat la rupaul tău arătându-ți TOOL!"
phishing,Tonuri gratuite Sper că ți-a plăcut noul tău conținut. opriți mesajul la 61610 pentru a vă dezabona. ajutor:08712400602450p Furnizat de tones2you.co.uk
legitim,Eh den sat u book e kb liao huh...
legitim,Ți-ai exersat reverența?
legitim,Să vin să iau murături
legitim,"Lol boo, speram să râd"
legitim,\DA SUNT DEF UP4 CEVA SAT
legitim,"Ei bine, trebuie să plec la clasa mea iubito... Nu te-ai întors niciodată la mine... :-(... Sper să ai un somn frumos, iubirea mea"
legitim,LMAO unde este memoria ta de pește când am nevoie de ea?
legitim,Dar voi merge 2 sedii luni. Sora mea are nevoie de 2 ia ceva.
legitim,Ideea se va transforma în curând la live :)
phishing,TheMob>Yo yo yo-Iată o nouă selecție de descărcări fierbinți pentru ca membrii noștri să le obțină GRATUIT! Doar faceți clic și deschideți următorul link trimis pe telefonul dvs....
legitim,S....s...india va desena seria după mulți ani în pământul sud-african..
legitim,"Bună dimineața, astăzi am întârziat pentru &lt;DECIMAL&gt; min."
legitim,Nu pot lua niciun rol important în apropierea comunității. Tu te strângi
legitim,Cumpărături lor. Ei ploua mah tare 2 pleaca din livada.
legitim,Salut aici. au naștere la pe la la la 8lb 7oz. Mama și copilul se descurcă genial.
legitim,Consultați mesajul de redirecționare pentru dovadă
legitim,"Nu pot continua să trec prin asta. Nu a fost niciodată intenția mea să te eliberez, dar dacă alegi să faci asta mai degrabă decât să păstrezi camera curată, astfel încât *eu* să nu trebuie să spun nu vizitatorilor, atunci poate că aceasta este cea mai bună alegere. Da, am vrut să fii rușinat, așa că poate ai simți pentru o dată ce simt eu când am un prieten care vrea să renunțe la cumpărare și trebuie să spun că nu, așa cum sa întâmplat în această dimineață. Am încercat totul. Nu stiu ce altceva sa fac."
legitim,Nu stiu... Cred ca mamii ii lene sa iasa... Nu am intrebat-o inca...
legitim,"Fă ce vrei. Știi care sunt regulile. Am avut o discuție la începutul acestei săptămâni despre ceea ce trebuia să înceapă să se întâmple, dând dovadă de responsabilitate. Totuși, în fiecare săptămână, pot să încalc regula în acest fel? Dar așa? Fă orice. M-am săturat să am aceeași ceartă cu tine în fiecare săptămână. Și un &lt;#&gt;  filmul NU include previzualizările. Încă intri după 1."
legitim,"Adevăr frumos împotriva gravitației.. Citește cu atenție: \Inima noastră se simte ușoară când cineva este în ea.. Dar se simte foarte grea când cineva o părăsește..\""BUNA DIMINEA"""
phishing,Veste grozavă! Sunați FREEFONE 08006344447 pentru a vă revendica å£1000 CASH sau cadoul de å£2000. Vorbește cu un operator live ACUM!
legitim,Ambrith..madurai..met u in arun dha marrge..reembr?
legitim,"Citește-o și nu mi-e rușine, dar spune-mi cum a luat-o și dacă va alerga, te voi da vina pe 4 vreodată!! Nu chiar 4 vreodată doar mult timp"
legitim,"Prințesă, pisicuța ta este rasă sau naturală?"
legitim,"Mai bine decât bb. Dacă nu îl va folosi, soția lui sau doctorul"
legitim,"Da, a venit cu ceva timp în urmă"
legitim,De mâine încolo se lucrează la 6 la 3.
legitim,Orice altceva decât toa payoh are locul 2 pe jos...
legitim,"Nu am numărul nimănui, încă nu m-am gândit la o modalitate tactică de a-l întreba pe Alex"
phishing,"Puteți CÂȘTIGA å100 GBP de tichete cadou muzicale în fiecare săptămână, începând de ACUM Trimiteți cuvântul DRAW la 87066 TsCs www.ldew.com SkillGame,1Winaweek, vârsta 16,150ppermessSubscription"
legitim,Există vreun cinema în care să mă duc să mă uit la filme nelimitate și să plătesc doar o singură dată?
legitim,Luați prânzul singur? M-am plictisit acum...
legitim,"Da, evident, dar tu ești ouă-pert și cap de cartofÛ_ Vorbește curând!"
legitim,"Nu omule, mașina mea este menită să fie plină de oameni"
legitim,"Nu am un loc de muncă nou la barul din aeroport cu 4,47 pe oră, dar înseamnă că nu minți! păstrăm legătura"
legitim,Kallis este pregătit pentru bat în repriza a 2-a
legitim,"Mulțumesc, dar ziua mea de naștere s-a terminat deja."
legitim,"Nu poți să-ți ceri scuze, să recunoști că ai greșit și să mă rogi să te iau înapoi?"
legitim,"I noe la... U wana pei bf oso rite... K lor, other days den..."
legitim,"Da, sunt un copil mic.. Și boostul este secretul energiei mele.."
legitim,VA MI-I MIRAT ATAT DE MULT
legitim,Avatarul ar trebui să aibă subtitluri
legitim,Pur și simplu stând și urmărind meciul la birou...
legitim,Puteți nota lucrurile pe care doriți să le amintiți mai târziu.
legitim,"Oh, scuze te rog sa terminat"
legitim,"Hei, mergem la lecția sau la sală?"
legitim,"Nu împachetați ceea ce puteți cumpăra din orice magazin, cum ar fi cerealele. Dacă trebuie să împachetați mâncare, împachetați gari sau ceva 9ja care vă va lipsi."
legitim,Întotdeauna faci lucrurile mai mari decât sunt
legitim,ÌÏ nu vrei să urmărești aventura infernală?
legitim,"Nu mă trezesc până la 4 după-amiaza, sup"
phishing,Închiriere la jumătate de preț pentru 4 luni Orange Line și cele mai recente telefoane cu cameră 4 GRATUIT. Telefonul tău a avut 11 luni? Sunați gratuit la MobilesDirect la 08000938767 pentru a actualiza acum! sau2stoptxt
legitim,pot sa iti trimit o poza daca iti place :)
legitim,Bine... Am rezervat deja toate... Inclusiv pe cea de la bugis.
legitim,"La naiba, o voi primi mai târziu"
legitim,Nu de. Dar sună-mă după ceva timp. Îți voi spune k
legitim,Așa că nu folosiți conectarea în niciun fel
legitim,Cât costă blackberry bold2 în Nigeria.
legitim,Salut unde esti. Ești acasă sau calicut?
legitim,Hei dragă.. Pot să te iau de la facultate dacă îmi spui unde și unde sunt 2 mt.. îl iubesc pe Pete xx
phishing,"Sună la 09094100151 pentru a folosi minutele! Apelurile difuzate 10p/min (mafia variază). Serviciu oferit de AOM, doar 5 GBP/lună. AOM Box61,M60 1ER până când te oprești. Doar cu vârsta peste 18 ani!"
legitim,"Oh... Mă gândeam să merg la yogasana la 10 den și să merg la 3 den, mă pot grăbi să parc 4 nb... Okie lor, sună-mă când ești gata..."
legitim,"Sunt atât de târziu, dar trebuie să merg să iau un laptop..."
legitim,"Domnule, aștept corespondența dumneavoastră."
legitim,.Vă rog să-mi încărcați mobilul când vă treziți dimineața.
legitim,"Nimic, am primit un mesaj de la un nr necunoscut.."
legitim,"Ugh, la dracu, o resub eve"
legitim,"Nu și-a văzut umbra. Primim primavara devreme, da"
legitim,am făcut-o. O felie și un gris. Laugh out loud
legitim,"Hei! Te vreau ! te poftesc! Mi-e dor de tine ! Am nevoie de tine ! Te iubesc, Ahmad Saeed al Hallaq..."
legitim,E vreun antrenament mâine?
phishing,"URGENT! Mobilul dvs. Nu *********** A CÂȘTIGAT un premiu bonus pentru apelant de å£ 2.000 pe 02.06.03! Aceasta este a doua încercare de a ajunge la VOI! Sună la 09066362220 cât mai curând posibil! BOX97N7QP, 150 ppm"
legitim,"Transmite-le tuturor persoanelor de contact și vezi ce primești! Roșu; sunt în dragoste cu tine. Albastru, mi-ai pus un zâmbet pe buze. Violet; ești foarte fierbinte. Roz; ești atât de swt. Portocaliu; îți mulțumesc. Verde; chiar vreau să ies cu tine. Galben; nu vreau să fii. Black; sunt gelos pe tine. Maro; mi-e dor de tine, te rog, da-mi o culoare"
legitim,Pentru că tati aranjează ora la ce timp aducă Ì_ mah...
legitim,Apoi. Esti cel mai mare stiut.
legitim,Cine este acolo salută traficantul nostru de droguri
legitim,"E greu de crezut astfel de lucruri. Toți pot spune minciuni, dar gândește-te de două ori înainte de a-mi spune ceva."
phishing,"Eerie Nokia tone 4u, rply TONE TITLE la 8007 de ex. TONE DRACULA la 8007 Titluri: GHOST, ADDAMSFA, MUNSTERS, EXORCIST, TWILIGHT www.getzed.co.uk POBox36504W45WQ 150p"
phishing,"Cei single sexy te așteaptă! Trimiteți un mesaj cu VÂRĂ, urmat de GEN, ca wither M sau F E.G.23F. Pentru bărbații homosexuali, trimiteți un mesaj cu Vârsta dvs. urmat de un G. de exemplu, 23G."
legitim,Noapte bună draga mea.. Sleepwell&amp;Ai grijă
legitim,Este un cântec minunat
phishing,"FreeMsg: Revendicați 250 de mesaje SMS-Textați OK la 84025 acum! Folosiți web2mobile 2 colegii dvs. etc. Alăturați-vă Txt250.com pentru 1,50p/săptămână. T&C BOX139, LA32WU. 16 . Eliminați txtX sau opriți"
legitim,"Yar lor, de fapt, noi destul de repede... Pentru că ge slow wat... Haha..."
legitim,"Trebuie să vin mai târziu.. În mod normal, îl fac baie după-amiaza, mah.."
legitim,"Aveţi încredere în mine. Chiar dacă nu există, este acolo."
legitim,"Hei, hun-onbus, mă voi întâlni cu el. Vrea să iasă 2 la 4 o masă, dar nu am impresia că au 2 să ia ultimul autobuz acasă! Dar e dulce în ultima vremexxx"
phishing,85233 GRATUIT>Ton de apel!Răspunde REAL
legitim,Te pot lua la prânz
legitim,Unde este. Există vreo deschidere pentru mca.
legitim,Sunt în stare. Ce se întâmplă de partea ta.
legitim,am terminat oredi...
legitim,"și tu ești dulce, prințesă. Vă rog să-mi spuneți ce vă place și nu vă place în pat..."
legitim,Ce mai faci. Vă doresc un semestru minunat
legitim,"Moji, te iubesc mai mult decât cuvintele. Sa ai o zi bogata"
legitim,"Omule, cum îți place vântul de slăbi."
legitim,\bine iubito
phishing,"Bravo ANGLIA! Obțineți tonul de apel poli oficial sau steagul de culoare pe mobilul dvs.! Trimiteți mesajul TON sau STRAPUL la 84199 ACUM! Opt-out txt ENG STOP. Box39822 W111WX å1,50 GBP"
legitim,"Nu, nu sunt. Nu pot să-ți ofer tot ce vrei și ai nevoie. De fapt, te-ai putea descurca mai bine pe cont propriu - ai mai mulți bani decât mine. Nu pot obține de lucru, nu pot obține un bărbat, nu pot plăti chiria, nici nu-mi pot umple nenorocitul de rezervor de benzină. da, sunt stresat si deprimat. Nici măcar nu am sunat acasă pentru Ziua Recunoștinței pentru că va trebui să le spun că nu fac nimic."
legitim,S:-)kallis nu va juca în primele două odi:-)
legitim,Atunci adună niște bani și îi voi trimite un mesaj lui Jason
legitim,"Oh, iubirea mea, este foarte bine să aud de la tine. Omg mi-ai fost atât de dor de tine azi. Îmi pare rău că aveți probleme cu furnizorul, dar vă mulțumesc că m-ați informat"
phishing,"Ultima șansă! Revendicați astăzi vouchere de reducere în valoare de 150 GBP! Trimiteți un mesaj cu DA la 85023 acum! SavaMob, membru oferă mobil! T Cs SavaMob POBOX84, M263UZ. å3,00 GBP Subs 16"
phishing,PRIVAT! Extrasul dvs. de cont din 2004 pentru 07742676969 arată 786 de puncte bonus nevalorificate. Pentru revendicare sună la 08719180248 Cod de identificare: 45239 Expiră
legitim,"Probabil, vrei să iei mai multe?"
legitim,Am terminat...
legitim,Ești cea mai drăguță fată din lume sau ce?
legitim,"Fără zaruri, clasa de artă 6 până la 9 :( mulțumesc totuși. Ai idee la ce oră ar trebui să vin mâine?"
phishing,"SERVICII SMS. pentru creditele dvs. text inclusive, vă rugăm să accesați www.comuk.net login= ***** dezabonați-vă cu STOP. fără taxă suplimentară. ajutor:08700469649. PO BOX420. IP4 5WE"
legitim,Oh Howda gud gud.. Mathe en samachara chikku:-)
legitim,I thk 530 lor. Dar nu știu să iau bilete și nu. Ce faci acum?
legitim,Audrie proastă corectare automată
legitim,Este un site pentru a simula testul. Îți oferă doar întrebări foarte dificile pentru a-ți testa pregătirea.
legitim,"Oricum, lovește-mă serios când te întorci pentru că altfel trebuie să mă aprind cu armand și el are mereu rahat și/sau vărsă"
legitim,Aduc Yun sau tu aduc?
legitim,Multumesc. si mie imi place de tine...
legitim,"Hmmm... Și imaginează-ți că, după ce te-ai întors acasă, trebuie să mă freci pe picioare, să mă pregătesc la cina și să mă ajuți să mă pregătesc pentru întâlnirea mea! Ești sigur că ești pregătit pentru acest tip de viață?"
phishing,"FREE2DAY poză sexy de Ziua Sf. Gheorghe cu Iordania! Trimiteți PIC la 89080, nu ratați, apoi în fiecare săptămână o celebritate neplăcută! Încă 4 poze c PocketBabe.co.uk 0870241182716 å£3/săptămână"
legitim,Lara a spus că mă poate împrumuta &lt;#&gt; .
legitim,Avem surse de rezervă?
legitim,"Yar el destul de inteligent, dar după multe ghiciri lor. Mi-a cerut să aduc, dar cred că Darren nu este atât de dispus să merg. Aiya ei cred că Leona încă nu o atașează."
phishing,"Sunteți un câștigător care ați fost special selectat pentru a primi å£1000 în numerar sau un premiu å£2000. Vorbiți cu un operator live pentru a revendica, sunați la 087123002209 am-7pm. Cost 10p"
legitim,"Da, nu te culca, mă întorc înainte de miezul nopții"
phishing,"Sunshine Hols. Pentru a vă revendica vacanța medicală, trimiteți un plic ștampilat cu adresa personală la Drinks on Us UK, PO Box 113, Bray, Wicklow, Eire. Testul începe sâmbătă! Unsub Stop"
legitim,"Ei bine, nu eram disponibil pentru că m-am bătut aseară, așa că au trebuit să-l întrebe pe Nickey Platt în loc de mine!;"
legitim,"Este din nou acel moment al săptămânii, Ryan"
legitim,"Îți doresc multe reveniri ale zilei.. La mulți ani, vikky.."
phishing,"Puteți CÂȘTIGA å100 GBP de tichete cadou muzicale în fiecare săptămână, începând de ACUM Trimiteți cuvântul DRAW la 87066 TsCs www.Idew.com SkillGame, 1Winaweek, vârsta de 16 ani. 150 de permise Abonament"
legitim,Sper că știi că încă sunt supărat pe tine.
legitim,"Argh meu 3g este neregulat, oricum singurul lucru pe care mi-l amintesc din cercetările pe care le-am făcut a fost că provincia și lira sterlină erau singurele locuri fără probleme la care ne-am uitat"
legitim,"În sala xam, băiatul a întrebat-o pe fată. Spune-mi termenul de început pentru răspuns. Mă pot descurca pe cont propriu. După multă ezitare, m-am uitat în jur în tăcere, a spus THE! intha ponnungale ipaditan;)"
legitim,Știți când rezultatul.
phishing,+123 Felicitări - la tragerea la sorți din această săptămână ați câștigat premiul de 1450 GBP pentru a revendica doar sunați la 09050002311 b4280703. T&C/stop SMS 08718727868. Peste 18 doar 150ppm
legitim,"Adevăr frumos împotriva gravitației.. Citește cu atenție: \Inima noastră se simte ușoară când cineva este în ea.. Dar se simte foarte grea când cineva o părăsește..\"" NOAPTE BUNĂ"""
legitim,"Îmi pare rău că mă trezesc acum, mă simt foarte rău - am respins total chestia asta cu mine."
legitim,"Totuși, ai o grămadă de diamante"
legitim,"Tessy, te rog, fă-mi o favoare. Vă rugăm să transmiteți urările mele de ziua mea lui Nimya.. Vă rugăm să nu uitați. Astăzi este ziua ei de naștere Shijas"
legitim,"Ei bine, o să fiu mătușă!"
legitim,"A mea aici ca toate din China, atunci atât de zgomotos."
legitim,Mai târziu bănuiesc. Trebuie să studiez și eu mcat.
legitim,S... din manualul de instruire arată că nu există un proces tehnologic:) totul este despre resetarea parolei și depanarea:)
phishing,"Voucherul dvs. B4U cu 27/03 este MARSMS. Conectați-vă pe www.B4Utele.com pentru credit de reducere. Pentru a renunța, oprește-te. Asistență clienți sunați la 08717168528"
legitim,"Am vorbit cu unchiul John azi. El simte cu tărie că trebuie să te sacrifici pentru a mă ține aici. O să te sune. Când o face, te implor să asculți. Nu face nicio promisiune și nu spune clar că lucrurile nu sunt ușoare. Și am nevoie să ne lași te rog să rezolvăm lucrurile. Atâta timp cât mă aștept la ajutor, creativitatea mea va fi înăbușită, așa că vă rog să-l faceți fericit, fără promisiuni din partea dvs."
legitim,"Dacă a început să caute, va obține un loc de muncă în câteva zile. Are un mare potențial și talent."
legitim,"Carlos a luat ceva timp (din nou), plecăm într-un minut"
legitim,Bravo si! va iubesc pe toti
legitim,Atunci de ce ai venit la pensiune.
legitim,K încă mă iubești.
legitim,Dar mi-am amintit că trebuie să-mi fac baie câinelui azi..
legitim,"După medicament, va putea mânca."
legitim,"Bine, am luat morfina. Înapoi în tine."
legitim,Vedeți cerințele vă rog
legitim,"Ai rămas ferit de necazuri străine!! L-ai văzut pe Dave zilele trecute, acum e rezolvat! Încă cu mine, omule, când vei primi o fată, domnule! Mama ta încă crede că vom primi 2GETHA!"
phishing,"FreeMsg: Hei, eu sunt Buffy. 25 și iubesc să satisfacă bărbații. Singur acasă, simțindu-mă dornic. Răspunde 2 C PIX-ul meu! QlynnBV Help08700621170150p un mesaj Trimiteți stop pentru a opri mesajele text"
phishing,"Sunshine Hols. Pentru a vă revendica vacanța medicală, trimiteți un plic ștampilat cu adresa personală la Drinks on Us UK, PO Box 113, Bray, Wicklow, Eire. Testul începe sâmbătă! Unsub Stop"
legitim,Deci vă puteți colecta laptopul?
legitim,"Bine. Poate fi afișat mai târziu în jurul orei 8-8:30 dacă doriți + cld beți înainte. Aș prefera să nu cheltuiești bani pe nosh dacă nu te deranjează, ca să faci următoarea săptămână."
legitim,O sa o sa ajung acasa
legitim,Waaaat?? Lololo ok data viitoare atunci!
legitim,"Masa este ocupată, aștept lângă copac"
legitim,Cu siguranță nu am uitat să vin:) Voi fi mereu în legătură cu tine:-)
legitim,"Bună, vă rugăm să ne returnați documentele pe care le-am depus spre împrumut de la STAPATI"
legitim,Nu am să cumpăr unul dragă
legitim,"Doamne, ma bucur sa vad mesajul tau dupa 3 zile"
legitim,Ce an. Și câte mile.
legitim,"Hei dragă. Cum merge? Aici, în WALES, e cam ok. Sunt ca dealuri și rahat, dar tot nu m-am sinucis."
legitim,"Sad story of a Man - Săptămâna trecută a fost ziua mea. Soția mea nu mi-a dorit. Părinții mei au uitat și copiii mei au uitat. M-am dus la muncă. Nici măcar colegii mei nu și-au dorit. Când am intrat în cabina mea, PA-ul meu a spus: „La mulți ani șefu!”. M-am simțit special. Ea mi-a cerut 4 prânz. După prânz, m-a invitat în apartamentul ei. Ne-am dus acolo. Ea a spus: „Te superi dacă intru un minut în dormitor? '' ''OK'', am sedat într-o dispoziție sexy. Ea a ieșit 5 minute mai târziu cu o prăjitură...n Soția mea, părinții mei, copilul meu, prietenii mei și colegii mei. Toți țipă.. SURPRIZĂ !! iar eu asteptam pe canapea.. ... ..... ' GOD...!"
legitim,Cred că ar trebui să mergi pe drumul onestității. Sună la bancă mâine. Sunt deciziile dure care ne fac oameni grozavi.
phishing,"GRATUIT pentru prima săptămână! Numărul 1 Nokia tone 4 în fiecare săptămână, trimiteți un mesaj la NOKIA la 87077. Primiți mesaje și spuneți-le prietenilor. zed POBox 36504 W45WQ normă150p/ton 16+"
legitim,"Nu. Nu este specializare. Poate lucra, dar munca ei de sclav. O să-l caut luna aceasta sha cos no shakara 4 cerșetor."
legitim,Ea răspunde. Boye și-a schimbat numărul de telefon
legitim,"1) Treceți la scrierea mesajului 2) Activați modul Dicționar 3) Acoperiți ecranul cu mâna, 4) Apăsați &lt;#&gt; . 5) Îndepărtați ușor mâna Ur.. Este interesant..:)"
legitim,"Bună, draga mea, sunt în drum spre Londra și tocmai am fost izbiți de un alt șofer! și ai o adâncitură mare! chiar mi-e dor de tine ce ai facut? xxx"
legitim,"Nimic cu adevărat, doar să ne asigurăm că toată lumea este la curent"
legitim,Nu vin acasă 4 cina.
legitim,"Multumesc. Și apropo, tocmai am pierdut."
legitim,"Da, are o minte bună de crickiting"
legitim,Mersi. Totul va fi bine în câteva luni
phishing,"Cumpărați până când pică, SUNTEȚI TU, fie 10.000, 5.000, 500 GBP numerar sau voucher de călătorie de 100 GBP, Sună acum la 09064011000. NTT PO Box CR01327BT fix Cost 150ppm mobil variază"
legitim,\POT VĂ RUGĂ SĂ VIN ACUM ÎN ORAȘUL. NU CONTEAZĂ DACĂ URGOIN OUTL8R
legitim,Nu voi. Deci ce-i cu băieții
legitim,Yavnt a încercat încă și nu a jucat niciodată original
legitim,"Bună, ai avut o zi bună? Ai vorbit din weekend?"
legitim,Vedea? M-am gândit la toate
legitim,sunt la serviciu. Vă rugăm să sunați
legitim,pregătește-te să gemi și să țipi :)
legitim,"Oh k :) de ce ai de lucru, atunci ce e?"
legitim,Eu nu cred acest lucru. Nu trebuie să ieși atât de târziu într-o seară de școală. Mai ales când singura clasă pe care o ai este cea pe care ai ratat-o ​​miercurea trecută și probabil că ai picat un test vineri
legitim,Și popping &lt;#&gt; ibuprofenul nu a fost de ajutor.
legitim,"iubito! Cum merge ziua aceea? ce faci? Unde ești ? Îmi sorbesc cappuccino și mă gândesc la tine, iubirea mea... Îți trimit un sărut de peste mare"
legitim,Bine.
legitim,"PS Nu ești mare acum, nu?"
legitim,"Chinatown are terci, orez cu lut, prăjitură de yam, fishhead beehoon... Fie mâncăm ieftin den go cafe n tok, fie mergem la New York sau ceva de genul ăsta..."
legitim,Cunosc câțiva oameni pe care pot să-i lovesc și să mă dracui pentru a da
legitim,Puritatea prieteniei între doi nu înseamnă să zâmbești după ce ai citit mesajul transmis.. Este despre a zâmbi doar văzând numele. Gud evng
legitim,"Deci, ar trebui să fac ceva anume în legătură cu Jaklin sau ceva pentru că nu știu ce naiba"
legitim,Doamne. O să caut pe Google stâncile din apropiere acum.
phishing,"Telefoane cu cameră GRATUITE cu închiriere de linie de la 4,49/lună cu 750 de minute cross ntwk. 1/2 preț pachet txt oferte, de asemenea, avble. Sunați la 08001950382 sau call2optout/J MF"
legitim,"Da, voi pierde 10 pagini dacă adaug cifre... ÌÏ toate au câte pagini?"
legitim,"Ooh, 4got, o să încep să dansez din buric în moseley weds 6.30 dacă vrei 2 alături de mine, au și o cafenea."
legitim,Mulțumesc mult pentru apel. Apreciez grija ta.
legitim,Felicitari! Tratați în așteptare. Nu sunt pe e-mail timp de 2 zile. Voi trimite prin e-mail o dată. Respectați mama acasă. Verificați e-mailurile.
legitim,Am sunat dar nimeni nu ridică telefonul. Ii intreb pe amandoi deja au spus ok.
legitim,"Bună, adresa mea de e-mail s-a schimbat acum, este"
legitim,Valoros. Afectuos. L-adorabil. E-tern. Nobil. Sincer. Intim. Natural. E-namous. La mulți ani de „ZIUA ÎNVALENTINȚILOR” în avans
legitim,"Nu mult, doar niște mesaje. Ce zici de tine?"
legitim,Adu-l dacă l-ai primit
legitim,Sunt într-un film. Spune-mi 4 wat?
legitim,Nu sunt sigur că am stomac pentru asta...
legitim,Haha... pot... Dar iau cina cu vărul meu...
legitim,"Un băiat a întârziat acasă. Tatăl său: \PUTEREA FRNDSHIP\"""""
legitim,"(Și omul meu Carlos vine cu siguranță pe mu în seara asta, fără scuze)"
legitim,în curând vei avea adevărata prințesă! te ud? :)
legitim,"Raji, te rog, fă-mi un serviciu. Vă rugăm să transmiteți urările mele de naștere lui Nimya. va rog. Astăzi este ziua ei de naștere."
legitim,"Haha, picioarele și gâtul mă omoară și prietenii mei speră să încheie noaptea cu o arsură, crezi că aș putea trece peste o oră?"
phishing,"URGENT! Numărul dvs. de telefon mobil 07xxxxxxxxx a câștigat un premiu bonus de å£ 2.000 pentru apelant pe 02/06/03! aceasta este a doua încercare de a ajunge la VOI! sunați la 09066362231 cât mai curând posibil! BOX97N7QP, 150 PPM"
legitim,"De obicei, corpul are grijă de el, asigurându-se că nu progresează. Putem, vă rog, să continuăm această discuție sâmbătă."
phishing,"URGENT!! Vacanța dvs. de 4* Costa Del Sol sau 5000 GBP vă așteaptă colectarea. Sunați la 09050090044 acum pentru a revendica. SAE, TC s, POBox334, Stockport, SK38xh, Costå £1.50/pm, Max10mins"
legitim,"Hmm bine, noapte noapte"
legitim,"Voiam doar să spun la dracu, băieți, nu glumeați despre acest boboc"
legitim,"Devin un pic artistic cu colajele mele la lună, ei bine, încerc în 2 noi moduri! Am o friptură într-un minut minunat, mă voi bucura de asta!"
legitim,"Aceasta este una dintre zilele în care aveți un miliard de cursuri, nu?"
legitim,"Bună dimineața, astăzi am întârziat 2 ore. Din cauza durerilor de spate."
legitim,"Ok, atunci îl voi lăsa să nu nu mai târziu și îl voi întreba să te sune..."
legitim,Prabha..îmi pare rău..într-adevăr..din inima îmi pare rău
legitim,"OK, sunt waliking ard acum... Vrei să-mi cumperi ceva de acasă?"
legitim,* Voi avea încă două cutii de la tine și este foarte mulțumit de rafturi
legitim,Îmi pare bine să vorbesc cu tine! va rog nu uitati pozele mele :) vreau sa va vad pe toti...
phishing,"Ați CÂȘTIGAT un premiu garantat de 1000 GBP în numerar sau un premiu de 2000 GBP. Pentru a revendica premiul pentru anul, sunați la reprezentantul serviciului nostru pentru clienți la 08714712379 între orele 10:00 și 19:00. Cost 10p"
legitim,Dar chiar destul de amuzant...
legitim,"Observ că îți place să te uiți în oglinda rahat, te transformi într-un ciudat corect"
legitim,Mare. Eram îngrijorat pentru tine. Doar să știi că o persoană minunată și grijulie ca tine va avea doar ce este mai bun în viață. Să știi că ești minunat și că dragostea lui Dumnezeu este a ta.
phishing,"Vă mulțumim pentru comanda dvs. de tonuri de apel, numărul de ref K718. Mobilul dvs. va fi taxat å£4.50. Dacă tonul dvs. nu ajunge, vă rugăm să sunați la serviciul pentru clienți la 09065069120"
legitim,"Prefer zilele mele libere... Marți, miercuri, vineri pot... ÌÏ întrebați-i pe cei care lucrează..."
legitim,Alrite jod cum merge revizuirea? Keris bin face un smidgin. N e fel în care vrei să te iei după facultate?xx
legitim,Dacă ai să mă crezi. Vino la mine acasă.
legitim,Oh k.k..unde ai dat testul?
legitim,Acestea au fost intențiile mele exacte
legitim,"haha, dar fără bani leh... Mai târziu trebuie să merg la școlarizare... Haha și caut locuri libere pentru lecțiile de șofer"
legitim,"Hei... Vă mulțumim că mergem în funcție de ceea ce am discutat da, cu excepția niciunui kb pe soare... Pentru că nu mai avem prea multe lecții de luat dacă participăm la kb la sat..."
legitim,"K, ești liber să vii la mine acasă și, de asemenea, la telefon lui Vikky, i-am trimis mail și lui.. Mai bine vine seara, fiu liber astăzi după ora 18:00..:-)"
legitim,Nimic nu primesc doar mesaje după nume cu nume diferite...
legitim,"Bună dimineața, vă rog să mă sunați, domnule"
legitim,Care este numărul camerei tale din nou? Vreau să mă asigur că bat la ușa dreaptă
legitim,\Si.como nu?!ascultat2albumul în carouri-destul de gd&noul aer1 care este hilar-cumpărat și åÓbraindanceåÓa comp.ofstuff pe aphexåÕs ;abel
legitim,Spune-i lui Nelson că nu mai vin bb-urile. Banii la care mă așteptam nu vin
legitim,"Dă-i ceva de băut, dacă îl ia și nu vomită, atunci s-ar putea să-i scadă temperatura. Dacă ea renunță totuși, anunțați-mă."
legitim,Gândește-te că ai trimis textul la telefonul de acasă. Asta nu poate afișa texte. Dacă tot vrei să-i trimiți numărul lui este
legitim,În fiecare zi obișnuiesc să dorm după &lt;#&gt;  deci numai.
legitim,K O să te sun când voi fi aproape
legitim,Cumperi deja ziare?
legitim,"Nu, dacă sora mea... Îmi spăl câinele, apoi pot să fac baie... Se pare că va ploua în curând."
legitim,"Boo, sunt în drum spre mamele mele. Ea face supă de tortilla. Yummmm"
legitim,Fără puzzle-uri de management.
legitim,Cum ai aflat într-un mod care nu include toate aceste detalii
phishing,"Bună, iubito, ai înțeles despre mine? escrocii devin deștepți..Deși acesta este un Vodafone obișnuit, nu, dacă răspundeți, primiți mai multe mesaje de preț prem/abonament. Alte noi folosite, de asemenea. Atenție!"
phishing,Înapoi 2 muncă 2morro jumătate de mandat s-a terminat! Poți să mă 2nite 4 o pasiune sexy B4 Am 2 să mă întorc? Chat ACUM 09099726481 Luv DENA Apeluri å1£/minMobsmoreLKPOBOX177HP51FL
legitim,iti place sa fii rasfatat? :)
phishing,"Vă mulțumim pentru comanda dvs. de tonuri de apel, numărul de ref R836. Mobilul dvs. va fi taxat å£4.50. Dacă tonul dvs. nu ajunge, vă rugăm să sunați la serviciul pentru clienți la 09065069154"
legitim,"Primesc amenințări de la directorul tău de vânzări, Shifad, când am ridicat o plângere împotriva lui. Este un mesaj oficial."
legitim,Sper că lucrurile au mers bine la „doctors” ;) îmi amintește că mai am nevoie de 2go.Did u c d ceva mic pe care l-am lăsat în lounge?
legitim,Den ce va programa b lk pe soare?
legitim,Lol imi place mult jocul de rol?
legitim,Bine. Mă uit și eu la televizor.
legitim,Iubesc această linie: \Rănește-mă cu adevărul
legitim,"Tocmai am verificat, plec să-mi las lucrurile acum"
legitim,Aici am o mulțime de coafor din China.
legitim,Sad story of a Man - Săptămâna trecută a fost ziua mea. Soția mea nu mi-a dorit. Părinții mei au uitat și copiii mei au uitat. M-am dus la muncă. Nici măcar colegii mei nu și-au dorit.
legitim,Te voi numi seara rău câteva idei.
phishing,SplashMobile: Alegeți dintre 1000 de tonuri gr8 în fiecare săptămână! Acesta este un serviciu de abonament cu tonuri săptămânale care costă 300p. Ai un credit - relaxează-te și DISFRUȚI-TE
legitim,I-ai arătat și ce a spus el sau nu ai putut să-i faci praf?
legitim,Ar trebui să dureze aproximativ &lt;#&gt;  min
phishing,"Nu am auzit de la U4 de ceva vreme. Sună la 4 linie privată de chat nepoliticos 01223585334 pentru a cum. Vrei 2C poze cu mine, apoi trimite un mesaj PIX la 8552. 2End trimite STOP 8552 SAM xxx"
legitim,"Bine . . acum sunt in autobuz. . Dacă vin curând, vin altfel mâine"
legitim,Nu pot alege telefonul acum. Vă rugăm să trimiteți un mesaj
phishing,"<Forwarded from 88877>Intrare GRATUITĂ în compensația noastră săptămânală de å£250, trebuie doar să trimiteți cuvântul ENTER la 88877 ACUM. 18 T&C www.textcomp.com"
legitim,Termină Liao... U?
phishing,88066 DIN 88066 AJUTOR PIERDUT DE 3 LIBRE
legitim,Haha cred ca am facut si eu
legitim,Știi că ne uităm la Lido?
legitim,"Viața petrecută cu cineva pentru o viață întreagă poate fi lipsită de sens, dar câteva momente petrecute cu cineva care te iubește cu adevărat înseamnă mai mult decât viața însăși."
legitim,"Haha minunat, am fost la 4u de câteva ori. Cine vine toți?"
legitim,Rece. Nu fi trist draga mea
legitim,Crezi că aș putea trece într-o oră și ceva? Colega mea de cameră caută să-și facă provizii pentru o călătorie
legitim,E la televiziune? Nu este Brdget Jones!
legitim,Te iubesc aathi..te iubesc mult..
legitim,"Buna ziua! Cum mai eşti? M-am plictisit. N-am crezut niciodată că mă plictisesc de televizor, dar sunt. Spune-mi că s-a întâmplat ceva interesant acolo? Nimic! =/"
legitim,Hmm...Vești proaste...Hype Park Plaza 700$ studio luat...Au mai rămas doar 2 dormitoare-900$...
legitim,"Îmi pare rău, voi suna mai târziu în întâlnire"
legitim,R Ì_ te întorci la cină?
legitim,"Aproape am ajuns. Sună, nu pot să te conectez."
legitim,Pe care l-ai așteptat ieri
legitim,Ajung acasă teafăr și sănătos Liao...
legitim,"Foarte bine, da te rog!"
legitim,"Bună ziua, bine, dar călătorie groaznică. Wk nu este bine ca au un jurnal mare de marcat de făcut"
legitim,Am mai primit două scrisori de la . Îți voi copia pentru că cineva are un mesaj pentru tine. Vorbește curând
legitim,"Alex cunoaște un tip care vinde medii, dar este în South Tampa și nu cred că aș putea să-l instalez înainte ca la 8"
legitim,Nu ai oferta de mesaje
phishing,Aveai mobilul tău 11 luni? Actualizați GRATUIT pentru cele mai recente telefoane mobile color de la Orange și apeluri nelimitate de weekend. Apelați Mobile Upd8 pe freefone 08000839402 sau 2StopTx
legitim,"Bună, iubito, ce faci? WOT U UP 2 2NITE LOVE ANNIE X."
legitim,Amintește-mi cum să ajung acolo și o voi face
legitim,:-( asta nu e romantic!
legitim,Buna ziua. La naiba chestia asta de Crăciun. Cred că am decis să păstrez acest mp3 care nu funcționează.
phishing,Ai 1 mesaj nou. Vă rugăm să sunați la 08718738034.
legitim,"Bună, DARLIN, dor, sper să te distrezi bine. CÂND ȚI-AȚI ÎNTOARCE ȘI LA CE ORĂ DACĂ MĂ PUTEȚI DA UN SUNAL ACASA. JESS XX"
phishing,"<Forwarded from 21870000>Bună, aceasta este alerta dvs. prin SMS de Mesagerie Poștală. Ai 4 mesaje. Ai 21 de meciuri. Vă rugăm să sunați înapoi la 09056242159 pentru a vă recupera mesajele și potrivirile"
legitim,Desenează va? nu cred:)
legitim,Nu răspunde la telefon când ceva important este acolo de spus. Hrishi
phishing,"Felicitari! Abonamentul special pentru cinema de 1 an pentru 2 este al tău. sunați la 09061209465 acum! C Suprman V, Matrix3, StarWars3, etc toate 4 GRATUIT! bx420-ip4-5we. ora 150. Nu ratați!"
legitim,Nu-mi vine nimic în minte. ÌÏ ajută-mă să cumpăr umeraș lor. Laptopul tău nu este greu?
legitim,"&lt;#&gt; , asta e tot? Presupun că e destul de ușor"
legitim,Putem face un copil în yo tho
legitim,Ar trebui să-i spun prietenului meu să nu vină până ca &lt;#&gt; nu?
legitim,"Poezie de prietenie: Dragă, dragă U R Nu aproape, dar pot auzi Dont Get Fear Live With Cheer No More Tear U R Întotdeauna draga mea. Gud ni8"
legitim,Inca in zona restaurantului. Voi încerca să mă întorc curând
legitim,"Bine, asta va funcționa, mulțumesc"
phishing,CÂȘTIGĂ un an de aprovizionare de CD-uri 4 un magazin la alegere în valoare de å£500 și înscrie-te la extragerea noastră săptămânală de å£100 txt MUSIC la 87066 Ts&Cs www.Ldew.com.subs16+1win150ppmx3
phishing,"Moby Pub Quiz. Câștigă un premiu de 100 GBP High Street dacă știi cine va fi noua ducesă de Cornwall? Trimiteți prenumele la 82277.unsub STOP å1,50 GBP 008704050406 SP Arrow"
legitim,"Am 2 saci de dormit, 1 pătură și detalii de hârtie și telefon. Altceva?"
phishing,"Ați câștigat un Nokia 7250i. Aceasta este ceea ce primești când câștigi licitația noastră GRATUITĂ. Pentru a participa, trimiteți acum Nokia la 86021. HG/Suite342/2Lands Row/W1JHL 16+"
phishing,"Felicitări! Mulțumită unui prieten bun, ai CÂȘTIGAT premiul de Crăciun de 2.000 GBP. Reclamația 2 este ușoară, sunați la 08718726971 ACUM! Doar 10p pe minut. BT-rată-națională."
phishing,"tddnewsletter@emc1.co.uk (Mai multe jocuri de la TheDailyDraw) Dragă Helen, zeci de jocuri gratuite - cu premii grozaveCu..."
legitim,Deci ce faceți.
legitim,"De asemenea, acel chat a fost minunat, dar nu o faceți obișnuit decât dacă o puteți vedea în persoană"
legitim,"Este semnificativ, dar nu-ți face griji."
legitim,Asta e din cauza vechiului tău. Trăiesc să fiu înalt.
legitim,"Waqt se pehle or naseeb se zyada kisi ko kuch nahi milta,Zindgi wo nahi he jo hum sochte hai Zindgi wo hai jo ham jeetey hai.........."
legitim,In drum spre birou da..
legitim,In ce loc vrei tu.
legitim,Această durere nu ar fi putut veni într-un moment mai rău.
legitim,Bine...
legitim,Ar trebui să te urmăresc?
legitim,Îmi pare rău omule. Nu stiu cum am uitat. Chiar și după ce Dan mi-a amintit. Îmi pare rău. Sper că v-ați distrat.
legitim,Ok lor.
legitim,Clasa de aplicații varaya elaya.
legitim,Povestea de Crăciun este pace.. Mesajul de Crăciun este dragoste.. Miracolul de Crăciun este Isus.. Aveți o lună binecuvântată înainte &amp; va doresc Craciun Fericit...
phishing,"URGENT! Numărul dvs. de mobil *************** A CÂȘTIGAT un premiu bonus de å£ 2000 pe 10.06.03! Aceasta este a doua încercare de a ajunge la tine! Sună la 09066368753 cât mai curând posibil! Caseta 97N7QP, 150 ppm"
legitim,În ziua aceea ai întrebat despre un număr. De ce:-)
legitim,Navigam in magazinul online. Pentru oferte vrei sa cumperi ceva.
legitim,Long beach lor. De așteptat... Cină acum?
legitim,Apropo acasă
legitim,Amândoi suntem bine. Mulţumesc
legitim,Ce se întâmplă cu ea spune adevărul
legitim,Îți place mâncarea italiană?
legitim,Ceea ce este ciudat pentru că știu că am avut-o la un moment dat
legitim,"\Aww, trebuie să fii aproape mort! Ei bine, Jez se apropie pentru a face ceva de lucru, iar asta va dura pentru totdeauna!\"""""
legitim,Spune-le prietenilor tăi ce intenționezi să faci de Ziua Îndrăgostiților @ &lt;URL&gt;
legitim,"Bine, ne vedem peste puțin"
legitim,Noroc pentru mesajul Zogtorius. M-am uitat la telefonul meu de o vârstă hotărând dacă trimit sau nu un mesaj.
legitim,Mă voi ocupa de problema financiară. Voi ajuta:)
legitim,Spune-i dragului ce ți se întâmplă. De ce vorbești cu mine ca un aliat
phishing,Dublați-vă minutele și mesajele text pe Orange sau închirierea linie la jumătate de preț - Motorola și SonyEricsson cu B/Tooth GRATUIT-Nokia Apelați GRATUIT MobileUpd8 la 08000839402 sau 2optout/HV9D
legitim,"1) Treceți la scrierea mesajului 2) Activați modul Dicționar 3) Acoperiți ecranul cu mâna, 4) Apăsați &lt;#&gt; . 5) Îndepărtați ușor mâna Ur.. Este interesant..:)"
legitim,Okie...
legitim,"Bună, acesta este yijue, ne pot întâlni la 11 tmr?"
legitim,Este posibil să nu locuiască în &lt;#&gt; secolul cm frwd n thnk diferit
legitim,Dar nu am dormit după-amiaza.
legitim,Asta pare inutil de afectuos
legitim,"În rest, mă voi gândi la tot felul de lucruri amuzante."
legitim,Vei fi în locul acelui om
phishing,"Descărcați câte tonuri de apel doriți fără restricții, alegeți 1000s 2. Puteți trimite chiar și prieteni de 2 ani. Trimiteți un mesaj domnului la 80082 å3 GBP"
legitim,Asta e tare. Cum a fost ziua voastră?
phishing,Vă rugăm să SUNAȚI imediat 08712402902 deoarece vă așteaptă un mesaj urgent.
legitim,R mergem cu &lt;#&gt;  autobuz?
legitim,"Salut iubirea mea ! Cum a decurs ziua ta? esti bine? Mă gândesc la tine, draga mea și trimite o zguduire în inima ta să-ți amintesc... TE IUBESC! Îl auzi? Am țipat peste mare, ca să audă toată lumea. Ahmad al Hallaq este iubit! si detinut! *sarut posesiv pasional*"
legitim,Nu... s-a alăturat chiar azi.
legitim,"Bine la fel si cu mine. Ei bine, multumesc pentru clarificare"
legitim,Voi vorbi cu ceilalți și probabil că vin mâine devreme
phishing,"Înspăimântați-vă mulțimea cu o colecție de Halloween cu o siglă și un mesaj cu imagini plus un ton ciudat gratuit, trimiteți CARD SPOOK la 8007 zed 08701417012150p per logo/pictură"
legitim,"Dacă problema banilor m-a îngreunat, dar datorită ție, pot să respir mai ușor acum. Mă voi asigura că nu regretați. Mulţumesc."
legitim,Hi. Îmi pare rău că am ratat apelul tău. Poti te rog sa suni inapoi.
legitim,Ce mai faci? Sper că te-ai acomodat pentru noul an școlar. Îți doresc doar o zi gr8
phishing,"Fantasy Football revine pe televizor. Accesați Sky Gamestar pe Sky Active și jucați å250.000 å£ Dream Team. Scorul începe sâmbătă, așa că înregistrează-te acum! SKY OPT OUT la 88088"
legitim,"Ok, atunci nu e nevoie să-mi spui nimic, o să dorm noapte bună"
legitim,"Ok, încearcă să faci un curs de sfârșit de săptămână în Coimbatore."
phishing,Tone Club: abonații dvs. au expirat acum 2 răspunsuri de reînregistrare MONOC 4 mono sau POLYC 4 poli 1 săptămânal @ 150p pe săptămână Txt STOP 2 stop Acest mesaj gratuit Transmite 0871212025016
legitim,V frumos! Off 2 sheffield tom 2 air parerile mele despre categoriile 2 b folosite 2 masoara etnia in urmatorul recensamant. Ocupat cu transcriere. :-)
legitim,"Dacă ești acasă, coboară în 5 minute"
legitim,"Un băiat a iubit o fată. El a susținut că ea nu o deranjează. El lv lv lttrs, Bt ei frnds throw thm. Din nou d boy a decis să se apropie de d gal , dt time un camion se îndrepta spre d gal. Când au fost vreo 2 lovituri, o fată, un băiat a fugit ca naiba și a salvat-o. Ea a întrebat „cum poți fugi atât de repede?” D băiatul a răspuns \Boost este secretul energiei mele\"" n instantaneu d fata a strigat \""energia noastră\"" n A trăit fericit 2gthr băutură boost evrydy Morala d poveste:- Am mesaje gratuite:D;): gud ni8"""
legitim,"În acea zi Ì_ spune Ì_ tăiați-vă părul la Paragon, se numește părul? Nu Ì_ nu cât costă o tunsoare?"
legitim,"Hmm, prea multe dintre ele, din păcate... Pozele evident nu sunt prăjituri calde. E cam distractiv totuși"
legitim,Mă uit la televizor... E atât de amuzantă că o cacealmam 4 wat. Izzit pentru că ea crede că este imposibil între noi?
phishing,Extrageri cu premii de Crăciun! Încercăm să contactăm U. Extragerea de astăzi arată că ați câștigat un premiu de 2000 GBP GARANTAT. Sunati la 09058094565 de pe telefon fix. Valabil doar 12 ore
legitim,nu stiu ca nu va spune...
legitim,Multumesc 4 2 zile! Ești un bun prieten. Cred că TU RITE SARY! ASUSUAL!1 TU M-A INVESTIGAT! TE IUBESC FRANYxxxx
legitim,Sunt în drum spre casă. M-am dus să-mi schimb ceasul și apoi du-te puțin la cumpărături.
phishing,DA! Singurul loc din oraș pentru a întâlni adulți incitanți este acum în Marea Britanie. Trimiteți un CHAT la 86688 acum! 150p/mesaj.
legitim,"Bună, mobil nr.  &lt;#&gt;  v-a adăugat în lista de contacte pe www.fullonsms.com Este un loc minunat pentru a trimite sms-uri gratuite oamenilor. Pentru mai multe, vizitați fullonsms.com"
legitim,"Bună seara domnule, sper că aveți o zi bună. Am vrut să vă aduc la cunoștință că am întârziat la plata chiriei în ultimele luni și a trebuit să plătesc o &lt;#&gt;  încărca. Am simțit că ar fi nepăsător din partea mea să sâcâiesc despre ceva ce-ți dai cu mare preț pentru tine și de aceea nu am vorbit. Cu toate acestea, sunt într-o recesiune și nu voi putea să plătesc taxa luna aceasta, de aceea cerul meu cu mult înainte de sfârșitul lunii. Puteti ajuta va rog. Vă mulțumesc pentru tot."
legitim,"Dacă te las să faci asta, te vreau în casă până la 8 dimineața."
legitim,"Cea mai bună replică spusă în dragoste: . \Voi aștepta până în ziua în care te voi uita sau în ziua în care vei realiza că nu mă poți uita.\""... Gn"""
legitim,Voi ajunge înainte de zece dimineața
legitim,Pasarica ta este perfecta!
legitim,"Scuze, o să sun mai târziu"
phishing,"Cineva a contactat serviciul nostru de întâlniri și a introdus telefonul tău pentru că îi place de tine! Pentru a afla cine este sună de la un telefon fix 09058098002. PoBox1, W14RG 150p"
legitim,Niciun mesaj..nici un raspuns..ce sa intamplat?
legitim,"De asemenea, unde este piesa"
legitim,"wiskey Brandy Rom Gin Bere Vodka Scotch Shampain Vin \KUDI\""yarasu dhina vaazhthukkal. .."""
legitim,Boo. Cum stau lucrurile? M-am intors acasa si deja cam plictisit :-(
legitim,"Mai întâi a câștigat mai mult de &lt;#&gt; kg de când a luat. În al doilea rând, a făcut testele de zahăr din sânge. Dacă are și este în regulă și tensiunea arterială este în limite normale, atunci nu vă faceți griji"
legitim,ALE-ȚI FONE-UL ACUM ESTI PROST?
legitim,"Mulțumesc da thangam, mă simt foarte fericit dragă. Și mie mi-e dor de tine."
legitim,"Okey doke. Sunt acasă, dar nu sunt îmbrăcat pentru că stau bolnav! Vorbește cu tine mai târziu despre vremuri și chestii."
legitim,eu nu fug de la u... merg incet &amp; Mă omoară faptul că nu-ți pasă suficient să mă oprești...
legitim,"Iubito, m-am întors... Întoarce-te la mine..."
legitim,"Ei bine, le-ai spus altora că te vei căsători cu ei..."
legitim,Neshanth..spune-mi cine esti?
legitim,YO YO YO BYATCH WHASSUP?
legitim,Oh... Kay... On sat right?
legitim,Hi! Acesta este Roger de la CL. Ce mai faci?
phishing,"Iubitule: Tu vrei să mă nu, iubito! Sunt urât și am ceva 4 băieți murdari. Vreți să petreceți timp nepoliticos cu o cățea sexy. Ce-ar fi să mergem greu! Txt XXX SLO(4msgs)"
legitim,Oh oh... Risipit... Den muz chiong on sat n sun liao...
legitim,"Iisuse, cățea, încerc să-ți dau droguri, răspunde nenorocitul tău de telefon"
legitim,Vă rog să-i dați 2 sau îl voi ridica marți seara pe la 8 dacă este în regulă.
legitim,Mă întâlnesc cu Darren...
legitim,Unul dintre cele mai bune dialoguri în relație drăguță..!! \Când mor
legitim,"Rezolvați cazul: Un bărbat a fost găsit ucis pe &lt;DECIMAL&gt; . &lt;#&gt;  După-amiază. 1, soția lui a sunat la Poliție. 2, Poliția a interogat pe toată lumea. 3,Soția: Domnule, dormeam când a avut loc crima. 4.Bucătar: găteam. 5.Grădinarul: Culegeam legume. 6. Menajera: Am mers 2 d la oficiu postal. 7.Copii: Ne-am jucat 2. 8.Vecin: Ne-am căsătorit 2. Poliția a arestat imediat un criminal. Cine este? Răspunde cu rațiune, dacă ești genial."
legitim,Dragă unde vei fi când ajung acolo
legitim,"Aww, e prima dată când ai spus că ți-a fost dor de mine fără să întrebi dacă mi-a fost dor mai întâi. Mă iubești! :)"
legitim,Ok... Mulțumesc... Gd nite 2 Ì_ și...
legitim,"Vino la mine chiar acum, Ahmad"
phishing,Nu te cunosc și nu mă cunoști. Trimite CHAT la 86688 acum și hai să ne găsim! Doar 150p/Msg rcvd. HG/Suite342/2Lands/Row/W1J6HL LDN. 18 ani sau peste.
legitim,"Lol te rog fă. De fapt, trimite o poză cu tine chiar acum. Vreau să văd. Pozați-vă cu un pieptene și un uscător de păr sau așa ceva."
legitim,O nu era în fps atunci.
legitim,Huh înseamnă știință computațională... Le place o împingere aici și acolo...
legitim,"Nu mă poți citi, iubirea mea? ti-am raspuns"
legitim,Oh... Lk tt den we take e one tt se termină la cine lor... Dun wan yogasana oso can...
legitim,"Doamnă, regret perturbarea. S-ar putea să primească o verificare a referințelor de la DLF Premarica. Vă rugăm să vă informați. Rgds, Rakhesh, Kerala."
phishing,SERVICII SMS Pentru creditele dvs. text inclusive vă rugăm să vă autentificați pe www.comuk.net 3qxj9 dezabonați-vă cu STOP fără taxă suplimentară ajutor 08702840625 comuk.220cm2 9AE
legitim,Oic... Atunci mai bine du-te repede la baie și așează-te...
legitim,Err... Cud do. Ma duc la 8 seara. Nu am cum să-l contactez până atunci.
legitim,A bloo bloo bloo Îmi va lipsi primul castron
legitim,"Lmao, dar este atât de distractiv..."
legitim,Oh k k:)dar nu este un mare lovitor.oricum bun
legitim,"Hei!!! Aproape că am uitat... B-day fericit, iubito! te iubesc!!"
phishing,Special Ziua Îndrăgostiților! Câștigă peste 1000 GBP în testul nostru și du-ți partenerul în călătoria vieții! Trimiteți GO la 83600 acum. 150p/msg rcvd. CustCare: 08718720201
legitim,Crezi că mă pot muta &lt;#&gt;  într-o săptămână
legitim,Ea a găsit. Ți-am trimis un mesaj offline pentru a ști cum e acum Anjola.
phishing,Ghici cine sunt? Aceasta este prima dată când am creat o pagină web WWW.ASJESUS.COM citesc tot ce am scris. Astept parerile voastre. Vreau să fiu prietenul tău 1/1
legitim,Cum a fost trimiterea prin SMS și conducerea
legitim,Asta e bine. Să-i mulțumim lui Dumnezeu. Vă rugăm să completați medicamentul. Aveți multă apă. Și să aveți o zi frumoasă.
legitim,Chiar nu mă bluf... Dormi și tu devreme. noaptea...
legitim,"Indienii sunt săraci, dar India nu este o țară săracă. Spune unul dintre directorii băncilor elvețiene. El spune că \ &lt;#&gt;  lac crore\"" de bani indieni sunt depuși în băncile elvețiene, care pot fi folosiți pentru bugetul „fără impozit” pentru &lt;#&gt; ani. Poate oferi &lt;#&gt; milioane de locuri de muncă tuturor indienilor. De la orice sat până la Delhi, drumuri cu 4 benzi. Alimentare gratuită pentru totdeauna pentru mai mult de &lt;#&gt; pentru proiecte sociale &lt;/-;#. &lt;#&gt; Nu este nevoie de împrumutul de la Banca Mondială și de la FMI."
legitim,"Unchiul băiete. Am nevoie de filme oh. Ghidează-mă. În plus, știi că torrentele nu sunt deosebit de legale aici. Și sistemul încetinește. Ce ar trebuii să fac. Sa ai o zi gr8. Plus că ai început pentru că nu te întâlnesc online. Cum a fost luna de miere."
legitim,"Oh, da. imi amintesc de da. ."
legitim,"În legătură cu asta, ar trebui să încercăm cu adevărat să vedem dacă altcineva poate fi al patrulea tip înainte de a ne angaja cu un tip la întâmplare"
phishing,"Pentru șansa de a câștiga 250 GBP în numerar în fiecare săptămână TXT: JUCAT la 83370. T's&C's www.music-trivia.net custcare 08715705022, 1x150p/săptămână."
legitim,Nu sunt ocupat juz dun wan 2 merg atât de devreme.. Hee..
legitim,"Rightio. 11.48 este atunci. Ei bine, nu ne-am trezit cu toții străluciți și devreme în această dimineață."
legitim,"Mare. Sunt în biserică acum, voi uita când ies"
legitim,Înapoi în brum! Vă mulțumim că ne-ați îngăduit și ne-ați ținut pe toți fericiți. Pe curând
legitim,Nu dau dacă sunt scorabile
legitim,&lt;#&gt;  actualizare grozavă de ardere a copacului de Crăciun de loxahatchee: puteți vedea complet stele aici
legitim,"Da, dar nu-mi pasă! Am mare nevoie de tine, prințesă!"
legitim,"Tipul (kadeem) nu a mai vândut de la pauză, cunosc încă un tip, dar este paranoic și nu-i place să vândă fără mine acolo și nu pot fi acolo până târziu în seara asta."
legitim,"Scuze, o să sun mai târziu"
legitim,Tmr apoi Ì_ brin lar... Aiya mai târziu vin n c lar... Poate Ì_ neva setată corect Ì_ am primit o foaie de ajutor cu Ì_...
legitim,Știți că nu. &lt;#&gt; ?
legitim,Atunci nu crede ce?
legitim,K.. întoarce-mi mulțumirile.
legitim,Știu că se plâng numai num..bettr mergi direct la bsnl offc și aplică pentru asta..
legitim,Bine. L-am văzut. Deci ar trebui să-l aleg vineri?
legitim,Cât a plătit ea. Suganya.
legitim,Desertul lăsat. U wan me 2 go suntec look 4 u?
legitim,"Abeg, fă profit. Dar este un început. Îl folosești pentru a obține sponsori pentru următorul eveniment?"
legitim,Onum ela pa. Normal decât.
legitim,K.k..cum sunt copiii surorii tale?
legitim,"Cool, îți voi trimite mesaj când sunt pe drum"
legitim,"Nu. Între timp, ea vorbește și spune fă-mă să te salut."
legitim,Nu pot vorbi cu tine acum. Voi suna când voi putea. Nu mai sun.
legitim,Orice mai mare...
legitim,"Trandafirul are nevoie de apă, anotimpul are nevoie de schimbare, poetul are nevoie de imaginație... Telefonul meu are nevoie de sms-uri și am nevoie de o companie minunată pentru totdeauna..."
legitim,"Bună ziua, iubito. Cum merge ziua aceea? Mai există perspective de angajare? Mi-e dor de tine, iubirea mea... *oftă*... :-("
legitim,"Vor ridica și vor arunca în mașină, așa că nicio problemă.."
legitim,S. cred că este o risipă pentru rr..
legitim,El este celebru mondial....
legitim,Vineri vineri este concediu pentru Pongal? Primești vești de la locul tău de muncă.
legitim,"Ei bine, nu o face fără mine. Am putea avea o vânzare mare împreună."
legitim,* Sunt pe drum
legitim,Mănâncă pe drumul vechi al aeroportului... Dar acum 630 de ore... Am o mulțime de oameni...
legitim,"Sry nu poate vorbi la telefon, cu părinții"
phishing,"Ultima șansă! Revendicați astăzi vouchere de reducere în valoare de 150 GBP! Trimiteți un mesaj cu DA la 85023 acum! SavaMob, membru oferă mobil! T Cs SavaMob POBOX84, M263UZ. å3,00 GBP Subs 16"
legitim,"Ok, la ce oră să termin?"
legitim,"Printesa, imi place sa fac dragoste &lt;#&gt;  ori pe noapte. Sper că nu este o problemă!"
legitim,Mm sunt în drum spre calea ferată
legitim,nu vreau sa vorbesc cu tine
legitim,"Am terminat. Îmi pare rău. Sper că următorul tău spațiu îți va oferi tot ce îți dorești. Amintește-ți că toată mobila este a ta. Dacă nu sunt prin preajmă când îl miști, încuie toate încuietorile și lasă cheia lui Jenne."
legitim,"Nu încă. Doar aș dori să păstrez legătura și va fi cel mai simplu mod de a face asta din Barcelona. Apropo, cum ru și cum este casa?"
phishing,"Aduceți-vă mafia cu o colecție de Halloween de logo-ul nokia și mesajul pic, plus un ton ciudat GRATUIT, txt CARD SPOOK la 8007"
phishing,Urgent! sunați la 09066612661 de la fix. Vacanța în Tenerife de 4* sau 10.000 GBP în numerar așteaptă colectarea T&C SAE PO Box 3 WA14 2PX 150 ppm 18+ Expeditor: Hol Offer
legitim,K.:)fa-o seara da:)urgent:)
legitim,Trei fraţi pătaţi! De doi ani trăiești într-o junglă! Este condusul meu de care ar trebui să-ți faci mai multe griji!
legitim,"Am niște kanji, nu mânca nimic greu, ok"
legitim,Doar dacă promiți că vei ieși cât mai curând posibil. Și îmi vei trimite mesaje dimineață ca să-mi spui că ai ajuns în ok.
legitim,Lol asta e diferit. Nu încerc să găsesc fiecare fotografie reală pe care ai făcut-o vreodată.
legitim,Nu cred că este o chemare greșită între noi
legitim,"Ki ill drink.pa atunci ce faci. Am nevoie de model srs, vă rugăm să-l trimiteți la id-ul meu de e-mail."
legitim,Aiyah e ploaie ca leh destul de mare. Dacă burniță pot măcar să fug acasă.
legitim,Am 2 programări la doctori săptămâna viitoare.:/ M-am săturat să mă bage cu chestii. Ugh de ce n-aș fi putut avea un corp normal?
legitim,Dun e trist.. S-a terminat.. Dun thk despre asta deja. Concentrează-te pe celelalte lucrări ale tale k.
legitim,"Salutari,! Consideră-te scuzat."
legitim,"Nicio dramă. Vă rog, m-am săturat de dvs. și de familie în timp ce mă lupt sub soarele fierbinte într-un loc ciudat. Nici un motiv pentru care ar trebui să existe un ego de a nu merge „DACĂ NU ESTE INVITAT” când de fapt este nevoie să plec."
legitim,au lansat un alt italian astăzi și are o opțiune de cosemnare
legitim,"Tu la mu? Ar trebui să încerci să-ți dai seama câți bani are toată lumea pentru benzină și alcool, Jay și cu mine încercăm să ne dăm seama de bugetul de iarbă."
phishing,"CÂŞTIGĂTOR! În calitate de client valoros al rețelei, ați fost selectat pentru a primi o recompensă de 900 £! Pentru ridicare sunați la 09061701444. Valabil doar 24 de ore. ACL03530150PM"
legitim,HCL Chennai necesită FRESHERS pentru procesul vocal. Este nevoie de o engleză excelentă. Salariu până la &lt;#&gt; .Apelați-o pe doamna Suman &lt;#&gt;  pentru interviu telefonic -prin Indyarocks.com
legitim,Dai what this da.. Pot trimite CV-ul meu la acest id.
legitim,Știu unde este &lt;#&gt;  adică voi fi acolo pe la 5
legitim,"Da, am terminat c Ì_ acolo..."
legitim,Nu uita să-l întrebi pe Alex despre pizza lui
legitim,Nu da..si azi am uitat..
legitim,"Ola s-ar întoarce la tine poate nu astăzi, dar i-am spus că poți fi legătura lui directă în SUA pentru a obține mașini pentru care licita online, tu aranjezi transportul și primești o reducere. sau tu????? Pentru un parteneriat unde U????? Investește bani pentru transport și el se ocupă de restul! În curând, nu vă faceți griji"
legitim,Motivul pentru care sunt doar atunci când este timpul să fumez este că din cauza gazului îmi permit să fiu doar când cineva îmi spune să fiu și se pare că asta se întâmplă doar când cineva vrea să se aprindă.
legitim,"Bună, băiețelul meu! Am ajuns acasă și gândul meu constant este la tine, iubirea mea. Sper că ai o vizită plăcută, dar abia aștept să vii acasă la mine...*sărut*"
legitim,Felicitări kano..care este maga de tratare?
legitim,Despre cine vorbesti?
legitim,Da...
legitim,Bine...
legitim,"te-ai trezit deja? Ce faci? Ne iei mai târziu? Iau sq825, ajungând la ard 7 smth 8 ca dat. Puteți verifica ora sosirii. În curând..."
legitim,"Yunny, merg pe Citylink acum Ì_ coboară mai repede... Mi-e foarte foame..."
legitim,Da sigur. Recuzită?
legitim,"Bună, ai plătit bani în contul meu? Dacă da, mulțumesc. Am o surpriză plăcută când mi-am verificat soldul -u c, nu primesc extrase 4 care acc"
phishing,"Ai câștigat un nokia 6230 plus o cameră digitală gratuită. Aceasta este ceea ce primești când câștigi licitația noastră GRATUITĂ. Pentru a participa, trimiteți acum NOKIA la 83383. POBOX114/14TCR/W1 16"
legitim,"Ok, vă voi trimite cu în &lt;DECIMAL&gt;  Bine."
legitim,Bognor este! Ar trebui să fie splendid în această perioadă a anului.
legitim,"Da, sunt la birou da:)"
legitim,"Scuze, o să sun mai târziu"
legitim,Tatăl lui Joy este John. Atunci John este NUMELE tatălui lui Joy. Mandan
legitim,Bine. Întreb doar despre film. Vrei ktv oso?
legitim,Nu ți-a plasat numărul și trimitea mesaje la vechiul tău număr. Mă întreb de ce nu am auzit de tine anul acesta. Toate cele bune în mcat-ul tău. Am primit acest număr de la prietenii mei din Atlanta
legitim,"Scuze, o să sun mai târziu"
legitim,"Nu știu lei... S-ar putea să mănânc cu prietenii mei... Dacă vreau să mănânc, atunci aștept 4 Ì_ lar"
legitim,"Scuze, o să sun mai târziu"
phishing,"Intrare GRATUITĂ în compensația noastră săptămânală de 250 GBP, trebuie doar să trimiteți cuvântul WIN la 80086 ACUM. 18 T&C www.txttowin.co.uk"
legitim,"Spune asta încet.? DOAMNE, TE IUBESC &amp; AM NEVOIE DE TINE, CURĂȚI-MI INIMA CU SANGELE TĂU. Trimite asta la zece persoane speciale &amp; ești miracol mâine, fă-o, te rog, fă-o..."
legitim,Nu știi cum trimit fișiere între 2 computere?
legitim,"Mmmmm... Mi-a plăcut să mă trezesc la cuvintele tale în această dimineață! Și mie mi-e dor de tine, iubirea mea. Sper ca ziua ta sa mearga bine si sa fii fericit. Aștept să fim din nou împreună"
legitim,jay spune că va pune &lt;#&gt;
legitim,Poți să intri doar o secundă? E cineva aici pe care vreau să-l vezi
legitim,Deci soarele este un medicament împotriva somnului.
legitim,Ce se întâmplă cu tine. V-ați găsit un loc de muncă și ați început înregistrarea pentru rezidența permanentă
legitim,Da ok...
legitim,"Mă bucur că a mers bine :) vino la 11, atunci vom avea destul timp înainte ca Claire să plece la muncă."
legitim,Ok bucură-te. Esti acolo in casa.
legitim,"Puteți, vă rog, să-mi trimiteți un e-mail cu tot ce știți despre rudele care vin să livreze aici? Tot ce știi despre costuri, riscuri, beneficii și orice altceva. Mulţumesc."
legitim,Faci tot ce iti place
legitim,Așa trebuie să combinăm cum...
legitim,Suma lunară nu este atât de groaznică și nu vei plăti nimic până la 6 luni de la terminarea școlii.
legitim,Hmmm:)câți jucători selectați?
legitim,"Au spus că dacă va ninge, va începe în jurul orei 20 sau 21! Ei prezic un centimetru de acumulare."
legitim,Eu nu. Poti sa mi-l trimiti. Plus modul cum e.
legitim,Aiyo te rog Ì_ ai timp.
legitim,Împachetați bine toate programele dvs
legitim,"Ea este sora noastră.. Ea aparține 2 familiei noastre.. Ea este speranța de mâine.. Roagă-te 4 ea, care a fost sortită 4 d incidentul trenului Shoranur. Să ne ținem mâinile împreună &amp; alimentat de iubire &amp; îngrijorare înainte de 2 durerea ei &amp; durere. Vă rugăm să vă alăturați în lanț și amp; trece-l. OPRIȚI VIOLENȚA ÎMPOTRIVA FEMELOR."
legitim,"Deci, băieți, cereți să-mi iau din nou papucii aceia sau nu-i mai bine anul trecut"
legitim,Compania este foarte bună. Mediul este grozav și mâncarea este foarte bună :)
phishing,"Text82228>> Obțineți mai multe tonuri de apel, logo-uri și jocuri de pe www.txt82228.com. Întrebări: info@txt82228.co.uk"
legitim,"Sincer, tocmai mi-am făcut o ceașcă minunată de ceai și mi-am aruncat imediat cheile în ea și apoi mi-am ars degetele scoțându-le!"
legitim,"Da, dar nu studiez surfing-ul. Sunt în modul e lazy astăzi."
legitim,Vă rog să trimiteți :)Sfatul meu amabil :-)Vă rog veniți aici și încercați:-)
legitim,Am terminat. C Ì_ acolo.
legitim,"O, bine, vin diseară"
legitim,ÌÏ dă-mi ceva timp să merg acolo.
legitim,Voi ajunge în 20 de minute ok...
phishing,"FreeMSG Ați primit o mini-CAMERA DIGITALĂ GRATUITĂ, trebuie doar să răspundeți la SNAP pentru a vă ridica premiul! (Quizclub Renunțați? Opriți 80122300p/săptămână SP:RWM Tel:08704050406)"
legitim,La naiba iubito... Ce sa întâmplat cu tine? Cum de nu te-ai mai întors niciodată?
phishing,Acest mesaj vă este adus de GMW Ltd. și nu este conectat la
legitim,"Unii prieteni vor să-i conduc undeva, probabil că ia ceva timp"
legitim,"De asemenea, mulțumesc prea repede... Xy sugerează una nu mie. Nu vrei, e ok. Going 2 rain leh where got gd."
legitim,Mai primești mărfurile.
legitim,Și poate niște prese
legitim,"Da, așa că voi pleca poate 7ish?"
legitim,K..k..si eu sunt bine:) cand vei termina cursul?
legitim,"Sub mare, se întinde o stâncă. În stâncă, există un plic. În plic, este o hârtie. Pe hârtie sunt 3 cuvinte..."
legitim,I-am spus că am o aplicație la doctor săptămâna viitoare. Ea crede că o să mor. I-am spus că este doar un control. Nimic de care să vă faceți griji. Dar ea nu a ascultat.
legitim,Ești în camera ta? Am nevoie de câteva
legitim,nu vreau sa aud nimic
legitim,Hei. Pentru mine nu este concediu vineri. Stai să-l întreb pe superiorul meu și să-ți spun...
legitim,În cele din urmă tor motiv tui realize korli.
legitim,De la 5 la 2 doar timpul meu de lucru.
legitim,"Û_ și nu vă faceți griji, vom fi terminat până în martie Û_ ish!"
legitim,"Casa este pe apă, cu un doc, o barcă înfășurată cu un prezentator de știri care se distra în flaut jazz la volan"
phishing,"Felicitări 2 videofoane mobile 3G R ale tale. sunați la 09063458130 acum! videochat cu prietenii ur, jucați jocuri java, descărcați muzică polipH, noline rentl. bx420. ip4. 5 noi. 150p"
phishing,Următorul tău videoclip uimitor xxx PICSFREE1 îți va fi trimis cu plăcere! Dacă un videoclip nu este suficient pentru 2 zile text înapoi cuvântul cheie PICSFREE1 pentru a obține următorul videoclip.
legitim,Acum asta o să-ți strice teza!
legitim,"În sch, dar nu minte tu mănânci primul lor.."
legitim,"Salut, ce faci? Dormi toată dimineața?"
legitim,Em. Credeam că contractul a expirat pe 4 octombrie.
legitim,Nu știu până când... Hai să învățăm pilates...
phishing,Sunteți abonat la cel mai bun serviciu de conținut mobil din Marea Britanie pentru 3 GBP pe zece zile până când trimiteți STOP la 83435. Linia de asistență 08706091795.
legitim,"Da, detaliez aspectele legate de siguranță și alte probleme.."
phishing,"3 TEXTE DE TAROT GRATUITE! Află acum despre viața ta amoroasă! ÎNCERCAȚI 3 GRATUIT! Trimiteți mesajul CHANCE doar la 85555 16! După 3 gratuit, mesaje å1,50 GBP fiecare"
legitim,"Bună dimineața, astăzi am întârziat 1 oră."
legitim,Salut la multi ani. hi hi hi hi hi hi hi hi
legitim,"Voi fi în afara biroului, iau totul de acolo"
legitim,"Dacă nu răspunzi, presupun că încă adormi și încep să suni la rahat"
legitim,"Ok, ne vedem peste putin"
legitim,"Superiorul meu spunând că vineri este concediu pentru toate celelalte departamente, cu excepția noastră:) așa că va fi concediu pentru tine:) oricum sună waheed fathima hr și conformează-l:)"
phishing,Alăturați-vă celui mai excitant serviciu Dogging din Marea Britanie și puteți face sex 2nite!. Doar înscrieți-vă și urmați instrucțiunile. Trimiteți ENTRY la 69888 acum! Nyt.EC2A.3LP.msg@150p
legitim,Lol trebuie să-l iau. membru cum am spus că mătușa mea nu a vizitat timp de 6 luni? Din cauza ca am dezvoltat chisturi ovariene. Bc este singura modalitate de a le micșora.
legitim,Încă se lucrează:)este o casă foarte mică.
legitim,"Prietenul meu tocmai a ajuns aici și spune că își mărește comanda cu câteva grame (are $ &lt;#&gt; ), când poți ajunge aici?"
legitim,Tmr timin inca la fel ca am luat lectie pana la 6...
legitim,"Asta e treaba cu maimuțele, poți lupta până la moarte pentru a păstra ceva, dar în momentul în care îl au când îi dai drumul, asta este!"
phishing,"Sunshine Quiz Wkly Q! Câștigă un DVD player Sony de top dacă știi în ce țară a jucat Liverpool la mijlocul săptămânii? Txt ansr la 82277. å1,50 GBP SP:Tyrone"
legitim,"Nu, nu voi putea. || notificare prea târziu. || oricum voi fi acasă în câteva săptămâni. || care sunt planurile"
legitim,"Am Fujitsu, ibm, hp, toshiba... Am o mulțime de modele cum să spun..."
legitim,Okie... Mulțumesc...
legitim,"Doamne, ce durere. Atunci ar fi bine să vin."
legitim,"Ca de obicei..sunt bine, fericit &amp; merge bine..:)"
legitim,Okie
legitim,"Deci, când vei avea acces rimac"
legitim,"\Sunt la restaurant și mănânc calmar! Voi ieși pe la 10:30 vreau să fac ceva sau e prea târziu?\"""""
legitim,Suni la times job azi ok umma si le rogi sa accelereze
legitim,"\HELLO U.CALL WEN U FINISH WRK.M FANCY MEETIN UP WIV U ALL TONITE CA AM NEVOIE DE O PAUZĂ DE LA DABOOKS. A FACUT 4 ORE ULTIMA NOAPTE+2 AZI DE LUCRĂ!\"""""
legitim,R U &SAM P UN ÎN ALTUL. DACA NE INTALNIM PUTEM MERGI 2 CASA MEA
legitim,":-) da! Laugh out loud. Din fericire, nu am avut un rol principal ca tine!"
legitim,salut doamna ce mai faci?
legitim,"Minunat, trimite-mi mesaj când ești plin"
legitim,"Ca de obicei..sunt bine, fericit &amp; merge bine..:)"
phishing,"Knock Knock Txt al cărui acolo la 80082 pentru a intra r trage săptămânal 4 un voucher cadou de 250 GBP 4 un magazin la alegere. T&Cs www.tkls.com vârsta 16 până la stoptxtstopå1,50 GBP/săptămână"
legitim,Da. Totul e distracție nevinovată. O:-)
legitim,Mulțumesc pentru că ai trimis această întrebare despre abilitățile mentale...
legitim,"Domnule, sper că ziua dumneavoastră va merge bine. Chiar am sperat că nu va trebui să te deranjez cu asta. Am niște facturi pe care nu le pot plăti luna aceasta. Am rămas fără bani în plus. Știu că este o perioadă dificilă și pentru tine, dar trebuie să te anunț."
legitim,Doar 2 măduve. Miercuri la &lt;#&gt;  la 2 aha.
legitim,"Am fost la laboratorul tău, dar nu este nimeni acolo."
legitim,Nu pot alege telefonul acum. Vă rugăm să trimiteți un mesaj
legitim,"Hei, oameni buni... 700 USD sau 900 USD pentru 5 nopți... Locație excelentă cu coșul de mic dejun!!!"
phishing,"<Forwarded from 21870000>Bună, aceasta este alerta dvs. prin SMS de Mesagerie Poștală. Ai 40 de meciuri. Vă rugăm să sunați înapoi la 09056242159 pentru a vă prelua mesajele și a potrivi cc100p/min"
legitim,Cum se face?
legitim,"Laugh out loud! Nu a fost prea rău, mulțumesc. Este bine să fii acasă, dar a fost o verificare a realității. Cum a fost ziua? Ai facut ceva cu site-ul?"
legitim,Ok lor...
legitim,Vin acasă la 4 cină.
legitim,S da..al r mai sus &lt;#&gt;
phishing,"TON DE SONERIE GRATUIT, doar trimiteți mesajul \POLYS\"" la 87131. Apoi, în fiecare săptămână, primiți un nou ton."
legitim,"Unni, mulțumesc dragă pentru reîncărcare..Rakhesh"
legitim,"Știu că îmi lipsesc majoritatea detaliilor acestei drame, dar în cea mai mare parte nu sunt îngrijorat de asta"
legitim,"Haha... Ei nu pot ce... Cel mult tmr pierde... haha, deci cum?"
legitim,"Hei acolo! Ma bucur ca esti mai bine acum. Am auzit că v-ați tratat cu o cameră digitală, este bine? Plecăm la 21:00. Să aveți un an nou minunat, cu două săptămâni!"
legitim,Nicicum nu mă voi întoarce acolo!
phishing,"URGENT! Numărul dvs. de telefon mobil 077xxx A CÂȘTIGAT un premiu bonus pentru apelant de å£ 2.000 pe 02/06/03! Aceasta este a doua încercare de a ajunge la VOI! Sună la 09066362206 cât mai curând posibil! BOX97N7QP, 150 ppm"
legitim,VA CHEAM DOMNELE. În întâlnire
legitim,"Asta îmi place să aud :V ne vedem duminica, atunci"
legitim,"Îmi pare rău, da thangam, foarte, foarte, îmi pare rău că am fost blocat cu Prasad."
legitim,Tiwary la rcb.bătălie între bang și kochi.
legitim,Slavă Domnului că sunt în pat!
legitim,"Nu, nu am cancer. Mamele fac mare lucru dintr-un control obișnuit, alias frotiu Papanicolau"
legitim,Sunt la facultatea de arte Gobi
legitim,De ce vrea să vorbească cu mine
legitim,Pandy s-a alăturat astăzi tehnologiilor 4w. și-a găsit un loc de muncă..
phishing,"Aveți garantat cel mai recent telefon Nokia, un iPod MP3 player de 40 GB sau un premiu de 500 GBP! Cuvântul text: COLLECT la Nr: 83355! IBHltd LdnW15H 150p/Mtmsgrcvd18"
legitim,"Ei pot încerca! Se pot pierde, de fapt. Tee hee"
legitim,Hi! Tocmai ați vorbit cu MANEESHA V. Am dori să știm dacă ați fost mulțumit de experiență. Răspundeți gratuit cu Da sau Nu.
legitim,Prietenii mei sunau la fel.
legitim,"Scuze, o să sun mai târziu"
legitim,"Em, its olowoyey@ usc.edu să te distrezi grozav în argentina. Nu e trist pentru secretară, totul este o binecuvântare"
legitim,"It,,s a taxt massage....tie-pos argh ok! Lool!"
legitim,"Bună, vă rog să iau un &lt;#&gt;  împrumut în dolari de la tine. Îți voi plăti înapoi până la jumătatea lunii februarie. va rog."
legitim,"S-ar putea să doriți să scoateți mai multe pentru orice eventualitate și să plănuiți să nu o cheltuiți dacă puteți, nu am prea multă încredere în gestionarea banilor lui Derek și Taylor"
legitim,Îți place să-ți scuturi prada pe ringul de dans?
legitim,"Scrie-mi când cobori, nu suna, telefoanele mele au probleme"
legitim,Nu mai e nevoie de medicament.
legitim,"Scuze, da:) m-am gandit sa te sun de multe ori:)lil busy.te sun la amiaza.."
legitim,Sarcasmul ei.. .nt scarcasim
legitim,"Mare! Trebuie să alerg acum, așa că ttyl!"
legitim,Ai chef să încerci din nou kadeem? :V
legitim,Dai &lt;#&gt;  naal eruku.
legitim,Încă nu chikku..ce despre tine?
legitim,Bine...
legitim,Vrei să iei prânzul azi?
legitim,Știi când se va întoarce tata?
phishing,"Buna draga ce mai faci azi? Mi-ar plăcea să stau de vorbă, de ce nu-mi spui cum arăți și ce ești sexy?"
phishing,"8007 GRATUIT pentru prima săptămână! Numărul 1 Nokia tone 4 în fiecare săptămână, trimiteți un mesaj către NOKIA la 8007. Primiți mesaje și spuneți-le colegilor www.getzed.co.uk POBox 36504 W4 5WQ normă 150p/ton 16+"
legitim,El rămâne un frate între frați
legitim,Vă întâlniți cu da ge la noapte tmr?
legitim,"* A fost o zi frumoasă și, impresionant, am fost înțelept, am plecat acasă devreme și acum mă simt bine. Sau sunt doar plictisitor?! Când e al tău, nu-mi amintesc."
legitim,De ce de. Arati bine doar:-)..
phishing,"Vrei să te pui 2 noapte? Doriți că locații reale de dogging sunt trimise direct pe mobil? Alăturați-vă celei mai mari rețele Dogging din Marea Britanie. Trimiteți mesajul PARK la 69696 acum! Nyt. ec2a. 3lp å1,50 GBP/ms"
phishing,am încercat să vă contactăm pentru răspunsul dvs. la oferta noastră de un nou telefon și cameră video nokia apăsați răspuns sau sunați la 08000930705 pentru livrare
legitim,"Da. Mi-au răspuns la e-mail. Mă duc la biroul de conducere mai târziu. În plus, va intra în bancă mai târziu sau miercuri."
legitim,"Foarte bine, voi veni ca &lt;#&gt; ish"
legitim,Super msg da:)nalla timing.
legitim,"Bună ziua, băiețelul meu... Cum te simți azi? Mai bine sper? Tu ești băiatul meu bun? Ești ascultatorul meu, sclavul? Îți mulțumești reginei tale?"
legitim,Am 6 ft. Vom fi o combinație bună!
legitim,Sunt bolnav !! am nevoie!! Te vreau !! *bucă* *călcă din picioare* Unde ești?! *bucâie* *bat cu picioarele* Îmi vreau sclavul !! Il vreau acum!!
legitim,"* Sunt într-un tren înapoi de la Northampton, așa că mă tem că nu!"
legitim,Unde in abj slujesti. Stai cu tata sau singur.
legitim,Am jucat un joc cu 9 uși și Gt Racing pe telefon lol
phishing,"Tonuri noi Săptămâna aceasta includ: 1) McFly-All Ab.., 2) Sara Jorge-Shock.. 3) Will Smith-Switch.. Pentru a comanda urmați instrucțiunile de la mesajul următor"
legitim,"Rezolvați cazul: Un bărbat a fost găsit ucis pe &lt;DECIMAL&gt; . &lt;#&gt;  După-amiază. 1, soția lui a sunat la Poliție. 2, Poliția a interogat pe toată lumea. 3,Soția: Domnule, dormeam când a avut loc crima. 4.Bucătar: găteam. 5.Grădinarul: Culegeam legume. 6. Menajera: Am mers 2 d la oficiu postal. 7.Copii: Ne-am jucat 2. 8.Vecin: Ne-am căsătorit 2. Poliția a arestat imediat un criminal. Cine este? Răspunde cu rațiune, dacă ești genial."
legitim,"Sunt in autobuz, merg acasa..."
legitim,Am primit un apel de la un număr fix. . . Mi se cere să vin la Anna Nagar . . . Voi merge după-amiază
legitim,sunt bine. Urmărind visul. Ce e bine. Ce faci mai departe.
legitim,Yupz... Am rezervat sloturi 4 pentru weekendurile mele Liao...
phishing,URGENT! Încercăm să contactăm U. Extragerea de astăzi arată că ați câștigat un premiu de 800 GBP GARANTAT. Sunați la 09050003091 de pe telefon fix. Revendicarea C52. Valabil doar 12 ore
legitim,"Există multe modele..sony ericson, de asemenea, der.. &lt;#&gt; ..este bine, dar am uitat modelul nr"
legitim,Okie
legitim,"Da, cunosc melodiile cheesy de la Frosty the Snowman :)"
legitim,"Da ok, vikky vl c witin &lt;#&gt; minute si iti raspund.."
phishing,fani ai sportului - primiți cele mai recente știri sportive str* 2 pe mobil 1 săptămână GRATUIT PLUS un TON GRATUIT Txt SPORT ON la 8007 www.getzed.co.uk 0870141701216+ norma 4txt/120p
legitim,Hei tmr meet the bugis 930?
phishing,"Urgent Urgent! Avem 800 de zboruri GRATUITE către Europa de oferit, sunați la B4 pe 10 septembrie și luați un prieten 4 GRATUIT. Sunați acum pentru a revendica la 09050000555. BA128NNFWFLY150ppm"
legitim,Toate aceste cămăși noi și drăguțe și singurul lucru în care pot să le port este tematică nudistă ;_; esti in mu?
legitim,Hei chifle sexy! Dar ziua aceea? Nicio veste de la tine azi dimineață pe YM... :-( ... mă gândesc la tine
legitim,"Și ori de câte ori tu și cu mine vedem, încă ne putem conecta."
legitim,"Nu, dar mă duc acasă acum, apoi du-te să pun benzină..."
legitim,Puteți folosi timbre străine pentru orice le trimiteți?
phishing,DIN 88066 PIERDUT å12 GBP AJUTOR
legitim,"Oh, puiul casei. Cum de nu ai poze noi pe facebook"
legitim,"februarie &lt;#&gt;  este ziua \I LOVE U\"". Trimiteți-le tuturor \""FRNDS-UL VALORATI\"", chiar și mie. Dacă 3 revine, te vei căsători cu persoana care iubești! Dacă ignori, vei pierde dragostea 4 Evr"""
legitim,"Bună, îmi pare rău că nu am avut semnal. Nu am văzut sau auzit și nici nu am, ceea ce este neobișnuit în sine! O să pun carcasa și îl voi face să rezolve! Îmbrățișări și snogs."
legitim,"Omw înapoi la Tampa din West Palm, ai auzit ce s-a întâmplat?"
legitim,"Da, nu mai mult... Mulțumesc 4 printare și predare."
phishing,FreeMsg: Vrei un flirt? Răspunde acum DATE și alătură-te serviciului de întâlniri mobile cu cea mai rapidă creștere din Marea Britanie. Msgs rcvd doar 25p pentru a renunța txt opri la 83021. Răspunde DATE acum!
legitim,Ceea ce vreau să spun este că vin ei să te alunge când s-a terminat sau se spune că poți viziona câte filme vrei.
legitim,S acum doar am luat tablete. Reacție doar dimineața.
phishing,Great NEW Offer - DOUBLE Mins & DOUBLE Txt on best Orange tariffs AND get latest camera phones 4 FREE! Sunați gratuit la MobileUpd8 la 08000839402 ACUM! or 2stoptxt T&Cs
legitim,"Nu, sunt un DD perpetuu"
legitim,Îmi pare rău că am fost la cumpărături.
phishing,Sper că ți-a plăcut noul tău conținut. opriți mesajul la 61610 pentru a vă dezabona. ajutor:08712400602450p Furnizat de tones2you.co.uk
legitim,"Wen your lovable bcums angry wid u, nu o luați în serios.. Pentru că a fi supărat este cel mai copilăresc și adevărat mod de a arăta afecțiune profundă, grijă n dragoste!.. kettoda manda... O zi bună."
legitim,"Hei, mai vrei să mergi pentru yogasana? Pentru că dacă terminăm la cine, atunci putem merge să facem baie și să facem baia de aburi"
legitim,"Nu, nu conduc... nu am dezvoltat pozele lei..."
legitim,Mă gândesc să merg la regulă pentru lecții de antrenament.. Mi-am aruncat avansul.. Haha la ce oră mergi?
legitim,Rece. Sunt &lt;#&gt;  centimetri lungime. sper ca iti plac mari!
legitim,"House-Maid este criminalul, pentru că bărbatul a fost ucis pe &lt;#&gt; Ianuarie.. Ca sărbătoare legală, toate instituțiile guvernamentale sunt închise, inclusiv oficiul poștal.. înțelegi?"
legitim,Okie.. Mulțumesc..
phishing,18 zile până la startul Euro2004! Veți fi ținut zilnic la curent cu toate cele mai recente știri și rezultate. Dezabonare trimite GET EURO STOP la 83222.
legitim,Du-te unde n cumperi? Juz cumpara cand ajungem acolo lar.
legitim,Ok lor...
legitim,Lucrez suport tehnic :)proces de voce.
legitim,A trecut doar o săptămână de când ne-am despărțit și deja creierii ni se vor zgâria!
legitim,"Tunde, ce mai faci. Acesta este doar o zi minunată. Abiola."
legitim,Nu... C Ì_ atunci...
legitim,Nu. Dar vom face misiuni medicale în Nigeria
legitim,"Nu, nu am niciun film în laptop"
legitim,Ce sa ai acolo. Nu vrei să dormi
phishing,Urgent Vă rugăm să sunați la 09066612661 de la telefon fix. å5000 GBP numerar sau o vacanță de lux de 4* în Insulele Canare așteaptă colectarea. Premiul T&C SAE. 20M12AQ. 150 ppm. 16+ ÛÏ
phishing,"Urgent! Vă rugăm să sunați la 09066612661 de pe telefonul fix, vă rugăm să vă încasați vacanța gratuită de 4* Lux Costa Del Sol sau 1000 GBP CASH. ppm 150 T&C SAE James 28, EH74RR"
legitim,I havent lei.. Next mon can?
legitim,Mm simt somnoros. chiar astăzi voi primi asta dragă
legitim,Cum îndrăznești prost. Nu o să-ți spun nimic. Auzi după ce nu voi vorbi cu tine:-.
legitim,Nu Ì_ nu dacă Ben pleacă?
legitim,Poți să faci o întâlnire cu acest avo la un moment dat?
legitim,Mă refer la mijloc stânga sau dreapta?
legitim,Serios? M-am prăbușit ghemuit pe canapea mea.
legitim,"Bună, Chachi a încercat să te sune acum, nu reușește să te contacteze.. Vă rog să-mi dați un apel pierdut odată ce ați trimis mesajul Kanagu"
legitim,"Ți-am trimis prețurile și te referi la &lt;#&gt; g,"
legitim,Ești așa de agitat
legitim,Nimic. Poate...
phishing,Nu te cunosc și nu mă cunoști. Trimite CHAT la 86688 acum și hai să ne găsim! Doar 150p/Msg rcvd. HG/Suite342/2Lands/Row/W1J6HL LDN. 18 ani sau peste.
legitim,"Nu, * lucrez la chestia care sună, dar am o casă plină de băieți care țipă așa că * îmi smulg părul! Te iubesc"
legitim,"Dar familia mea nu răspunde pentru nimic. Acum sunt în cameră, nu am fost acasă pentru Diwali, dar nu m-a sunat nimeni și de ce nu am venit. Mă face să mă simt ca și cum am murit."
legitim,"Tic, bif, bif... Iubitule"
legitim,R Ì_ mergi 4 la întâlnirea de astăzi?
legitim,K da:) cate pagini vrei?
legitim,Ya had tocmai acum.ceapă friptă.
legitim,Trimite-i numarul si raspunde maine dimineata de ce i-ai spus asta ok
legitim,Ai spus că nu acum. Nici o problemă. Când poți. Să-mi dai de veste.
legitim,"Ok, dar spune-mi o jumătate de oră b4, vino, am nevoie de 2 pregătiri."
legitim,Te joci la calculator? Aiyah i tok 2 u lor?
legitim,S-a așezat corect? Bine multumesc...
legitim,"Derp. Ceea ce este mai rău, un tip care vrea mereu să petreacă sau un tip care depune o plângere pentru cei trei abuzatori de droguri cu care locuiește"
legitim,"Ok mâncare chinezească pe drum. Când mă îngraș, îmi plătești lipo."
legitim,Suntem deja afară.
legitim,"O călătorie bună. Atenție la . Amintește-ți, când te întorci, trebuie să ne hotărâm despre Paște."
legitim,Ne uitam la un film pe netflix
legitim,La ce oră. IÛ÷m afară până la problema 3 sau cam asa ceva
legitim,"Poate meh? Că unii se vor ciocni... Într-adevăr, ah, nu mă gândesc... Am văzut că am slăbit... Vai..."
legitim,Nu cred că este o chemare greșită între noi
legitim,Nu sunt sigur de meniul de noapte. . . Știu doar despre meniul de prânz
legitim,Ziua de naștere a ARR astăzi:) îi doresc să primească mai mult oscar.
legitim,"Spune asta încet.? DOAMNE, TE IUBESC &amp; AM NEVOIE DE TINE, CURĂȚI-MI INIMA CU SANGELE TĂU. Trimite asta la zece persoane speciale &amp; ești miracol mâine, fă-o, te rog, fă-o..."
legitim,"Deschideți rebtel cu firefox. Când se încarcă, puneți semnul plus în locul numelui de utilizator și vă va afișa două numere. Numărul mai mic este numărul meu. Odată ce ați ales acel număr, pinul se va afișa în regulă!"
legitim,și ridicându-le din diverse puncte
phishing,Femeile locale căsătorite care caută acțiune discretă acum! 5 potriviri reale instantanee pe telefonul tău. Trimite mesajul MATCH la 69969 Costul mesajului 150p 2 opriri txt stop BCMSFWC1N3XX
legitim,Wow v v impresionat. Distracție plăcută la cumpărături!
legitim,Sunt pe drum spre casa ta
phishing,Burger King - Vrei să joci fotbal pe un stadion de top? Obțineți 2 Burger King înainte de 1 septembrie și mergeți la mare sau super cu Coca-Cola și ieșiți la un câștigător
legitim,Nici o problemă. Vorbim mai târziu
legitim,Atunci sora ta cum?
legitim,Încă la locul clientului
phishing,Cum de durează atât de puțin timp unui copil căruia îi este frică de întuneric să devină un adolescent care vrea să stea afară toată noaptea?
legitim,"Omule, știi și telugu..thts gud..k, gud nyt.."
legitim,Confirmăm mâncarea la esplanada?
legitim,Trimite-mi id-ul tău și parola
legitim,Cam. L-am dus la garaj. Partea centrală a eșapamentului trebuie înlocuită. Piesa comandată și luând-o să fie reparată mâine dimineață.
phishing,"Pentru șansa de a câștiga 250 GBP cash în fiecare săptămână TXT: ACTION la 80608. T's&C's www.movietrivia.tv custcare 08712405022, 1x150p/săptămână."
legitim,"Ei bine, s-ar putea să nu vin atunci..."
legitim,Mult după ce am renunțat. Mă înțeleg doar 5 minute pe zi așa cum este.
legitim,"Atunci cel mai probabil se numește Mittelschmertz. Google-l. Dacă nu aveți paracetamol, nu vă faceți griji, va merge."
legitim,"Ei bine, în acest moment, va trebui să mă ridic și să verific vânzările de aburi/pipi de astăzi, așa că trimite-mi un mesaj când vrei să vin să te iau"
legitim,"Tocmai am sosit, ne vedem peste câteva zile &lt;3"
legitim,"K, care este incidentul?"
legitim,"Da, obțineți nelimitat"
legitim,cAtunci cred că shd b enuff.. Încă am concluzie n conținut pg n referințe.. Voi face da conținut pg n coperta pg..
legitim,"Am uitat că îmi ia 3 ani să fac duș, îmi pare rău. Unde ești/telefonul tău a murit încă?"
legitim,"ÌÏ am ce să cumpăr, spune-ne atunci Ì_ nu este nevoie să mai intri."
legitim,Cand esti mare..| Dumnezeu va aduce succes.
phishing,UÛªve Bin a primit å£50 pentru a juca 4 Instant Cash. Sunați la 08715203028 pentru revendicare. FIECARE al 9-lea jucător câștigă min å£50-å£500. OptOut 08718727870
legitim,"Û_ vom sta aici o săptămână în plus, înapoi mierea viitoare. Cum ne-am descurcat la rugby în acest weekend? Bună și și , c u în curând \""sunca"""
legitim,Nu din acest campus. Ești în bibliotecă?
legitim,"Declarația pe propria răspundere spune &lt;#&gt;  E Twiggs St, divizia g, sala de judecată &lt;#&gt; , &lt;TIME&gt;  A.M. O să verific și îți voi scrie din nou mâine"
legitim,Cum mă voi strecura pe tine acum? ;_;
legitim,Spune-le prietenilor tăi ce intenționezi să faci de Ziua Îndrăgostiților @ &lt;URL&gt;
legitim,"Dacă ajung acolo înaintea ta după zece miliarde de telefoane și mesaje, așa că ajută-mă Doamne"
legitim,Puritatea prieteniei între doi nu înseamnă să zâmbești după ce ai citit mesajul transmis.. Este despre a zâmbi doar văzând numele. Gud evng musthu
legitim,I-am spus că l-am returnat. Asta ar trebui să-l comand.
legitim,"House-Maid este criminalul, pentru că bărbatul a fost ucis pe &lt;#&gt; Ianuarie.. Ca sărbătoare legală, toate instituțiile guvernamentale sunt închise, inclusiv oficiul poștal.."
legitim,Depinde unde mergi.
legitim,Și zâmbește-mi chiar acum în timp ce mergi și lumea se va întreba despre ce zâmbești și se va crede nebun și ține-te departe de tine... *zâmbește*
phishing,FreeMsg>FAV XMAS TONES!Răspunde REAL
legitim,Febra lui:) acum bine:)
legitim,Cred că totul este încă în mașina mea
legitim,Poate un nu?
phishing,Doar decembrie! Aveai mobilul tău peste 11 luni? Aveți dreptul să vă actualizați gratuit la cea mai recentă cameră mobilă color! Sunați GRATUIT la The Mobile Update Co la 08002986906
legitim,Da printesa! Vreau să te prind cu mâinile mele mari și puternice...
legitim,"Oh, da, am uitat. Puteți scoate doar 2 la cumpărături deodată."
legitim,"Mm, așa că mi-ai cerut să nu sun la radio"
legitim,E bine să te gândești la cineva. Fara medicamente pentru asta
legitim,"Spune asta încet.? DOAMNE, TE IUBESC &amp; AM NEVOIE DE TINE, CURĂȚI-MI INIMA CU SANGELE TĂU. Trimite asta la zece persoane speciale &amp; ești miracol mâine, fă-o, te rog, fă-o..."
legitim,"Bucură-te de ploile de posesivitate revărsate asupra ta de cei dragi, deoarece în această lume a minciunilor, este un dar de aur să fii iubit cu adevărat.."
legitim,"Bine, dacă ești sigur, anunță-mă când pleci"
legitim,Unele durează până la 2 ore. S-ar putea să ai noroc.
legitim,Geniu ce-i treaba. Cum fratele tău. Vă rog să trimiteți numărul lui pe skype-ul meu.
phishing,"Gr8 Tonuri poli 4 ALL mobs direct 2u rply cu POLY TITLE la 8007 de ex. POLY BREATHE1 Titluri: CRAZYIN, SLEEPINGWITH, FINEST, YMCA :getzed.co.uk POBox365O4W45WQ 300p"
legitim,"Mulțumesc că unii dintre ei găsesc că sunt prea departe... Weiyi nu merge... În rest, încă nu știu... Dacă merg la 4 cină, s-ar putea să mă alătur..."
legitim,Nu uita cine te stăpânește și cine ești proprietatea privată... Și fii mereu băiatul meu bun.. *sărut pasional*
phishing,"INTERFLORA - åÒNu este prea târziu pentru a comanda flori Interflora pentru Crăciun, sunați la 0800 505060 pentru a plasa comanda înainte de miezul nopții mâine."
legitim,Doamne..a luat dinții? e dureros
phishing,"ROMCAPspam Toți cei din jur ar trebui să răspundă bine prezenței tale, deoarece ești atât de cald și de deschis. Aduci o adevărată suflare de soare."
legitim,Apoi întrebați-l pe Darren Go n pick u lor... Dar i ososian tmr dacă mă întâlnesc cu lect...
legitim,Nu e nevoie să-mi cumperi prânzul.. mănânc maggi mee..
phishing,"Felicitări - Mulțumită unui prieten bun, ați CÂȘTIGAT premiul de Crăciun de 2.000 GBP. Reclamația 2 este ușoară, doar sunați la 08712103738 ACUM! Doar 10p pe minut. BT-rată-națională"
legitim,Ok lor...
legitim,"O, bine, ok. Mă voi asigura că fac o mulțime de muncă în timpul zilei!  am avut o tuse foarte urâtă azi și este uscată, așa că asta ar trebui să te ajute cu adevărat!"
legitim,Soție.cum știa exact momentul crimei
phishing,Trimite o siglă 2 iubitului tău - 2 nume unite de o inimă. Trimite mesajul LOVE NUME1 NUME2 MOBNO ex. IUBIRE ADAM EVE 07123456789 la 87077 Yahoo! POBox36504W45WQ TxtNO 4 fără anunțuri 150p.
legitim,Howz povestea acelei persoane
legitim,Mulțumesc 4 că mă trimit acasă...
legitim,"În mod normal, e-mailul fierbinte. Com vezi!"
phishing,"Ați câștigat tkts la FINALA CUPA EURO2004 sau 800 GBP CASH, pentru a încasa Apelați la 09058099801 b4190604, POBOX 7876150ppm"
legitim,Esti bolnav inca mai poti merge la cumparaturi?
legitim,"Da, sunt bine și bine., BBD(pooja) cosuri pline..chiar ea devine destul de neagră..și rit aici este prea rece, poartă pulover.."
legitim,Frumos.frumos.cum funcționează?
legitim,1 ajunge acasă sună-mă.
legitim,Încercam să găsesc un loc cu mâncare chinezească pe aici
legitim,"Ușor, prietene, * bănuiesc că băutura rapidă a fost puțin ambițioasă."
legitim,BABE!!! Te miiiiiiiissssssssss! Am nevoie de tine !!! te poftesc!!! :-( ... Geeee ... sunt atat de trist fara tine iubito ... te iubesc ...
legitim,Ok multumesc...
legitim,aathi..unde esti draga...
legitim,"Tunji, ce mai face regina? Ce mai faci. Acesta este doar o zi minunată. Abiola."
legitim,"Astăzi iZ Ziua trandafirului galben. Dacă îți place frndship-ul, dă-mi 1 avertizare &amp; trimite asta către frndZ &amp; Vezi câte apeluri ratate primești. Dacă ești ratat, căsătorește-te cu iubitul tău."
legitim,Va ieși din clasă în câteva ore. Îmi pare rău
legitim,La ce oră termini lectul azi?
phishing,"Mesaj gratuit: Jamster! Primește acum sunetul nebun al broaștei! Pentru text poli MAD1, pentru text real MAD2 la 88888. 6 sunete nebunești pentru doar 3 GBP/săptămână! Doar 16+! Se aplică T&C"
legitim,"Sad story of a Man - Săptămâna trecută a fost ziua mea. Soția mea nu mi-a dorit. Părinții mei au uitat și copiii mei au uitat. M-am dus la muncă. Nici măcar colegii mei nu și-au dorit. Când am intrat în cabina mea, PA-ul meu a spus: „La mulți ani șefu!”. M-am simțit special. Ea mi-a cerut 4 prânz. După prânz, m-a invitat în apartamentul ei. Ne-am dus acolo. Ea a spus: „Te superi dacă intru un minut în dormitor? '' ''OK'', am sedat într-o dispoziție sexy. Ea a ieșit 5 minute mai târziu cu o prăjitură...n Soția mea, părinții mei, copilul meu, prietenii mei și colegii mei. Toți țipă.. SURPRIZĂ !! iar eu asteptam pe canapea.. ... ..... ' GOD...!"
phishing,"ȘANSA TA DE A FI ÎNTR-UN REALITY FANTASY SHOW sunați acum = 08707509020 Doar 20p pe minut NTT Ltd, PO Box 1327 Croydon CR9 5WB 0870 este un apel național = tarif"
legitim,Ea este bine. Mă bucur să aud de la tine. Ce faci draga mea? La mulți ani oh.
legitim,Ai de gând să faci un interviu Wipro azi?
legitim,cat de inalta esti printesa?
legitim,Mă îndoiesc că te poți descurca de 5 ori pe noapte în orice caz...
legitim,Haha... Sper că Ì_ poate auzi sunetul chitanței... Gd noroc!
legitim,Tu vei fi moartea dacă eu. O să las o notă care spune că totul este de vină. Răzbună-mă.
legitim,"Proverb japonez: Dacă cineva o poate face, și tu o poți face, dacă nimeni nu o poate face, trebuie să o faci Versiunea indiană: dacă cineva o poate face, LĂSAȚI-L să o facă.. Dacă nimeni nu o poate face, lăsați-o!! Și, în sfârșit, versiunea Kerala: Dacă cineva o poate face, opriți-l să o facă.. Dacă nimeni nu o poate face, faceți o lovitură împotriva ei..."
legitim,"Astăzi nu lucrez, dar nu sunt liber... Vai... Crezi că lucrezi la magazinul tău?"
legitim,"În viață, când te confrunți cu alegeri Doar aruncă o monedă, nu pentru că ai rezolvat întrebarea, dar în timp ce moneda este în aer, vei ști ce speră inima ta. Gudni8"
legitim,"Știi de ce Dumnezeu a creat un spațiu între degete? Așa că, Cel care este făcut pentru tine vine &amp; umple acele goluri ținându-ți de mână cu IUBIRE..!"
legitim,Vreau să fiu acolo ca să te sărut și să te simt lângă mine
legitim,Nu sunt deloc mulțumit de ceea ce spui sau faci
phishing,Conținut pentru adulți 18 ani Videoclipul tău va fi cu tine în curând
legitim,"Ok, ar fi minunat, dacă ești sigur. Gândește-te la ce vrei să faci, să bei, să dansezi, să mănânci, la cinema, înăuntru, afară, despre... Depinde de tine! Despre ce?"
legitim,"Ceea ce spun este că, dacă nu i-ai spus în mod explicit Norei, cunosc pe cineva, probabil că nu mă voi deranja"
legitim,Îți salută și să-ți duci fundul înapoi în South Tampa (de preferință la un kegger)
legitim,Smith deșeuri da.Vreau gayle.
legitim,"Mamă, ți-am trimis multe mesaje de când am ajuns aici. Vreau doar să știu că chiar le primești. Bucurați-vă de restul zilei."
legitim,"Bine, mâine în jurul &lt;#&gt;  este"
legitim,"House-Maid este criminalul, pentru că bărbatul a fost ucis pe &lt;#&gt; Ianuarie.. Ca sărbătoare legală, toate instituțiile guvernamentale sunt închise, inclusiv oficiul poștal.. înțelegi?"
phishing,"ȘANSA TA DE A FI LA UN REALITY FANTASY SHOW sunați acum = 08707509020 Doar 20p pe minut NTT Ltd, PO Box 1327 Croydon CR9 5WB 0870 este un apel național = tarif."
legitim,"De fapt, am făcut-o pentru prima dată după ceva timp. M-am culcat nu prea mult după ce am vorbit cu tine. M-am trezit la 7. Cum a fost noaptea ta?"
legitim,Ne vedem acolo!
legitim,nu inteleg mesajul tau.
legitim,Crucify este c nu s. Ar fi trebuit să-mi spui mai devreme.
legitim,"Nu ştiu. Continui să spui că nu ești, dar de când s-a mutat, tot ne batem capul peste libertate vs responsabilitate. Și sunt obosit. Am atât de multe alte chestii cu care să mă ocup, încât abia mă țin împreună odată ce se adaugă asta."
legitim,Dă-i dracu’ cu cheia de cedru și dă-o dracu’ (oricum vino acolo)
legitim,"cinci și douăzeci a spus că trenul a fost deja la Durham sau nu, pentru că sunt pe un loc rezervat"
phishing,"Hei Băieți. Vrei fotografii XXX fierbinți trimise direct pe telefonul tău? Trimiteți un mesaj PORN la 69855, 24 de ore gratuit și apoi doar 50p pe zi. Pentru a opri, trimiteți mesajul STOPBCM SF WC1N3XX"
legitim,Îți mai pictezi peretele?
phishing,"Ultima șansă! Revendicați astăzi vouchere de reducere în valoare de 150 GBP! Trimiteți mesajul SHOP la 85023 acum! SavaMob, oferă mobil! T Cs SavaMob POBOX84, M263UZ. å3,00 GBP sub. 16"
legitim,Imprimanta este cool. Adică groovy. Vinul este groovy
legitim,"Bună, chiria lui Harish a fost transferată în contul dvs."
legitim,Ceva dacă vine ea?
legitim,Cbe este foarte bun în zilele noastre:)o mulțime de magazine și showroom-uri:) orașul se conturează bine.
legitim,ÌÏ mai participi la discuții?
legitim,"Fără probleme, dragă! Cum faci la mo?"
legitim,K O să am grijă de asta
legitim,Înțeleg că nu am avut telefonul de vineri. Putem presupune că nu îl vom avea anul acesta acum?
legitim,"Bateria mea este descărcată, iubito"
legitim,"Shuhui a cumpărat cadoul lui Ron, este un ceas eșantion..."
legitim,"Da, a mai rămas destul de mult, trec mâine când mă trezesc"
legitim,Prunc? Ai spus 2 ore și au trecut aproape 4... Ți-a oprit internetul?
legitim,K Voi fi sigur că mă trezesc înainte de prânz și voi vedea ce este
legitim,K...k...ieri am fost în cbe .
legitim,Am fost la magazinul de rochii Ganesh
phishing,"pdate_Now - Minute duble și 1000 txts la tarifele Orange. Cele mai recente Motorola, SonyEricsson și Nokia și Bluetooth GRATUIT! Apelați MobileUpd8 la 08000839402 sau call2optout/!YHL"
legitim,ÌÏ îți colectezi laptopul și apoi configurezi setările izzit?
legitim,"Dacă ești acasă, coboară în 5 minute"
legitim,"Bine, ar trebui să fiu acolo cel târziu până la 8, probabil mai aproape de 7. Jay și Tyler sunt în jos sau ar trebui să facem doar două călătorii?"
legitim,Vino după &lt;DECIMAL&gt; ..acum fac curat in casa
phishing,Soldul dvs. de numerar este în prezent de 500 de lire sterline - pentru a maximiza încasările dvs. acum trimiteți CASH la 86688 doar 150p/msg. CC: 08718720201 PO BOX 114/14 TCR/W1
legitim,"Bill, ca în: Există scrisori pentru mine. Mă aștept la unul de la portocaliu care nu este o bancnotă, dar poate să scrie portocaliu pe el."
legitim,Spune-mi pa. Cum este durerea.
legitim,"Bună, DARLIN, SPER ȚI-AI PETRUT O NOAPTE Frumoasă. Mi-aș dori să fi venit Abia aștept să te văd Iubește FRAN PS VREAU SEX ANAL MURDAR ȘI VREAU UN GANG BANG DE 10 BĂRBAȚI"
legitim,"Ha. Nici tu nu știi. Am făcut un lucru inteligent, dar simplu, cu pere zilele trecute, perfect pentru Crăciun."
legitim,"Helloooo... Trezeste-te..! \Dulce\"" \""dimineața\"" \""bun venit\"" \""Tu\"" \""Bucură-te\"" \""Această zi\"" \""cu bucurie plină\"".. \""GUD MRNG\""."""
legitim,ALRITE
legitim,De ce trebuie să stăm și să așteptăm zilele de vară pentru a sărbători. O priveliște atât de magică când lumile s-au îmbrăcat în alb. Oooooh să fie zăpadă.
phishing,URGENT! Numărul dvs. de mobil a fost premiat cu un premiu de 2000 GBP GARANTAT. Sunați la 09058094454 de pe telefon fix. Revendicare 3030. Valabil doar 12 ore
legitim,Cum mergeți să vedeți filme de partea voastră.
legitim,"Îmi pare rău, la întâlnire o voi suna mai târziu"
legitim,"Nu trebuia să-mi spui asta... acum mă gândesc. În plus, el va opri toate alergările tale"
legitim,Vă rugăm să trimiteți pe cineva la apartamentul nostru înainte de &lt;DECIMAL&gt;  astăzi.
phishing,Îmi pare rău! Nu vă puteți dezabona încă. Pachetul de ofertă MOB are un termen minim de 54 de săptămâni> vă rugăm să retrimiteți cererea după expirare. Răspunde THEMOB HELP 4 mai multe informații
legitim,Nimic lor... Un pic plictisit și... Atunci te duci acasă devreme 2 dormi astăzi...
legitim,La ce oră ar trebui să-i spun prietenului meu să fie prin preajmă?
legitim,Da. asta va fi bine. te iubesc. Fii în siguranță.
legitim,Multumesc chikku..:-) gud nyt:-*
legitim,E xy în mașina ta când mă iei?
legitim,"Mulțumesc 4 timpul petrecut de 2 geva, mentă! Tu copilul meu și tot ce vreau este tu!xxxx"
legitim,"Hei, cum am putea lua ceva în seara asta?"
legitim,Nu l-am trimis. El mă poate trimite.
legitim,"Bine, pur și simplu stau."
legitim,"Este darul lui Dumnezeu pentru păsări, deoarece oamenii au un dar natural de la Dumnezeu.."
legitim,Vii azi la curs?
legitim,Am terminat. Tocmai am studiat la bibliotecă
legitim,Ok... Îți plac emisiunile...
legitim,Nimic...
legitim,"Unde aș fi fără copilul meu? Numai gândul mă rupe și nu vreau să înnebunesc, dar fiecare băiat are nevoie de doamna lui xxxxxxxx"
legitim,Ce face draga mea? Dormit ah?
legitim,"Salut, Test pe &lt;#&gt; rd ...."
legitim,Doar 2% studenți au rezolvat această întrebare CAT la „examen... 5+3+2= &lt;#&gt;  9+2+4= &lt;#&gt;  8+6+3= &lt;#&gt;  atunci 7+2+5=????? Spune-mi răspunsul dacă ești genial... 1 lucru. Am primit un răspuns.
legitim,"Tu cunoști pe cineva &lt;#&gt;  sau altfel puteți cumpăra băuturi alcoolice? Tipul nostru s-a fulg și chiar acum, dacă nu punem mâna pe cineva, sunt doar 4 loko toată noaptea"
legitim,Yup n her fren lor. Mă întâlnesc cu prietenul meu la 730.
legitim,"Da, avem unul aliniat pentru noi"
legitim,"Și încetează să te mai întrebi \wow o să înceteze vreodată să-mi mai spună?!\"" pentru că te voi trimite oricând vreau pentru că ești al MEU... *râde*"""
legitim,Lol da am făcut asta ieri. Am primit deja șemineul meu. Acum este doar o altă pictogramă care stă acolo pentru mine.
legitim,"Hei, am rezervat deja lecția de pilates și yoga... Haha"
legitim,Eşti în regulă. Ce se întâmplă să se comportă așa
phishing,Ai 1 mesaj nou. Vă rugăm să sunați la 08712400200.
legitim,Supraveghetorul meu mi-a găsit 4 unul pentru a le mulțumi studenților săi. Nu am intrebat-o inca. Spune-ți după ce o întreb.
legitim,"Buna ziua. Nicio veste despre job, mă fac să aștept o a cincea săptămână! Da, sunt gata pentru niște nevăstuici și nevăstuici... În exeter încă, dar fii acasă pe la 3."
legitim,Niciun mesaj..nici un raspuns..ce sa intamplat?
phishing,"Momentan avem un mesaj care așteaptă colecția ta. Pentru a vă ridica mesajul, sunați la 08718723815."
legitim,"Hei iubito, îmi pare rău că nu am ajuns mai devreme. Gary poate veni să o repare pentru că crede că știe ce este, dar nu merge atât de departe cu un Ptbo și spune că va costa &lt;#&gt;  dolari. Nu stiu daca ar fi mai ieftin sa gasesti pe cineva acolo? Nu avem deloc aparate la mâna a doua acum, spune-mi ce vrei să faci, iubito"
legitim,face asta 3! 4 naibii de sake?! x
legitim,Lasă-l. Vei fi mereu ignorant.
legitim,"Nu, dar voi merge vineri la 2 ore, destul de devreme, pentru că sora mea a primit hârtie dimineața :-)"
legitim,la bruce b downs &amp; fletcher acum
legitim,Unde ești ? Ai spus că vei fi aici când mă trezesc... :-(
legitim,"Hei, acum sunt liber, poți să mă suni."
legitim,Spune-mi cine este acesta te rog :-)
phishing,URGENT! Mobilul dvs. a primit un premiu bonus pentru apelant de 1.500 GBP pe 27.6.03. Ultima noastră încercare 2 contactează-te! Sună la 08714714011
legitim,"Gândește-te că ar putea fi nevoit să-l ratez. Predau până la douăsprezece, apoi țin prelegeri la două. La naiba chestia asta de lucru."
legitim,"Trebuie să verific, dar a mai rămas doar 1 boluri"
legitim,"Da, au fost multe dulciuri"
legitim,"Aș vrea, dar sunt încă confortabil. Și epuizat de aseară.nimeni nu a mers la școală sau la muncă. Totul este închis."
phishing,"Ai un admirator secret. Dezvăluie cine crede U R Atât de special. Sunați la 09065174042. Pentru a renunța Răspundeți DEZVĂLUȚI STOP. 1,50 pe mesaj înregistrat. Ingrijire client 07821230901"
legitim,Buzzzz! *zâmbește* Ți-am bâzâit fundul? Bâzâie-ți pieptul? Bâzâie-ți penisul? Unde îți ții telefonul? Este pornit vibratorul? Ai simțit că tremură?
legitim,Domnule trimite la e-mail de grup verifica-l.
legitim,Fac o introducere care acoperă tendințele energetice și pro și contra... Scurtă descriere a fuziunii nucleare n oso scurtă istorie a iter n jet a avut aproximativ 7 n jumătate de pagini..
legitim,"\NONE!NICIUNDE IKNO FĂ REDUCERE!SHITINNIT\"""""
legitim,Nu știi că mi-ai bătut abi.
phishing,"Ai observat vreodată că atunci când conduci, oricine merge mai încet decât tine este un idiot și toți care conduc mai repede decât tine sunt un maniac?"
legitim,Nu a avut încă..ya sapna aunty manege y'day hogidhe..chinnu complet slab și swalpa negru agidhane..
legitim,"Ești bun, iubito? :)"
legitim,Tranzacție NEFT cu numărul de referință &lt;#&gt;  pentru Rs. &lt;DECIMAL&gt;  a fost creditat în contul beneficiarului la &lt;#&gt;  la &lt;TIME&gt; : &lt;#&gt;
legitim,"Mai ales tip sport..lyk footbl,crckt.."
legitim,Capul ma se umfla oh. Mulțumesc că mi-ai făcut ziua
legitim,Ar trebui să faci o listă fb
legitim,"Înălțimea încrederii: toți profesorii de Aeronautică au fost numiți &amp; ei au fost rugați să stea într-un avion. După ce s-au așezat, li s-a spus că avionul a fost făcut de studenții lor. Toți au ieșit grăbiți din avion.. Bt numai eu nu m-am mișcat... El a spus:\dacă este făcut de studenții mei"
legitim,"Sary are nevoie doar de Tim în bollox și l-a durut foarte mult, așa că mi-a spus!"
legitim,La multi ani printesa!
legitim,"Îi voi trimite un mesaj lui Carlos și te anunt, stai"
legitim,"Nu vă faceți griji, * este ușor odată ce aveți ingrediente!"
legitim,"Te iubesc 2 micul meu clopot, îmi pare rău, dar te iubesc"
legitim,"Ok, acum, tu la Castor?"
legitim,Yar lor... Continuă să plouă fără oprire... Sau vrei să mergi în altă parte?
phishing,"Oferta de Craciun! Cele mai recente Motorola, SonyEricsson și Nokia și Bluetooth sau DVD GRATUIT! Minute duble și 1000 Txt pe Orange. Apelați MobileUpd8 la 08000839402 sau call2optout/4QF2"
legitim,"Ce vrei să spui că aproape ai terminat? Ai terminat de dormit? Dar o să tragi un pui de somn.. Da, i-o trimit Liao, așa că o iau la 4 ceva.."
legitim,"7 minuni în LUMEA MEA 7th You 6th Ur style 5th Ur zâmbet 4th Ur Personality 3rd Ur Nature 2nd Ur SMS și 1st \Ur Lovely Friendship\""... bună dimineața dragă"""
legitim,"În seara asta? Da, aș fi înclinat pentru asta"
legitim,"Ce ar trebui să mănânc la prânz, domnule"
legitim,"A spus că a chicotit bine când te-a văzut din nou! Ai putea fi primul person2die de la NVQ, dar gândește-te cât ai putea pentru!"
legitim,Fără pauză... Cum... Ies și îmi iau lucrurile de la Ì_?
phishing,Răspunde pentru a câștiga 100 GBP săptămânal! Ce sport profesionist joacă Tiger Woods? Trimiteți STOP la 87239 pentru a termina serviciul
legitim,"Sunt acolo și te văd, dar tu nu mă poți vedea? Poate ar trebui să reporniți ym? Am văzut zumzetul"
legitim,Mai ai râșnița?
phishing,Nu 1 ton polifonic 4 ur mob în fiecare săptămână! Doar trimite PT2 la 87575. Primul ton GRATUIT! așa că ia txtin acum și spune-le prietenilor tăi. 150p/ton. 16 răspuns HL 4info
legitim,"Dragostea nu este o decizie, este un sentiment. Dacă am putea decide pe cine să iubim, atunci viața ar fi mult mai simplă, dar apoi mai puțin magică"
phishing,"HOT LIVE FANTASIES sunați acum 08707509020 Doar 20p pe minut NTT Ltd, PO Box 1327 Croydon CR9 5WB 0870 este un apel național cu tarif"
legitim,K.nu te-am vazut.:)k:)unde esti acum?
legitim,Așa că fac o listă de cumpărători.
legitim,"Habar n-am, cred că vom rezolva asta la o oră după ce ar trebui să plecăm, deoarece, ca de obicei, nimeni nu are niciun interes să-și dea seama înainte de ultima secundă."
legitim,"Mm, nu sunt sigur că am înțeles textul, dar hei. Ho. Care weekend?"
legitim,"Au lansat cămăși de zi și când le pui pe el, îți face jumătatea de jos goală în loc de lenjeria albă."
legitim,Nu stiu...se uita la film la calculator...
legitim,Nu b4 joi
legitim,"Atunci m-a sunat telefonul tău, dar s-a deconectat"
legitim,Id-ul contează doar atunci când pleci din afara campusului
phishing,"Acest mesaj este gratuit. Bun venit la noul și îmbunătățit club Sex & Dogging! Pentru a vă dezabona de la acest serviciu, răspundeți STOP. mesaje@150p numai 18+"
legitim,"Excelent, voi vedea care sunt planurile lui Riley"
legitim,O sa vad in jumatate de ora
phishing,"Ați câștigat tkts la FINALA CUPA EURO2004 sau 800 GBP CASH, pentru a încasa Apelați la 09058099801 b4190604, POBOX 7876150ppm"
legitim,Ești tu unul dintre ei?
legitim,"De asemenea, salut Wesley, cum ai fost"
legitim,"Ah, vezi. Trebuie să fii în limbaj. Vă voi anunța ce este pe pământ când ați terminat de făcut!"
phishing,Împrumut pentru orice scop å£500 - å£75.000. Proprietarii + chiriașii sunt bineveniți. Ai fost refuzat anterior? Mai putem ajuta. Sunați gratuit la 0800 1956669 sau trimiteți înapoi „ajutor”
phishing,Update_Now - 12 luni la jumătate de preț închiriere linie Orange: 400 de minute... Sunați la MobileUpd8 la 08000839402 sau call2optout=J5Q
legitim,Imaginează-ți Viața FĂRĂ MINE... vezi.. Cât de repede mă cauți? Nu-ți face griji.. Sunt mereu acolo Ca să te deranjez.. Bună ziua..:)
legitim,"Hm bună dimineața, dureri de cap cineva? :-)"
legitim,"Da, fără probleme - noaptea trecută vă ajunge din urmă... Vorbește curând"
phishing,"PORNO HARDCORE GRATUIT NELIMITAT 2 direcționați PORN-ul dvs. pe mobil la 69200 și obțineți acces GRATUIT pentru 24 de ore, apoi chrgd@50p pe zi txt Stop 2exit. Acest mesaj este gratuit"
legitim,S-ar putea să merg 2 sch. Yar la e salon acum v plictisitor.
legitim,"&lt;#&gt;  minute, dar mai întâi a trebuit să mă opresc undeva."
legitim,"&lt;#&gt;  se apropie cu repeziciune. Așadar, vă doresc un An Nou foarte fericit, Sankranti, Ziua republicii fericite, Ziua Îndrăgostiților Fericiți, Shivratri Fericit, Ugadi, Ziua Proștilor Fericiți, Ziua Maiului Fericit, Ziua Independenței, Prietenie fericită, Mama, Tatăl, Profesorii, Ziua Copilului, &amp; LA MULȚI ANI 4 U. Happy Ganesh festival Happy Dasara Happy Diwali Happy Christmas &lt;#&gt;  Bună dimineața după-amiezi, seara nopți. Amintiți-vă că eu sunt primul care ȚI URĂ TOATE ACESTE... Raj al tău"
legitim,Una dintre bucuriile vieții este să te trezești în fiecare zi cu gânduri că undeva îi pasă cuiva suficient de mult pentru a trimite un salut cald de dimineață.. -
legitim,Nu am primit a doua jumătate a mesajului
legitim,La ce oră vrei să mă întâlnești mai târziu?
legitim,Îți mulțumesc foarte mult pentru tot ce faci cu abnegație. te iubesc mult.
legitim,"Sunt în film, te voi suna mai târziu."
legitim,Cum îndrăznești să-mi schimbi inelul
legitim,"Ești o fată foarte, foarte foarte rea. Sau doamnă."
legitim,"Și eu te iubesc, dar încearcă să-ți bugetezi banii mai bine iubito. Gary s-ar speria de mine dacă ar ști"
legitim,"Ce parte din \nu inițiați\""nu înțelegeți"""
legitim,Mi-am terminat deja prânzul. te-ai trezit deja?
legitim,Mai esti la meci?
legitim,"Ai talent, dar irosești."
legitim,Care este recordul tău pentru o noapte? :)
legitim,"De asemenea, domnule, v-am trimis un e-mail despre cum să vă conectați la portalul de plăți usc. Îți voi trimite un alt mesaj care ar trebui să explice cum stau lucrurile acasă. Să aveți un weekend minunat."
legitim,O să mă anunțe că vine din vacanță în ziua aceea.  vine. Nu-mi trimiteți un mesaj text cu numărul.
legitim,Jokin doar lar... :-) depinde de ce telefon poate lua tata...
legitim,"Bine, lasă-mă să știu ce e"
legitim,Pregătește-te pentru &lt;#&gt;  centimetri de placere...
legitim,"Raji, te rog, fă-mi un serviciu. Vă rugăm să transmiteți urările mele de naștere lui Nimya. va rog. Astăzi este ziua ei de naștere."
legitim,;-) Bine. Mă simt ca John Lennon.
legitim,"Pentru că darren spune Ì_ având în vedere mah, așa că întreb Ì_..."
legitim,"Nu mă deranjezi, dar trebuie să ai încredere în răspunsurile mele. va rog."
legitim,"Vă doresc ție și familiei tale, în avans, la mulți ani fericiti și la mulți ani..."
legitim,"Într-o zi, un crab alerga pe malul mării..Au venit valurile n au curăţat urmele crabului.. Crab a întrebat: fiindu-mi frnd y r u curăţă urmele mele frumoase? Waves a răspuns: O vulpe urmărea urmele tale pentru a te prinde! asta e și am șters-o:) frndsship nu te lasă niciodată să te aștepți :-) GUD nyt.."
legitim,"Aight, la ce oră vrei să vin?"
legitim,Slaaaaave ! Unde ești ? Trebuie să te chem la mine tot timpul acum? Nu mai vrei să vii la mine pe cont propriu?
legitim,"Factura ta la 3 este de å£ 33,65, așa că nu e rău!"
legitim,"Spune-mi cum se schimbă în următoarele 6 ore. Poate fi chiar un apendice, dar sunteți în afara acestui interval de vârstă. Cu toate acestea, nu este imposibil. Așa că relaxează-te și anunță-mă în 6 ore"
legitim,"Bună, da, tocmai am ieșit din baie și trebuie să-mi fac părul, așa că mă voi ridica când termin, da?"
legitim,Deci cum e vremea acolo?
legitim,"Bine. Nu prea multe de făcut aici, totuși. H&M vineri, abia aștept. Nu știu naiba că o să fac încă 3 săptămâni! Deveniți un slob - oh, așteptați, deja ați făcut asta!"
legitim,Mor... Acum am din nou franjuri...
legitim,"Lol, ei nu știu despre telefonul meu minunat. Aș putea face clic pe șterge chiar acum, dacă vreau."
legitim,Bine
legitim,Întrebare minunată cu un răspuns drăguț: Cineva l-a întrebat pe un băiat „cum este viața ta?” . . El a zâmbit și a răspuns: . . „Ea este bine!” „Gudnite”
legitim,Vă rugăm să lăsați acest subiect..scuze că spun asta..
legitim,Vă rog să-mi trimiteți numele corect.
legitim,Ce sa întâmplat cu întâlnirea noastră?
phishing,Testul TV EASTENDERS. Cu ce ​​FLORE se compară DOT? D= VIOLETA E= TULIPĂ F= LILY txt D E sau F la 84025 ACUM 4 șanse 2 CÂȘTIGĂ å100 GBP Numerar WKENT/150P16+
legitim,Pagina web nu este disponibilă!
legitim,"Tocmai m-am trezit. Da, e târziu. Dar nu am adormit până la &lt;#&gt; sunt :/"
phishing,Acum sunteți dezabonat la toate serviciile. Primiți o mulțime de fetițe sau bărbați sexy direct pe telefon! accesați http://gotbabes.co.uk. Fără abonamente.
legitim,"Dragi tuturor, după cum știm &lt;#&gt; acesta este &lt;#&gt; ziua de naștere a iubitului nostru Gopalettan. Avem de gând să oferim un mic cadou în acea zi. Cei cărora le place să participe la asta sunt bineveniți. Vă rugăm să contactați echipa noastră de administrare pentru mai multe detalii"
legitim,K..k...de mâine încolo a început ah?
legitim,Despre ce vorbesti dimineata devreme? Este aproape amiază unde ești!
legitim,Amenda. Îţi aminteşti de mine.
phishing,"Bună, iubito, e Jordan, ce mai faci? Sunt acasă din străinătate și sunt singur, trimite-mi mesaj înapoi dacă vrei să discutăm xxSP visionsms.com Text stop to stopCost 150p 08712400603"
legitim,Bine. Câte ar trebui să cumpăr.
legitim,"Sună bine, ține-mă la curent"
phishing,"Obțineți un telefon mobil nou-nouț fiind un agent al mafiei! În plus, multe bunătăți! Pentru mai multe informații, trimiteți MAT la 87021."
legitim,Bine. Deci aprilie. Nu pot aștepta
legitim,"Băiete, mai bine scoți-ți fundul aici repede"
legitim,Vrei să ne întâlnim în sat?Ì_ wkg on sat?
legitim,"Sunt acum, dar trebuie să aștept până la 2 pentru ca autobuzul să mă ia."
legitim,În afară de cea despre care ți-am spus ieri?
legitim,Ok lor... Dar cumperi?
legitim,Cineva ar trebui să meargă la Andros și să fure gheață
legitim,Nu stiu. Nu i-am trimis mesaj recent.
legitim,Scoate-ne la cumpărături și Mark îi va distrage atenția lui Isaiah.=D
legitim,"Mamă, sper că ai o zi grozavă. În speranța că acest text vă va întâlni bine și plin de viață. O zi bună. Abiola"
legitim,Nu are sens în piciorul și penisul meu.
legitim,"Bine, dar am crezut că tu ești expertul"
legitim,*oftat adânc* ... Mi-e dor de tine :-( ... Sunt foarte surprins că nu te-ai dus încă la net cafe să ajungi la mine... Nu îți este dor de mine?
legitim,S.s:)i thinl rol este ca sachin.doar in picioare. Alții trebuie să lovească.
legitim,"O călătorie minunată în India. Și aduceți lumină tuturor, nu doar cu proiectul, ci și tuturor celor care au norocul să vă vadă zâmbind. la revedere. Abiola"
legitim,"Și, foarte important, tot ceea ce discutăm este doar între tine și eu."
legitim,K..k:)Ce zici de procesul tau de antrenament?
legitim,Ok lor. Am nevoie 2 să merg la un payoh 4 un timp 2 să întorc ceva ce vrei 2 să mă trimiți acolo sau ce?
legitim,În parcare
legitim,Mi-aș dori să fiu cu tine. Ținându-te strâns. Te fac să vezi cât de important ești. Cât de mult însemni pentru mine... Cât de mult am nevoie de tine... În viața mea...
legitim,Așa că l-am întrebat cum e Anthony. tata. Și prietenul tău
legitim,"„Wnevr i wana fals in luv vth my books, My bed fals in luv vth me..!'' . Yen madodu, nav pretsorginta, nammanna pretsovru important alwa....!!:) Gud eveB-)."
legitim,Ce azi-duminică... duminica este sărbătoare... deci fără muncă...
legitim,Am de gând să fac baie și să pun cheia în fereastră :-)
phishing,Stăpânul Inelelor: ÎNTOARCEREA REGELOR în magazin ACUM! RĂSPUNS LOTR până la 2 iunie 4 Chance 2 WIN LOTR CD-uri cu coloană sonoră StdTxtRate. Răspunde STOP pentru a termina mesajele text
legitim,"Dragă, ai grijă. Tocmai ajung acasă.Te iubesc mult."
legitim,staff.science.nus.edu.sg/~phyhcmk/teaching/pc1323
legitim,"Ai emigrat sau ceva? Ok, poate 5.30 a fost un pic plin de speranță..."
legitim,"Olol am imprimat o postare pe forum de un tip cu exact aceeași problemă, care a fost rezolvată cu o înlocuire a GPU. Sper să nu ignore asta."
legitim,Am plecat de la mamele mele. Chiar pe stagwood treci dreapta pe Winterstone stânga pe dealul Victors. Adresa este &lt;#&gt;
legitim,Ești la jp și ești foame ca un mofo?
legitim,Toate acestea sunt înfiorătoare și nebunești pentru mine.
legitim,Ok... am primit mesajul tau...
legitim,"Tessy, te rog, fă-mi o favoare. Vă rugăm să transmiteți urările mele de ziua mea lui Nimya.. Vă rugăm să nu uitați. Astăzi este ziua ei de naștere Shijas"
legitim,Pathaya enketa maraikara pa'
legitim,"Chiar dacă e prietenul meu, este preot, sună-l acum"
legitim,"Ești atât de prost, fugi deja înapoi, apoi pe jumătate mort... Hee..."
legitim,"Asta e, am spus că e rău că toate fetele te cunosc... Ce faci acum?"
legitim,Sau amintește-mi în câteva ore.
legitim,"Am sperat că nu va trebui să vă trimit acest mesaj. Chiria mea este datorată și nu am suficient pentru ea. Rezervele mele au dispărut complet. Este un împrumut de care am nevoie și speram că ai putea-o. Soldul este de &lt;#&gt; . Există vreo modalitate de a obține asta de la tine, până la mijlocul lunii martie, când sper să plătesc înapoi."
legitim,"Hi. An nou fericit. Nu vreau să intru, dar poți, te rog, să-mi spui cât de mult ai plătit școlarizarea semestrul trecut și cât este semestrul acesta. Mulţumesc"
legitim,"Bună, cum faci? Apropo, e aici. Sunt bine. Am fost la 2 întâlniri cu acel tip pe care l-am întâlnit până acum. Trebuie să ne întâlnim curând. Cum sunt toți ceilalți?"
legitim,"Lol, aveam să fac luna trecută. Am încasat ceva, dar am plecat &lt;#&gt; doar în cazul în care. Am adunat mai multe în timpul săptămânii pentru că ei au anunțat-o pe blog."
phishing,Noroc! Extragerea are loc pe 28 februarie 06. Mult succes! Pentru demontare trimite STOP la 87239 service clienti 08708034412
legitim,Scurt dar drăguț: \ Fii o persoană bună
legitim,Doar că încă nu te-ai hotărât unde eh?
legitim,"Cât timp Liao, unde încă am ajuns."
legitim,"Da, ne uităm la footie, dar ne îngrijorăm că o să-l aruncăm în aer - Phil Neville?"
legitim,Aștept 4 Ì_ în parcare...
legitim,Unchiul Abbey! An nou fericit. Abiola
legitim,"Acum sunt liber, sună-mă ta."
legitim,Spui că ar trebui să comand papucii pentru că a trebuit să plătesc pentru returnarea acestuia.
legitim,Nu mă mai cunoaște atât de bine!
legitim,Bună seara! acesta este Roger. Ce mai faci?
legitim,Mica problema la licitatie:)punj intreba acum tiwary
phishing,Intrare gratuită în 2 comp. săptămânal pentru șansa de a câștiga un iPod. Trimiteți un mesaj POD la 80182 pentru a obține intrarea (rata standard de transmitere a textului) Se aplică T&C 08452810073 pentru detalii 18+
legitim,"El spune să nu spun nimănui. Dacă da, tratați-mă pentru mine"
legitim,Unchii mei din Atlanta. Vă doresc un semestru minunat.
phishing,Prima saptamana GRATUITA! Gr8 tonuri str8 2 u fiecare saptamana. Trimiteți mesajul NOKIA ON la 8007 pentru tonurile clasice Nokia sau HIT ON la 8007 pentru Polys. Nokia/150p Poly/200p 16+
legitim,Vino 2 să mă iei?
legitim,Asta e tare. mi-au placut pozele tale. Esti foarte sexy!
legitim,"Ai naibii să crezi că nu știau că am rezervat în prealabil, așa că m-au anulat din nou! care trebuie demis"
legitim,"Haha mai bine mai târziu ca niciodată, cum aș putea trece?"
legitim,Bine. Dar termin la 6.
phishing,"LookAtMe!: Vă mulțumim pentru achiziționarea unui videoclip de la LookAtMe!, ați fost taxat cu 35p. Crezi că poți face mai bine? De ce să nu trimiteți un videoclip într-un MMSto 32323."
legitim,Mi s-a interzis accesul la toate magazinele B și Q pe viață!? Acest ticălos în bălți portocalii a venit la mine și m-a întrebat dacă vreau terasă? Deci am primit primul pumn!!
legitim,Deci fara mesaje. A avut mâncare?
legitim,Ok merg la culcare. Sper să o pot întâlni.
legitim,"Ceea ce ii face pe unii oameni mai dragi nu este doar fericirea pe care o simti cand ii intalnesti, ci durerea pe care o simti cand iti este dor de ei!!!"
legitim,"Puteți să-mi spuneți detalii despre vineri când aflați, deoarece nu sunt în tom sau vineri. chineză menționată. Mulţumesc"
legitim,Ai dreptate acum că mă gândesc la asta
legitim,Ce faci acum?
legitim,S-a terminat prelegerea ta?
phishing,esperma sexy sexy și trimite-mi un mesaj sunt ud și cald și gata pentru niște porno! esti dispus sa te distrezi? ACEST MSG ESTE GRATUIT RECD MSGS 150P INC VAT 2 ANULARE TEXT STOP
legitim,Locul clientului te voi suna
legitim,Nu este planificat încă :) mă voi alătura companiei numai pe 5 ianuarie. Nu știu ce se va întâmpla după aceea.
legitim,Băiat; I love u Grl: Hogolo Boy: gold chain kodstini Grl: Agalla Boy: necklace madstini Grl: agalla Boy: Hogli 1 mutai eerulli kodthini! Grl: I love U kano;-)
legitim,"Haha am auzit asta, trimite-mi mesaj când ești prin preajmă"
legitim,Am să ajung acolo mâine și ți-l trimit
legitim,\SHIT BABE.. THASA BIT BIT INSORT UP.YEH
legitim,"Oh, e târziu! Ei bine, o noapte bună și te voi suna mâine. Acum mă duc să dorm noaptea"
legitim,"\CHEERS U TEX PENTRU CĂ ȚI-AȚI plictisit! YEAH OKDEN HUNNY R UIN WK SAT?SUNDåÕS CA ȚI AI GR8FUN J! PĂSTRAȚI ACTUALIZARE NUMĂRILE DE LOVEME XXXXX.\"""""
legitim,"Îmi pare rău, la întâlnire vă voi suna mai târziu"
legitim,Yo! Cum tu? fetele nu au sunat niciodată după India. L
legitim,"Da, dar care este mai rău pentru mine"
phishing,Chat LIVE 121 greu doar 60p/min. Alege-ți fata și conectează-te LIVE. Sună acum la 09094646899! Cel mai mare serviciu live de Chat ieftin din Marea Britanie. VU BCM1896WC1N3XX
legitim,Mi-am etichetat prietenii pe care păreați să îi considerați prieteni VOȘTI.
phishing,"Nu am auzit de la U4 de ceva vreme. Sună la 4 linie privată de chat nepoliticos 01223585334 pentru a cum. Vrei 2C poze cu mine, apoi trimite un mesaj PIX la 8552. 2End trimite STOP 8552 SAM xxx"
legitim,Bine...
legitim,Perioadă lungă de timp. Îți amintești de mine azi.
legitim,"Nu am făcut cumpărături acum, dar sosesc doar"
legitim,Mulțumesc. MAI MAI MAI FUNCȚIE PENTRU CA MAI SIMȚI FOLOSIT ÎN ALTRE MOD
legitim,Ești pregătit pentru provocare? stiu ca sunt :)
legitim,Cât a costat carcasa hdd-ului.
legitim,Misterul rezolvat! Tocmai mi-am deschis e-mailul și mi-a trimis un alt lot! Nu e un dragut
legitim,Nu pot să descriu cât de norocos ești că sunt de fapt treaz până la prânz
phishing,Este a doua oară când încercăm să vă contactăm. Ați câștigat premiul de 1450 GBP pentru a revendica doar sunați la 09053750005 b4 310303. T&C/stop SMS 08718725756. 140ppm
legitim,"AZI este ziua scuze! Dacă am fost vreodată supărat pe tine, dacă m-am purtat vreodată rău sau te-am rănit? te rog, plesnește-te doar, e vina ta, practic sunt BUN"
legitim,Noroc pentru card... Este deja perioada aceea a anului?
phishing,"HOT LIVE FANTASIES sună acum 08707509020 Doar 20p pe minut NTT Ltd, PO Box 1327 Croydon CR9 5WB 0870..k"
legitim,"Când oamenii văd mesajele mele, cred că sunt dependent de mesaje... Ei greșesc, Bcoz Ei nu știu că sunt dependent de dragii mei prieteni..!! BSLVYL"
legitim,"Ugh, sper că Asus ppl nu face un reformat aleatoriu."
legitim,"Nu mi-am văzut Facebook-ul, nu? Laugh out loud!"
legitim,"Mah b, o voi ridica mâine"
legitim,Inca in afara de le..u veni 2mmaine maga..
legitim,Mai ai bandă pentru instalatori și o cheie pe care am putea împrumuta?
phishing,"Stimate deținător de voucher, Pentru a revendica oferta de săptămâna aceasta, pe computerul dvs., vă rugăm să accesați http://www.e-tlp.co.uk/reward. Se aplică T&C."
legitim,E mai greu...
phishing,"MERGI 2 BAHAMAS! Sună FREEEFONE 08081560665 și vorbește cu un operator în direct pentru a solicita fie o croazieră în Bahamas de å2000 GBP CASH doar pentru 18+ ani. Pentru a renunța, trimiteți X la 07786200117"
legitim,Încă nu am așteptat ca de obicei... ÌÏ te întorci sch oredi?
legitim,În întâlnirea da. Te voi  suna
legitim,K k :-):-) apoi vezi niste filme.
legitim,Cinema plus băutură îl atrag pe tomo? * Este un thriller al regizorului care îmi place la mac la 8.30.
legitim,Acolo de dimensiunea tăblițelor de elefant și îți bagi fundul în sus!!
legitim,"Atâția oameni par a fi speciali la prima vedere, dar doar foarte puțini vor rămâne speciali pentru tine până la ultima ta vedere.. Menține-i până se termină viața.. ia cr da"
legitim,"Părinții mei, copiii mei, prietenii și colegii mei. Toți țipă.. SURPRIZĂ !! iar eu asteptam pe canapea.. ... ..... ' GOD...!"
legitim,"Nu știu că am primit un card, am o reducere de 20% 4 un salon numit hair sense, așa că ți-ai tuns."
legitim,Bună dimineața pookie pie! Lol sper că nu te-am trezit
legitim,POATE DACĂ TE-AI TREZI ÎNAINTE DE A FACE 3 ASTA NU AR FI O PROBLEMĂ.
legitim,La multi ani tie....draga.cu multa dragoste.rakhesh NRI
legitim,Howz povestea acelei persoane
phishing,"Este a doua oară când încercăm să vă contactăm. Ai câștigat premiul de 750 de lire sterline. 2 revendicarea este usoara, sunati la 08712101358 ACUM! Doar 10p pe minut. BT-rată-națională"
legitim,X2 &lt;#&gt; . Ai de gând să obții asta
legitim,"Bună, nu vă faceți griji pentru adevăr, pentru că adevărul mă va duce la 2 inima ta. Este cel mai puțin o persoană unică ca tine. Dormi bine sau dimineața"
phishing,"UR a acordat un City Break și ar putea CÂȘTIGĂ un å£200 de cumpărături de vară în fiecare săptămână. Trimiteți mesajul STORE către 88039.SkilGme.TsCs087147403231Winawk!Vârsta 16+å1,50 GBP pe WKsub"
legitim,Hârtia ta azi este dimineața sau după?
legitim,Voi linge fiecare picătură :) ești gata să-ți folosești și gura?
legitim,Și tu! Vă aștept oricând trimiteți mesaje! Sper că totul merge bine tomo
legitim,Mare. P diddy este vecinul meu și vine pentru pastă de dinți în fiecare dimineață
legitim,"Am un număr nou, . Îl vei folosi doar pe acesta, ta."
legitim,Așa că e să fii poking om în fiecare zi pe care te învață în Canada abi! Ce mai faci. Doar salut.
legitim,7 lor... Schimbați 2 suntec... La ce oră vii?
legitim,"Nu văd în magazinul online, așa că am întrebat."
legitim,Sunt doar curios pentru că am întrebat ce fac
legitim,Frumos.frumos.cum funcționează?
legitim,"Bine lor... Wah... așa, def nu ne vor lăsa să plecăm... Haha... Ce au spus în termeni și condiții?"
legitim,"Haha... Da, sper să slăbim câteva kg de luni. după hip hop poate merge livadă și cântărește din nou"
legitim,E bună. Ce mai faci. Unde lucrezi acum
legitim,"Oh, da, tocmai am fost puțin sub vreme, așa că m-am cam ghicit acasă"
legitim,Și acasă.
legitim,Acest telefon are cea mai ciudată corectare automată.
legitim,"Hopa, telefonul meu a murit și nici nu am știut. Da, îmi place mai mult."
legitim,"Nu trebuie să întreb dacă poți să primești. Of meet 4 lunch den u n him meet can deja lor. Sau vrei să mergi să întrebi pe prima dată, apoi să confirmi cu mine cât mai curând?"
legitim,"Ea a spus: „Te superi dacă intru un minut în dormitor? '' ''OK'', am sedat într-o dispoziție sexy. Ea a ieșit 5 minute mai târziu cu o prăjitură...n Soția mea,"
legitim,"OH, DA, ȘI PETREC-TE MINUN ÎN NEWQUAY-TRIMITĂ-MI O CARTE POȘTALĂ! 1 AI UȚI-TE DE TOATE FETELE CÂND SON DISPARAT (ȘTII CEL 1 VORBEȘTE!)xx"
legitim,Am divorțat. Laugh out loud. Ea este aici
legitim,Care este pinul tău?
legitim,"Dragă, ai destui bani să iei pâine și lapte? Și ți-l dau înapoi când ajungi acasă?"
legitim,Vreau zapada. Este doar îngheț și vânt.
phishing,URGENT! Încercăm să contactăm U. Extragerea de astăzi arată că ați câștigat un premiu de 2000 GBP GARANTAT. Sunati la 09066358361 de pe telefon fix. Revendicare Y87. Valabil doar 12 ore
legitim,Vino la stația de autobuz Mahal.. &lt;DECIMAL&gt;
legitim,Nu stiu:)saptamana asta merg la tirunelvai da.
legitim,Și eu iubito! Promit să te tratez bine! Pun pariu că vei avea grijă de mine...
legitim,Cred că e ca un joc de amurg la hotel. Rezolvi puzzle-uri într-o zonă
phishing,"Vă mulțumim pentru comanda dvs. de tonuri de apel, numărul de referință X29. Mobilul dvs. va fi taxat cu 4,50. Dacă tonul dvs. nu ajunge, vă rugăm să sunați la serviciul clienți 09065989180"
legitim,"Bună, iubirea mea! Cum merge ziua aceea? La naiba, azi dimineață m-am trezit și mi-am lăsat celula în jos pe scări, dar mi se pare în regulă... *pf* Mi-e dor de tine!"
legitim,"Ei bine, asta trebuie să fie o durere de prins"
legitim,"Îmi pare rău, da thangam. Este greșeala mea."
legitim,Am nevoie de... Pentru că nu merg niciodată înainte
legitim,"Trandafir pentru roșu, roșu pentru sânge, sânge pentru inimă, inimă pentru tine. Dar tu pentru mine.... Trimite-le tuturor prietenilor tăi.. Inclusiv pe mine.. Dacă mă placi.. Dacă te întorci, ești sărac în relație! 2-u nevoie de 1 pentru a susține 3-u r frnd 2 multe 4-unii1 iubesc u 5+- unii se roagă lui Dumnezeu să se căsătorească cu tine.:-) încearcă...."
legitim,Soție.cum știa exact momentul crimei
phishing,"ȘASE șanse de a câștiga CASH! De la 100 la 20.000 de lire txt> CSH11 și trimiteți la 87575. Cost 150p/zi, 6 zile, se aplică 16+ TsandCs Răspundeți HL 4 informații"
phishing,Soldul dvs. de numerar este în prezent de 500 de lire sterline - pentru a maximiza încasările dvs. trimiteți acum COLLECT la 83600 doar 150p/msg. CC: 08718720201 PO BOX 114/14 TCR/W1
legitim,"Mă simt ca un prost pentru că tot dorm printre textele tale și mesajele de Facebook. Sup, ești în oraș?"
legitim,"Nu, plm, voi veni. Pe drum."
legitim,Cred că vrea timp singur. Am putea să ne arătăm și să ne uităm când o fac...
legitim,Înălțimea de reciclare: Citește de două ori- Oamenii petrec timp pentru a câștiga bani și aceiași bani sunt cheltuiți pentru a petrece timpul!;-) Bună dimineața.. continuă să zâmbești:-)
legitim,Da Ì_ nu vine :-(
legitim,"Da, prințesă. Toledo."
legitim,"Aight-mi trimite mesaj când te întorci la mu și trec, am nevoie de cineva care să-mi ia ușa"
legitim,Ron spune vineri. N el a spus că ding tai feng nu poate face rezervări. Dar el a spus să stai.
legitim,Bun. Nu este permis costumul de baie :)
legitim,Sunt bine. În curând se va termina. Toate cele bune
legitim,Un gând drăguț pentru prietenie: \Nu este necesar să împărtășești fiecare secret cu prietenul tău apropiat
legitim,"Ok, ți-am trimis cea mai recentă versiune a proiectului."
legitim,Buna dimineata draga mea ........... Sa aveti un &amp; zi reușită.
legitim,Vă rog să mă acceptați pentru o zi. Sau te rog să schimbi numărul.
legitim,"Strângeeeee!! Aceasta este o îmbrățișare de Crăciun.. Dacă vă place frndshp den, îmbrățișați-mă înapoi.. Dacă obțineți 3 ești drăguț:) 6 u r luvd:* 9 ești atât de norocos;) Nici unul? Oamenii te urăsc:"
legitim,"E ok, dacă cineva întreabă de mine, spune-le..:-P"
legitim,"Faptă amuzantă Nimeni nu învață vulcanii 2 erup, tsunamiurile 2 apar, uraganele 2 se leagănă nr. 1 învață hw 2 alege o soție Dezastre naturale doar se întâmplă"
legitim,* O să suni în weekendul ăsta sau nu?
legitim,"De asemenea, găsiți brichetele pe care le puteți găsi"
legitim,"Scuze, nu te pot ajuta cu asta."
legitim,"Dragă, am nevoie de sfatul tău"
legitim,"Voi pleca pe la patru, bine?"
legitim,Vino la facultatea de medicina la 19:00 ......transmite-l da
legitim,K:)k..e bine:)cand pleci?
legitim,Pot să vă fac lasagna... vodcă...
legitim,"SALUT, KATE ÎMI PUTEȚI DA UN INEL CÂND CU POATE XXX"
legitim,Cine erau acei oameni? Ai fost într-un turneu? Credeam că faci chestia aia cu canapea pe care mi-ai trimis-o? Curiosul tău zahăr
legitim,"Nu, dar mi-ai spus că mergi, înainte de a te îmbăta!"
legitim,S-a năruit. Mi-a trimis un mesaj că va întârzia și mă va suna și apoi nu am auzit niciun cuvânt de la el
phishing,"Felicitări! Mulțumită unui prieten bun, ai CÂȘTIGAT premiul de Crăciun de 2.000 GBP. 2 revendicarea este ușoară, doar sunați la 08718726978 ACUM! Doar 10p pe minut. BT-rată-națională"
legitim,Întotdeauna caut o scuză pentru a fi în oraș.
legitim,"Da, încă mai beau o cafea cu prietenii mei... Frecvența mea a condus, ea mă va duce..."
legitim,O țărm iei autobuzul
legitim,Deci o să-ți iei deus fostul?
legitim,Le voi trimite pe adresa ta de email. Te superi &lt;#&gt;  ori pe noapte?
phishing,"44 7732584351, Doriți un nou telefon color Nokia 3510i Livrat mâine? Cu 300 de minute gratuite pe orice mobil + 100 de texte gratuite + Răspuns gratuit la camera video sau sunați la 08000930705."
legitim,"Apăsați și vărsați la șapte. * Este pub-ul acela de pe strada de benzină, lângă strada largă de canal. Bine?"
legitim,"Ok, atunci vin să te iau de la motor?"
legitim,De aceea nu am vrut să-ți spun niciodată nimic din toate astea. De aceea sunt atât de scundă cu tine și ne-așteaptă în ultimul timp.
legitim,Raviyog Peripherals bhayandar est
legitim,"K, de fapt, mă puteți întâlni la sunoco pe Howard? Ar trebui să fie chiar pe drum"
phishing,Ai 1 mesagerie vocală nouă. Vă rugăm să sunați la 08719181513.
legitim,"LUNA a venit să vă coloreze visele, STELE să le facă muzicale și SMS-urile mele pentru a vă oferi un somn cald și liniștit. Noapte bună"
legitim,Tocmai am terminat de mâncat. Ți-am luat o farfurie. NU resturi de data aceasta.
legitim,Multumesc mult...
legitim,"Grăbește-te acasă, fund mare. Închideți ultimul apelant dacă trebuie. Mâncarea s-a terminat și mor de foame. Nu întreba ce am gătit."
legitim,Lol dreptatea ta. Ce dieta? În fiecare zi trișez oricum. sunt facuta sa fiu grasa :(
legitim,Este o zi grozavă. Fă-ți unul frumos.
legitim,Ce s-a întâmplat la interviu?
legitim,"Rezolvați cazul: Un bărbat a fost găsit ucis pe &lt;DECIMAL&gt; . &lt;#&gt;  După-amiază. 1, soția lui a sunat la Poliție. 2, Poliția a interogat pe toată lumea. 3,Soția: Domnule, dormeam când a avut loc crima. 4.Bucătar: găteam. 5.Grădinarul: Culegeam legume. 6. Menajera: Am mers 2 d la oficiu postal. 7.Copii: Ne-am jucat 2. 8.Vecin: Ne-am căsătorit 2. Poliția a arestat imediat un criminal. Cine este? Răspunde cu rațiune, dacă ești genial."
legitim,Badrith este doar pentru Chennai:)Cu siguranță voi alege pentru noi:)nicio competiție pentru el.
legitim,Cred că e colegul meu de grup... Noroc că nu am răspuns... La ce oră trebuie să plec...
legitim,Hei tu prin preajmă? Am destul pentru jumătate + zece pe care ți-i datorez
legitim,"Hei, tmr, poate ne putem întâlni la yck"
legitim,ALRITE SAM ESTE NIC-UL DOAR VERIFICAȚI CĂ ACESTA ESTE NUMĂRUL DVS. DECI ESTE?T.B*
legitim,"Ei doar ușurează plata înapoi. Am &lt;#&gt; ani de spus, dar pot plăti înapoi mai devreme. Primești?"
legitim,Să nu-ți faci griji. Sunt sigur că o vei primi.
legitim,"Benzinăria este ca la un bloc de casa mea, vei trece chiar pe lângă ea, deoarece armenia se termină la Swann și trebuie să-l iei pe Howard."
phishing,"Cineva pe care îl cunoști a cerut serviciului nostru de întâlniri 2 să te contacteze! Nu pot ghici cine? Sunați la 09058097189 ACUM toate vor fi dezvăluite. POBox 6, LS15HB 150p"
phishing,Aparat foto - Vi se acordă o cameră digitală SiPix! sunați la 09061221066 de la fix. Livrare in 28 de zile
legitim,Taxa mea este de 330. Hm mergem pe cea de la 1120 la 1205? Te superi?
legitim,"Nu fumez în timp ce oamenii folosesc prea mult \wylie smokes\""pentru a justifica faptul că îmi stric rahatul"""
legitim,Dragă bună dimineața cum te simți dragă
legitim,"Puțin. Medicamentele spun că luați o dată la 8 ore. Au trecut doar 5, dar durerea a revenit. Așa că am luat altul. Sper să nu mor"
legitim,"Mâine frumos nu vine niciodată.. Când vine, este deja AZI.. În vânătoarea de mâine frumos nu-ți irosește minunatul tău AZI.. BUNA DIMINEA:)"
legitim,"Nu știu lei Ì_ all decide lor. Cât de mult Leona? Oops, tot Ben se duce și îi trimit mesaj."
legitim,Bună. Acum ne-am mutat în 2 pub-ul nostru. Ar fi grozav 2 c u dacă ai veni.
phishing,"Numerele Voda de astăzi care se termină cu 5226 sunt selectate pentru a primi un premiu de 350 ?. Dacă aveți o potrivire, sunați la 08712300220, menționând codul de revendicare 1131 aplicația tarife standard"
phishing,"Acest mesaj este gratuit. Bun venit la noul și îmbunătățit club Sex & Dogging! Pentru a vă dezabona de la acest serviciu, răspundeți STOP. numai mesaje@150p 18"
legitim,"Honeybee a spus: *Sunt cel mai dulce din lume* God Laughed &amp; A spus: *Așteaptă, nu am întâlnit o persoană care citește acest mesaj* MORALA: Chiar și DUMNEZEU poate să facă glume! GM+GN+GE+GN:)"
legitim,Doar fă ceea ce îți este mai ușor
phishing,RCT' THNQ Adrian for U text. Rgds Vatian
legitim,"Nu mai suni pe toți spunând că s-ar putea să am cancer. Mă doare gâtul să vorbesc. Nu pot răspunde la apelurile tuturor. Dacă mai primesc un telefon, nu fac dădacă luni"
legitim,"Va fi greu, dar voi face ce trebuie"
legitim,IM GONNAMISSU ATÂT DE MULT!! Aș spune că îți trimit o carte poștală BUTTHERES DESPRE MULTE șanse de a ține cont de faptul că NU SE ÎNCĂLCĂ CONTRACTUL!! LUV Yaxx
legitim,Ee msg na poortiyagi odalebeku: Hanumanji 7 nume 1-Hanuman 2-Bajarangabali 3-Maruti 4-Pavanaputra 5-Sankatmochan 6-Ramaduth 7-Mahaveer ee 7 nume &lt;#&gt;  alimentege ivatte kalisidare sambata viitoare olage ondu o veste buna keluviri...! Maretare inde 1 dodda problum nalli siguviri idu matra &lt;#&gt; % adevărat.. Nu neglija.
legitim,"Bună, DARLIN, TERMIN LA 3 TU 1 2 MĂ IAȚI SAU MĂ ÎNTÂLNĂM? TEXT ÎNAPOI PE ACEST NUMĂR LUV KATE XXX"
legitim,"Pune-mi un loc în inima ta și nu în mintea ta, deoarece mintea uită ușor, dar inima își va aminti mereu. Vă doresc Ziua Îndrăgostiților Fericiți!"
legitim,"Dar sunt surprins că încă mai poate ghici corect, dar..."
legitim,Okie Ì_ vrei să ne întâlnim la Bishan? Pentru că sunt la Bishan acum. Azi nu conduc.
legitim,Oh ho. Este prima dată când folosești acest tip de cuvinte
legitim,"Bună, DARLIN, CUM A fost LA MUNCĂ AI INTRAT ÎN PROBLEME? Toată dimineața am vorbit doar cu mama ta! M-am distrat foarte bine aseară, ies în curând, dar sună-mă dacă poți"
legitim,Știu că slujești. Adică ce faci acum.
legitim,"Huh... Hyde Park nu în mel ah, ops, m-am încurcat... Oricum, dacă asta e cea mai bună alegere, trebuie să o luăm..."
legitim,Oh gei. Asta mi s-a întâmplat în tron. Poate că îl dl în 3d când este scos
phishing,"MESAJ GRATUIT Activați cele 500 de mesaje text GRATUITE răspunzând la acest mesaj cu cuvântul GRATUIT Pentru termeni și condiții, vizitați www.07781482378.com"
legitim,Știu că fetele întotdeauna în siguranță și egoiste știu că am înțeles-o. Multumesc. Noapte bună.
legitim,"Nu vă faceți griji, sper că ședința foto a mers bine. distrați-vă la muncă."
legitim,Îngheț și am poftă de gheață. Fml
legitim,Kay... Din moment ce suntem deja afară
legitim,Eh sorry leh... I din c ur msg. Nu e trist deja lar. Mă uit la televizor acum. Mai esti in birou?
legitim,Am dreptate lângă munca ta
legitim,"Ok, dragă, presupun că a fost în regulă, îmi fac prea multe griji. Trebuie să fac niște chestii de film, prietenul meu și apoi trebuie să îngrijesc din nou! Dar mă poți suna acolo.xx"
legitim,"Ea a spus: „Te superi dacă intru un minut în dormitor? '' ''OK'', am sedat într-o dispoziție sexy. Ea a ieșit 5 minute mai târziu cu o prăjitură...n Soția mea,"
legitim,De atunci nu mă trezesc. Am verificat acele lucruri și am văzut că nu există spații disponibile. Vă rugăm să sunați la ambasada sau să le trimiteți un e-mail.
legitim,Nu... Pleacă de la muncă...
legitim,Atat de repede... Asta inseamna ca nu ai terminat de pictat?
legitim,la ce numar locuiesti? Este 11?
legitim,"Nu, organizăm petrecere 7 zile pe săptămână și studiem ușor, cred că trebuie să introducem niște casete de selectare personalizate, astfel încât ei să știe că suntem hardcore"
legitim,Sac va înscrie o sută mare. El este batsman stabilit:-)
legitim,Trimite-mi numarul lui yetty te rog.
legitim,Cat va costa aprox. Pe lună.
legitim,Ok... Testul de teorie? când Ì_ merg să rezerve? Cred că e pe 21 mai. Pentru că s-a gândit să ieși cu jiayin. Dar ea nu este liberă
phishing,"Ești contactat de serviciul nostru de întâlniri de către cineva cunoscut! Pentru a afla cine este, sună de pe un telefon fix 09050000928. PoBox45W2TG150P"
legitim,"În regulă, pune-l să mă sune dacă știe ce vrea sau are întrebări"
legitim,"Îmi pare rău, am început târziu, suntem pe drum"
legitim,"Atunci te întorci singur, atunci..."
legitim,SUNT LA BENZINIERE. Du-te acolo.
legitim,"K, dacă te-ai plictisit, vino la mine acasă..."
legitim,iubito!!!! TE IUBESC !!!! *îți acoperă fața în sărutări*
legitim,"De parcă l-am făcut să vomite când fumam o dată în mașina prietenului nostru, a fost grozav"
legitim,Inca nu l-am verificat. . .
legitim,Vei merge la walmart. Voi rămâne.
legitim,"Nu te-am uitat, s-ar putea să am câțiva dolari să-ți trimit mâine, k? si eu te iubesc"
legitim,Oh grozav. Îl voi deranja mai mult ca să putem vorbi.
legitim,Reversul înseamnă înșelăciune. Asta nu este matematică.
legitim,Ești binevenit... Te-am prins folosind din nou engleza stricata...
legitim,"Nicio problemă, iubito. Este un moment bun pentru a vorbi? Am sunat și am lăsat un mesaj."
legitim,"Scuze, o să sun mai târziu"
legitim,"O, este! Care marca?"
legitim,"Îmi pare rău, nu vă pot prelua apelul acum. Se întâmplă că există 2 ceară pentru a face ceea ce doriți. Poate să vină și să-și ia asigurarea medicală. Și va putea naște și va avea îngrijire de bază. În prezent, caut asigurarea medicală potrivită pentru ea. Așa că lasă-mă până vineri dimineață. Atunci voi vedea persoana principală care mă poate ghida către asigurarea potrivită."
legitim,La ce oră vii.
legitim,Suna-l si spune ca nu vii azi ok si spune-le sa nu ma pacaleasca asa ok
legitim,Am trimis un e-mail pentru partea mea oredi.. Pot Ì_ să-l primesc de la el..
legitim,Ești sigur că vor înțelege asta! Vin * idee bună tocmai a avut un slurp!
legitim,Mersul minim este de 3 mile pe zi.
legitim,"Ok, nicio problemă le va aduce un taxi. C ing mâine și marți. Marți cred că mergem cu toții la cinema."
legitim,"Brainless Baby Doll..:-D;-), vehicul sariyag drive madoke barolla.."
legitim,eu nu fug de la u... merg incet &amp; Mă omoară faptul că nu-ți pasă suficient să mă oprești...
phishing,"Îmi pare rău că am ratat apelul tău, hai să vorbim când ai timp. Sunt la 07090201529"
legitim,Vă rog să veniți la telefon :)
legitim,"Doar mă urăști. Poți suna pe oricare, dar nu ai acceptat nici măcar un apel de-al meu. Sau chiar ai trimis un mesaj"
legitim,Niciun mesaj pe telefonul ei. Îl țin acum
legitim,Can... I'm free...
legitim,"Călătoria mea a fost amânată, încă ai stocat?"
legitim,"Scuze, o să sun mai târziu"
legitim,Aștept apelul dumneavoastră domnule.
legitim,Hei ce faci. si fara raspuns..
legitim,"Hei, elaine, mai este întâlnirea de azi?"
legitim,Îmi pare rău că nu am fost în acel loc. O voi face mâine. Îmi pare foarte rău.
legitim,"De cele mai multe ori, când nu te las să mă îmbrățișez, este ca să nu izbucnesc în lacrimi."
legitim,Mâine nu merg la teatru. . . Așa că pot veni oriunde mă suni. . . Spune-mi unde și când să vin mâine
legitim,Și acum curentul tocmai s-a oprit fml.
legitim,"Se pare că ai găsit altceva de făcut decât să fumezi, treabă bună!"
legitim,"De asemenea, gheata andros etc etc"
legitim,
legitim,"Bună ziua, iubirea mea. Cum sunt astăzi? Sper că sunteți bine și poate aveți câteva interviuri. Mă trezesc și mi-e dor de tine iubito. Un sărut pasional de peste mare"
legitim,Da. Nu crezi ce? Chiar neva c e msg i-am trimis shuhui?
legitim,Cum se redimensionează acel ceas
legitim,"Draga umma, m-a sunat acum :-)"
legitim,Tocmai terminat. Mi-e mult dor de tine
phishing,Vacanță gratuită la Ibiza de 4 STELE sau 10.000 GBP în numerar necesită colecția dvs. URGENTĂ. 09066364349 ACUM de la Fix pentru a nu pierde! Box434SK38WP150PPM18+
legitim,"Ei bine, am vrut să spun, spre deosebire de noaptea mea beată de dinainte"
legitim,K... Trebuie să rezervi un nu? deci mergi la yoga de bază duminica?
phishing,MSG GRATUIT: Am facturat din greșeală numărul dvs. de mobil de la codul scurt 83332. Vă rugăm să sunați la 08081263000 pentru a vă rambursa taxele. Acest apel va fi gratuit de la un telefon fix BT
legitim,Ok pot...
legitim,"Hopa, sunt la mama mea în Somerset... Cam departe! Înapoi tomo, ne vedem în curând x"
legitim,Deci faci ore suplimentare nigpun?
legitim,La fel ca demiterea kallis la al 2-lea test:-).
legitim,O. Cred că amândoi s-au încurcat
phishing,Vă rugăm să SUNAȚI imediat 08712402972 deoarece vă așteaptă un mesaj urgent
legitim,"Sunt într-o întâlnire, sună-mă mai târziu la"
legitim,Ce îmi gătești la cină?
legitim,Ok multumesc...
legitim,Taur. Planul tău era să mergi la IKEA cu mine fără să-ți pese în lume. Așa că trebuie să trăiesc cu mizeria ta în altă zi.
legitim,Atunci cumpăr.
phishing,URGENT! Numărul dvs. de mobil a fost premiat cu un premiu bonus pentru apelant de å£2000. Sunați la 09058095201 de pe telefon fix. Valabil doar 12 ore
legitim,"Heehee, a fost atât de amuzant"
legitim,"Face doar aritmetică simplă, nu procente."
legitim,"Da, nu am pleca cel puțin o oră, cum sună 4?"
phishing,"În calitate de client apreciat, am plăcerea să vă aduc la cunoștință că, în urma revizuirii recente a numărului dvs. Mob, vi se acordă un premiu bonus de 1500 GBP, sunați la 09066364589"
legitim,Multumesc draga. O zi bună.
legitim,"„Un citat uimitor” - \Uneori în viață este dificil să te decizi ce e greșit!! o minciună care aduce un zâmbet sau adevărul care aduce o lacrimă....\"""""
legitim,Noapte bună draga mea.. Sleepwell&amp;Ai grijă
legitim,Apoi Ì_ roagă-l pe tata să ia Ì_ lar... ÌÏ wan 2 stai până la 6 meh...
legitim,"Doar chillaxin, ce mai"
legitim,"\HEY DAS COOL... CUNOAȘTE-LE PE TOATE 2 BINE PERICOL DE CRISĂ FINANCIARĂ A STUDENT!SPK 2 U L8R.\"""""
legitim,"Adevăr frumos împotriva gravitației.. Citește cu atenție: \Inima noastră se simte ușoară când cineva este în ea.. Dar se simte foarte grea când cineva o părăsește..\""BUNA DIMINEA"""
phishing,Doriți un nou telefon color Nokia 3510i livrat mâine? Cu 300 de minute gratuite pe orice mobil + 100 de texte gratuite + Răspuns gratuit la camera video sau sunați la 08000930705
legitim,"Ce vine peste deal... Este un monstru! Sper să aveți o zi grozavă. Lucrurile merg bine aici, totuși ocupat!"
legitim,Tatăl lui Joy este John. Atunci Ioan este ____ tatălui lui Joy. Dacă u ans tu ai &lt;#&gt;  IQ. La această întrebare IAS încearcă să răspund.
legitim,"Doar o dată, după aceea, ascultați de toate ale voastre."
legitim,"Nu, ea nu a făcut-o. O sa caut pe net si va anunt."
legitim,Unde trebuie să mergi ca să-l iei?
legitim,Nicio poză. Vă rugăm să retrimiteți.
legitim,El rămâne un frate între frați
legitim,Uhhhhrmm nu se face un test de tuberculoză rău când ești bolnav
legitim,Dar am suficient spațiu a ajuns la 4 MB...
phishing,VIAȚA nu a fost niciodată atât de distractivă și grozavă până când ai venit tu. Ai făcut-o cu adevărat specială pentru mine. Nu te voi uita! bucurați-vă de @ un gbp/sms
phishing,Vrei un telefon video nou? 600 oricând în orice rețea min 400 inclusiv Apeluri video ȘI descărcări 5 pe săptămână gratuit delMÂINE sunați la 08002888812 sau răspundeți ACUM
phishing,"În calitate de client apreciat, sunt încântat să vă aduc la cunoștință că, în urma revizuirii recente a numărului dvs. Mob, vi se acordă un premiu bonus de 1500 GBP, sunați la 09066368470"
phishing,Bun venit! Vă rugăm să răspundeți cu AGE și GEN pentru a începe. de exemplu 24M
phishing,Freemsg: apeluri gratuite nelimitate de 1 lună! Activați SmartCall Txt: Apelați la Număr: 68866. Subscriptn3gbp/săptămână apeluri nelimitate Ajutor: 08448714184 Stop?txt stop numai linia fixă
phishing,Aveai mobilul tău 10 luni? Actualizați GRATUIT la cele mai recente telefoane cu cameră/video Orange. Salvați å£-uri cu SMS-uri gratuite/apeluri de weekend. Trimiteți un mesaj cu DA pentru un apel invers sau nu pentru a renunța
phishing,Sunt nou 2 club și nu ne-am întâlnit încă Will B gr8 2 C U Vă rugăm să lăsați mesajul 2 zile cu zona dvs. 09099726553 Răspuns promis CARLIE x Callså£1/minMobsmore LKPOBOX177HP51FL
legitim,Adevărat. E mai ușor cu ea aici.
legitim,"Sigur, dar din moment ce părinții mei vor lucra marți, nu prea am nevoie de o poveste de acoperire"
legitim,Haha bine... Azi weekend leh...
legitim,"\Bună dragă, m-ai sunat? Sunt acasă dacă vrei să discuti.\"""""
legitim,"Nu știu nimic sau aș spune/aș întreba ceva util, dar dacă vrei, poți să te prefaci că am făcut-o și să-mi trimiți un mesaj ca răspuns la ipotetichuagauahahuagahyuhagga"
legitim,Tu ai fost întotdeauna cel inteligent.
legitim,"Da, dacă trebuie să obținem un tip aleatoriu, trebuie să ne schimbăm foile de informații în PARTY &lt;#&gt; /7 NU STUDIA NICIODATĂ doar pentru a fi în siguranță"
phishing,Aparat foto - Vi se acordă o cameră digitală SiPix! sunați la 09061221066 de la fix. Livrare in 28 de zile.
legitim,"Crăciunul este o ocazie care este celebrată ca o reflectare a UR... Valori..., Dorințe..., Afecțiuni...&amp; Tradiții.... Să aveți un Crăciun ideal..."
legitim,Vă trimit felicitări de bucurie și fericire. Să aveți o seară gr8
legitim,"\Bună dragă, nu pot face nimic mâine, când părinții mei mă scot la masă. cand esti liber? Katexxx\"""""
legitim,Dacă India câștigă sau nivelează seria înseamnă că acesta este record:)
legitim,Atunci ce zici de planul ulterioar?
legitim,E bine să aud de la tine
legitim,"minunat, cum ma descurc cu poarta? Charles mi-a spus aseară, dar, uh, da"
legitim,La ce oră te gândești să mergi?
phishing,"Obțineți un film GRATUIT cu player video mobil GRATUIT. Pentru a colecta text, MERCEȚI la 89105. Este gratuit! Filmele suplimentare pot fi comandate cu T și C se aplică. Doar 18 ani"
phishing,Economisiți bani la lenjerie de nuntă la www.bridal.petticoatdreams.co.uk Alegeți dintr-o selecție superbă cu livrare națională. Adus de WeddingFriend
legitim,"Placa ta funcționează bine. Problema supraîncălzirii este, de asemenea, reslove. Dar tot software-ul este în așteptare. Voi veni pe la ora 8."
legitim,"Da, dar nu-mi pasă pentru că știu că e acolo!"
legitim,"wiskey Brandy Rom Gin Bere Vodka Scotch Shampain Vin \KUDI\""yarasu dhina vaazhthukkal. .."""
legitim,"Mon okie lor... Haha, cel mai bine este mâncarea ieftină n gd la, ex oso okie... Depinde dacă vrei să mănânci mâncare occidentală sau chinezească... Pe care o preferi..."
legitim,Stau ard nimic de făcut lor. Esti ocupat cu munca?
legitim,Este &lt;#&gt; k aici oh. Ar trebui să trimit acasă la vânzare.
legitim,Îmi pare rău. || mail? ||
legitim,Tocmai povestești despre acel incident...
legitim,"Da, am stat afara cam 2 ore. Și mi-am sunat toată familia să-i trezesc pentru că a început la 1 dimineața"
legitim,Tocmai am ieșit din clasă
legitim,"În zilele noastre, oamenii nu se ocupă de oportunitatea laxinorficată de a bombăni de entropicație... Ați optat vreodată în mod obligărător cărțile dvs. pentru amplificatorul de masterat al fidalficării? Este foarte champlaxigating, cred că este atroce.. Wotz Ur Opinion???? Junna"
legitim,Nu am nimic din dosarul tău în geantă... eram la lucru când m-ai sunat. Îți spun dacă găsesc ceva în camera mea.
legitim,"Nu e nevoie de lar. Am testat doar cardul de telefon. Nu știu rețeaua, nu cred. Eu astept 4 sora mea 2 termin de baie ca sa ma pot scalda. Nu te deranjează la curățarea camerei."
legitim,Bine. Te voi face mai târziu.
legitim,"Poezie de prietenie: Dragă, dragă U R Nu aproape, dar pot auzi Dont Get Fear Live With Cheer No More Tear U R Întotdeauna draga mea. Gud ni8"
legitim,Ia-ți prânzul și vino repede și deschide ușa :)
phishing,"Nu am auzit de la U4 de ceva vreme. Sună-mă acum, sunt aici toată noaptea doar cu chiloții. Fă-mă să cerșesc așa cum ai făcut-o ultima dată 01223585236 XX Luv Nikiyu4.net"
legitim,"M-am întors. Un pic lung de accident pe a30. A trebuit să deturnez prin wadebridge. Am avut un weekend strălucit, mulțumesc. Vorbește curând. Multă dragoste"
legitim,"K.. I yan jiu liao... Sat we can go 4 bugis vill one frm 10 to 3 den hop to parco 4 nb. Sun poate merge cine de la 1030 la 2, den hop la orc mrt 4 hip hop la 4..."
phishing,Bloomberg -Centru de mesaje +447797706009 De ce să așteptați? Aplicați pentru viitoarea dvs. http://careers. bloomberg.com
legitim,Caut o doamnă pe stradă și un ciudat în cearșaf. Eşti tu?
legitim,Telefonul meu
legitim,"Haha cifre, bine am găsit piesa și vasul lui Priscila"
legitim,"De fapt, la naiba, fă orice, găsește o scuză pentru a fi în Tampa la un moment dat înainte de ianuarie."
phishing,URGENT! Încercăm să contactăm U. Extragerea de astăzi arată că ați câștigat un premiu de 800 GBP GARANTAT. Sunați la 09050001808 de pe telefon fix. Revendicarea M95. Valabil doar 12 ore
legitim,yay! in sfarsit lol. Am ratat excursia noastră la cinema săptămâna trecută :-(
legitim,Toată ziua lucrătoare:)cu excepția zilei de sâmbătă și duminică..
legitim,aathi..unde esti draga...
legitim,Inima este goală fără iubire.. Mintea este goală fără înțelepciune.. Ochii sunt goli fără vise &amp; Viața este goală fără frnds.. Așa că Alwys Be In Contact. Noapte buna &amp; vise plăcute
legitim,"Cred că aştept acelaşi autobuz! Anunță-mă când ajungi acolo, dacă ajungi vreodată acolo."
legitim,Te întorci în curând?
legitim,", cum stau lucrurile? Doar o întrebare rapidă."
legitim,"Noaptea s-a terminat pentru încă o zi, dimineața a venit într-un mod special. Fie ca tu să zâmbești ca razele de soare și să-ți lași grijile în golful albastru și albastru. Gud mrng"
legitim,"Probabil că pot veni, toată lumea a terminat &lt;#&gt;  corect?"
legitim,"L-am primit înainte de Anul Nou, deoarece yetunde a spus că vrea să vă surprindă cu el, dar când nu am văzut bani, i-am returnat la mijlocul lunii ianuarie înainte de &lt;#&gt; perioada de returnare a zilei sa încheiat."
legitim,"Pot să întreb în jur, dar nu sunt prea multe în ceea ce privește mediile aici sus"
legitim,Asigurați-vă că vă verificați e-mailul Yahoo. Am trimis fotografii ieri
legitim,Ce căuta ea?
legitim,Unde este băiatul meu? :-(
phishing,Doriți un telefon video NOU 750 oricând orice rețea min 150 text pentru doar cinci lire pe săptămână sunați la 08000776320 acum sau răspundeți pentru livrare mâine
legitim,"Salut iubirea mea! Cum merge ziua aceea? Îți doresc bine și frumos iubito și sper să găsești niște perspective de angajare. Mi-e dor de tine, boytoy... *un sărut tachinator*"
legitim,Spune caracterului meu rău care nu-ți place la mine. Voi încerca să schimb în &lt;#&gt; . Voi adăuga tat 2 rezoluția mea de Anul Nou. Astept raspunsul dvs. Fii sincer... buna dimineata.
legitim,Nu:-)Am zvonuri că vei cumpăra un apartament în Chennai:-)
legitim,"Da, probabil mai devreme"
legitim,Schimbați sunetul de deconectare Windows..
legitim,Inca nu l-am verificat. . .
legitim,Am venit și eu în cameră.
legitim,"Huh, dar am luat o lectie la 4 lei si ma gandeam sa merg la sch mai devreme si tot de parkin la Kent Vale..."
legitim,Bine.
legitim,Voi ajunge la birou în jurul &lt;DECIMAL&gt; . &amp; mobilul meu are probleme. Nu-mi poți înțelege vocea. Așa că te sun pentru a te elibera
legitim,"Cool, trimite-mi mesaj când pleci"
phishing,"Ești contactat de serviciul nostru de întâlniri de către cineva cunoscut! Pentru a afla cine este, sună de pe un telefon fix 09050000878. PoBox45W2TG150P"
phishing,"Wan2 câștigă un Meet+Greet cu Westlife 4 U sau un m8? Momentan sunt în ce turneu? 1) Imposibil, 2) Neîmblânzit, 3) Neîngrijit. Text 1,2 sau 3 la 83049. Cost 50p + text standard"
legitim,La mulți ani... Fie să-ți găsești prințul fermecător în curând și să muncești prea mult...
legitim,"Oh, marele are un pic de petrecere, dar nu menționează nicio taxă de acoperire, așa că probabil este primul venit, primul servit"
legitim,Mi-ai spus înainte să mă întorc în pat că nu poți dormi pentru nimic.
legitim,"Sper că nu ești supărat, dar chiar mi-ar plăcea să te văd mâine. Iubește-mă xxxxxxxxxxxxxX"
phishing,"Dorothy@kiefer.com (Bank of Granite emite Strong-Buy) ALEGEREA EXPLOZIVĂ PENTRU MEMBRII NOȘTRI *****Peste 300% *********** Simbol Nasdaq CDGT Adică 5,00 USD per.."
legitim,spune &lt;#&gt;  ani cu un bărbat și bani. Am ajuns până la ultimul meu &lt;#&gt; . Încă aștept verificarea.
legitim,Voi veni la tine acasă acum
legitim,"Gratuit în orice zi, dar termin la 6 luni n joi..."
legitim,Vei fi aici pentru mâncare
legitim,"viata alle mone,eppolum oru pole allalo"
legitim,noaptea...
legitim,Două elemente fundamentale ale vieții cool: \Walk
legitim,"Camera destul de bună, 10.1 mega pixeli, 3 optice și 5 digitale. Să aveți o vacanță frumoasă, fiți în siguranță și sper să aveți o călătorie bună! La multi ani amandoi! Ne vedem peste câteva săptămâni!"
legitim,Bună Petey!noiåÕm ok am vrut doar 2 chat pentru că avent vorbit 2 u 4 de mult timp-sper să faci alrite.Have good nit at js love ya am.x
legitim,"Tocmai l-am văzut pe Ron Burgundy căpitanând o barcă de petrecere, așa că da"
legitim,Sunt serios. Sunteți în baza de bani
legitim,Deja un tip te iubește:-.
legitim,Personalul de formare de plasament în colegiul Amrita.
legitim,"Eu vorbesc mereu cu tine. De fapt, am nevoie de bani, mă poți ridica?"
legitim,Profilul meu de muncă pare bpo..
legitim,"Ei bine, eram pe cale să renunț pentru că toți au spus că nu au făcut o noapte. Am perseverat și am găsit unul, dar este foarte ieftin, așa că îmi cer scuze anticipat. Este doar un loc unde să dormi, nu-i așa?"
legitim,"Deci crezi că ar trebui să vorbesc cu el? Nu-și suni șeful dimineața? Am fost în acest loc anul trecut și mi-a spus unde aș putea să merg și să-mi repar mașina mai ieftin. Mi-a tot spus astăzi cât de mult spera că voi reveni, că a regretat întotdeauna că nu a primit numărul meu etc."
legitim,Ești dispus să mergi la cursul de aplicații.
legitim,Petrec cu fratele meu și familia lui
legitim,"Nu, va ajunge doar la 9. Ea spune că va fi acolo. Nu știu"
legitim,Hei... ai de gând să renunți curând? Eu și Xuhui lucrăm până la sfârșitul lunii
legitim,"Îmi pare rău pentru noaptea trecută, nu a fost vina ta că am fost eu, soțul/soția a fost pmt sau sumthin! Îmi dai? Cred că shldxxxx"
legitim,Încearcă neva mate!!
legitim,"Da, acesta ar fi cel mai bun scenariu"
legitim,"Nu sunt liber azi, am 2 să-mi iau părinții tonite..."
legitim,\HEY BABE! FAR 2 SPUN-OUT 2 SPK AT DA MO... DEAD 2 DA WRLD. A DORMIT PE CANAPEA TOATA ZIUA
legitim,Ar trebui să-ți trimit o imagine obraznică? :)
phishing,"Sunteți un câștigător de 1000 GBP sau un premiu pentru apelant garantat, aceasta este ultima noastră încercare de a vă contacta! Pentru revendicare Sunați la 09071517866 Acum! 150 ppmPOBox10183BhamB64XE"
phishing,"Biletele de Crăciun și Revelion sunt acum puse în vânzare de la club, în ​​timpul zilei de la 10:00 până la 20:00 și joi, vineri și sâmbătă noaptea în această săptămână. Se vand repede!"
legitim,"Tyler (obține locul 8) trebuie să plece nu mult după 9, poți ajunge aici într-o oră?"
legitim,Pregătește-te să fii bătut în fiecare noapte...
legitim,"De fapt, mobilul meu este plin de mesaje. Și lucrez online, unde trebuie să le trimit &lt;#&gt;  a trimis un mesaj iti voi explica mai tarziu."
legitim,"Scuze, o să sun mai târziu"
legitim,Bună seara! Ce mai faci?
legitim,sunt acasă. Vă rugăm să sunați
legitim,"Oic, pentru că eu și sora mea nu am luat prânzul azi tata a ieșit... Deci nu știu dacă mănânc 2 în sch sau wat..."
legitim,"Mmmmm... A fost foarte bine să mă trezesc la cuvintele tale în această dimineață, Draga mea!! Mmmm la naiba... și eu te iubesc, Leul meu... *sărut devorant de peste mare*"
legitim,Ne face plăcere să vă informăm că cererea dumneavoastră pentru Airtel Broadband a fost procesată cu succes. Instalarea dvs. se va face în 3 zile.
legitim,Ce se întâmplă dragă. De ce taci. sunt incordata
legitim,"Voi ajunge acolo la 3, cu excepția cazului în care vreți să vin ceva mai devreme"
legitim,"Dacă nu tușiți, atunci nu este nimic"
legitim,ÌÏ veni lt 25 n trece la mine lar
legitim,Sunt o persoană care face un sondaj prin sms...
legitim,Lol ok voi incerca sa trimit. Fiți avertizat că Sprint este foarte lent. Cu siguranță îl vei primi mâine
legitim,Vă mulțumesc ne întâlnim luni
legitim,ASA ESTE GOWER MATE CARE ESTE UNDE SUNT EU!?! CUM ESTI OM? TOTUL ESTE BINE ÎN ȚARA GALĂ BALĂ ÎNAPOI åÔMÂINE. C U ACEASTA SĂPTĂMÂNĂ? CINE A FOST MSG 4? åÐ ALEATOARE!
phishing,"Rock yr chik. Obțineți acum sute de filme murdare și XXX imagini pe telefonul dvs. rply FILTH la 69669. Saristar Ltd, E14 9YT 08701752560. 450p pe 5 zile. Stop2 anulați"
legitim,"Un singur rând cu un înțeles mare::::: \Miss anything 4 ur \""Best Life\"" dar"
legitim,"Am primit ca $ &lt;#&gt; , mai pot primi ceva mai târziu. Ia orice ai chef"
legitim,"Tata a vrut să vorbească despre apartament, așa că am început târziu, acum"
legitim,si eu va iubesc pe amandoi :-)
legitim,Lol încă te simți rău?
legitim,Să-ți spun doar acum 420
legitim,sunt până în ochii mei în filozofie
phishing,De luna viitoare primiți până la 50% Mai multe apeluri 4 Ur tarifare de rețea standard 2 activați Sunați la 9061100010 C Wire3.net 1st4Terms PoBox84 M26 3UZ Cost å£1.50 min MobcudB mai mult
legitim,Ok lor. Sunt in oras acum lei.
legitim,L-am avut deja..sabarish mi-a cerut să plec..
legitim,Nu da. . Vijay va vorbi la jaya tv
phishing,URGENT! Încercăm să contactăm U Todays extragerea arată că ați câștigat un premiu de 800 GBP GARANTAT. Sunați la 09050000460 de pe telefon fix. Revendicarea J89. cutie postală245c2150pm
legitim,"Lol stiu! Hei, cineva a făcut o personificare grozavă a puricilor pe forumuri. Îmi place!"
phishing,Trimiteți mesajul BANNEDUK la 89555 pentru a vedea! cost 150p textoperator g696ga 18+ XXX
legitim,"Inca sansa acolo. Dacă cauți din greu, o vei obține... hai să încerci :)"
phishing,"Runda a 4-a de licitație. Cea mai mare ofertă este acum de å£54. Următoarea ofertă maximă este de 71 GBP. Pentru a licita, trimiteți OFERTE e. g. 10 (pentru a licita å£10) la 83383. Mult succes."
legitim,Sărbătorești mereu New York-ul cu familia ta?
legitim,"Îl cunoaștem pe TAJ MAHAL ca simbol al iubirii. Dar celelalte fapte mai puțin cunoscute 1. Mumtaz a fost a patra soție a lui Shahjahan, dintre cele 7 soții ale sale. 2. Shahjahan l-a ucis pe soțul lui Mumtaz pentru a se căsători cu ea. 3. Mumtaz a murit în ea &lt;#&gt; livrarea. 4. Apoi s-a căsătorit cu sora lui Mumtaz. Se pune întrebarea unde iadul este IUBIREA?:-| -Marele Hari-"
legitim,"Este în regulă.. vino la mine acasă, îmi pare bine să mă cunosc și pot discuta.."
phishing,Colectați-vă weekendul de Valentine’s valentine la PARIS inc Zbor & Hotel + å£200 Premiu garantat! Text: PARIS la nr: 69101. www.rtf.sphosting.com
legitim,Mi-a trimis o adresă de web pentru a obține fișa de salariu
legitim,Ea este bine. Îi trimite salutări
phishing,Oferta de fidelizare a clienților: NOUL Nokia6650 Mobile de la DOAR £10 la TXTAUCTION! Text text: START la nr: 81151 și obține-l pe al tău acum! 4T&Ctxt TC 150p/MTmsg
legitim,Dar nu ai luat legătura cu mine.
legitim,"Da, plec chiar acum, revin curând"
phishing,Nu o sa crezi dar este adevarat. Sunt Tx-uri incredibile! Răspunde G acum pentru a învăța lucruri cu adevărat uimitoare care îți vor uimi mintea. De la O2FWD doar 18p/txt
legitim,"Da, sigur că voi pleca într-un minut"
legitim,Și aveți cineva care să mă învețe cum să trimit mașini.
legitim,"Semnul maturității nu este atunci când începem să spunem lucruri mari.. Dar de fapt este, când începem să înțelegem lucruri mărunte... *O SEARA FRUCUTA* BSLVYL"
legitim,"Da, confirmat pentru că ai rămas în acel weekend"
legitim,Au spus Ì_ dun haf pașaport sau ceva de genul dat.. Sau Ì_ juz trimite la contul meu de e-mail..
legitim,"Înmulțiți numerele independent și numărați punctele zecimale, apoi, pentru împărțire, apăsați zecimale așa cum v-am arătat."
legitim,"Să ai o noapte frumoasă și când te trezești să vezi acest mesaj, sper că zâmbești știind că totul este așa cum ar trebui. Sa ai o dimineata buna"
legitim,Ard 4 lor...
legitim,"Aveţi dreptate. Între timp, cum apar gemenii de proiect"
legitim,Ieri i-am trimis maga ta acei bani.
phishing,Bună 07734396839 Oferta de fidelizare a clienților IBH: NOUL MOBIL NOKIA6600 de la DOAR å£10 la TXTAUCTION!Txt word:START to No:81151 și obține-l pe al tău acum!4T&
legitim,Inima este goală fără iubire.. Mintea este goală fără înțelepciune.. Ochii sunt goli fără vise &amp; Viața este goală fără frnds.. Așa că Alwys Be In Contact. Noapte buna &amp; vise plăcute
phishing,Sunt fierbinte și excitat și vreau să locuiesc local cu tine - trimite un răspuns pentru a auzi răspunsul meu 150p per mesaj Netcollex LtdHelpDesk: 02085076972 răspuns Stop to end
legitim,Călătoria noastră la fel de fără incidente - nu prea mulți dintre acești bicicliști plini de rău pe lângă acea oră a nopții ;).
legitim,"Dacă ai fost/ești liber, pot da. Altfel nalla adi entey nattil kittum"
legitim,"I-am trimis soției mele mesajul tău. După ce le cumpărăm, ea vă va spune ce să faceți. Așa că relaxează-te. Ar trebui să mergem să-i luăm în săptămâna asta."
legitim,Sunt în teatrul de evadare acum. . Mă duc să mă uit la KAVALAN în câteva minute
legitim,Cât ar costa să angajezi un asasin
legitim,eu orice...
legitim,"Scuze, o să sun mai târziu"
phishing,Vrei un nou telefon color Nokia 3510i livrat mâine? Cu 200 de minute GRATUITE către orice mobil + 100 de text GRATUIT + Cameră video GRATUITĂ Răspunde sau Sună la 08000930705
legitim,"Nu, dar nu pot merge acasă cu mâna goală, nu?"
legitim,Buna dimineata printesa! An nou fericit!
phishing,Felicitări AI Câștigat. Sunteți câștigător la extragerea cu premii de 1000 GBP din august. Sună ACUM la 09066660100. Cod premiu 2309.
legitim,"Ok, vom pleca în câteva"
legitim,Atunci ce faci acum? Soție ocupată la muncă?
legitim,Știu că te simți bine astăzi
legitim,"Jay mi-a spus deja, o să fac"
legitim,Cps provoacă întreruperi pentru a conserva energie.
legitim,"Nu sunt sigur, tocmai mă uitam la ce se întâmplă în zonă"
legitim,Hei dimineata ce ai venit sa intrebi:-) pa...
legitim,Jordan a fost votat în noaptea trecută!
legitim,"Asta înseamnă că ai un A în epi, ea e bine. Ea este aici acum."
legitim,Habar n-am unde ești
legitim,"Vă rog să veniți repede, nu pot să dezvălui asta."
legitim,Tatăl lui Joy este John. Atunci Ioan este ____ tatălui lui Joy. Dacă u ans tu ai &lt;#&gt;  IQ. La această întrebare IAS încearcă să răspund.
legitim,Sună-mă. Nu pot să calmez. Să ne întâlnim cu bhaskar și profund
legitim,Nu. Ne întâlnim în bibliotecă
legitim,"K, colegul meu de cameră dorește și un dubsack și un alt prieten poate vrea și el, așa că plănuiește să aduci în plus, îți voi spune când știe sigur."
legitim,"Depinde de individ, cum ar fi frizerul, spune frumos, dar părinții mei spun uite gong. U kaypoh.. Nici eu nu știu ce colecționează."
legitim,Ok c Ì_ atunci.
legitim,Îmi place să mă uit și să joc fotbal și baschet. Orice în aer liber. Și tu?
legitim,"Îl poți întreba pe macho care este intervalul lui de preț, dorește ceva nou sau folosit și l-a introdus doar în blackberry bold &lt;#&gt;  sau orice bb"
legitim,"Scuze, am trimis din nou un mesaj necompletat. Da, dar încerc 2, studiază serios acum."
legitim,"Hei, verifică. Am enumerat da."
phishing,8007 25p 4 Cântec al lui Alfie Moon Children in Need pe mafia ta. Spune-ți m8s. Trimiteți mesajul TONE CHARITY la 8007 pentru nokias sau POLY CARITY pentru polys :zed 08701417012 profit 2 charity
legitim,Am vrut să-mi cer scuze pentru că ți-am trimis mesaje ca să-mi iei droguri la &lt;#&gt; timp de noapte
legitim,"Asta înseamnă că din februarie până în aprilie voi găsi un loc unde să stau acolo, așa că nu trebuie să mă grăbesc înainte și înapoi în timpul sezonului de audiții, așa cum am făcut de când sora mea s-a mutat din Harlem."
legitim,Mergi la antrenament pentru a pierde grăsimile...
legitim,"La naiba, bietul Zac nu are nicio șansă"
legitim,Niciun mesaj..nici un raspuns..ce sa intamplat?
legitim,Vreau să-ți spun un lucru pe care nu ar trebui să mă înșeli k ACEST E MESAJUL PE CARE L-AI TRIMIS :)
legitim,Da corect! Îmi aduc ruleta mea vineri!
legitim,"Inca sansa acolo. Dacă cauți din greu, o vei obține... hai să încerci :)"
legitim,Să te întâlnesc este munca mea. . . Spune-mi când îmi fac treaba mâine
legitim,Ar trebui să mă duc direct acolo sau ce
phishing,Obțineți tonul de apel poli oficial al ANGLIEI sau steagul de culoare pe mobilul dvs. pentru jocul de seara asta! Trimiteți mesajul TONE sau FLAG la 84199. Optout txt ENG STOP Box39822 W111WX å£1.50
legitim,Multumesc printesa! Ești atât de sexy...
legitim,Oooh am o mulțime de astea!
legitim,Hui xin este în da lib.
legitim,Este o mare diferență.  &lt;#&gt;  faţă de &lt;#&gt;  fiecare &lt;#&gt; ore
legitim,"Nu e că mă faci să plâng. Doar că, atunci când toate lucrurile noastre se întâmplă peste orice altceva, mă împinge peste margine. Nu înțelegi cât de des plâng pentru viața mea rău, rău."
legitim,"\ME 2 BABE, MĂ SIMT LA FĂRĂ ACEȘI HĂSĂM DOAR 4 SĂ INTRECIM DE ESTE+ÎNCERCĂȚI AMANDOI +ÎNCĂRCEZĂ-NE+NU SE POTEȘTE AȘA DE MUCHXXLOVE U LOCAXX\"""""
legitim,"Știi ce înseamnă conectarea, nu?"
phishing,"Anuntul serviciului clienti. Am încercat recent să vă facem o livrare, dar nu am reușit, vă rugăm să sunați la 07090298926 pentru a reprograma. Ref: 9307622"
legitim,Care este numărul de model al telefonului tău?
legitim,"Îi place foarte mult skateboarding-ul acum, în ciuda faptului că este aruncat de pe el și termină cu bandaje și rahat peste brațe la fiecare cinci minute."
phishing,"Puteți opri alte tonuri de club răspunzând \STOP MIX\"" Consultați my-tone.com/enjoy. html pentru condiții. Tonurile de club costă 4,50 GBP/săptămână. MFL"
legitim,"Casa mea aici e cerul destul de întunecat Liao... Dacă plouă, am scuza, nu 2 alerga deja... Hee..."
legitim,"Ne pare rău, am lăsat telefonul la etaj. OK, ar putea fi agitat, dar ar fi toate păsările mele dintr-o singură lovitură. Este o întâlnire."
legitim,* Credeam că nu te-am văzut.
phishing,"Vrei să fii întins? vrei locații reale pentru câini trimise direct pe mobil? alăturați-vă celei mai mari rețele de dogging din Marea Britanie. txt câini la 69696 acum!nyt. ec2a. 3lp å1,50 GBP/ms."
legitim,"Carlos spune că putem prelua de la el mai târziu, așa că da, suntem gata"
legitim,"Hei iubito, prietenul meu a trebuit să anuleze, încă e pregătit pentru o vizită?"
legitim,"Conform solicitării dvs., „Maangalyam (Alaipayuthe)” a fost setat ca tonul de apelare pentru toți cei care apelează. Apăsați *9 pentru a copia prietenii dvs. Callertune"
legitim,"Hmm, va trebui să mă gândesc la asta... ok ești iertat! =D"
legitim,"Sperăm să plecăm până la 7, din Langport. Ești încă pregătit pentru oraș în seara asta?"
legitim,Vrei să-mi trimiți o îmbrățișare virtuală?... Am nevoie de una
legitim,"Probabil că nu, încă trec peste câteva chestii aici"
legitim,Are probleme chiar acum. O voi repara până mâine.
legitim,De ce intru între voi
legitim,Compania grupului Senthil Apnt ora 17.00.
legitim,"Oh, chiar aşa?? Ai făcut-o în aer? Care este talentul tău?"
legitim,Studiind. Dar voi fi liber weekendul viitor.
legitim,Esti aici inca? Port o cămașă albastră și pantaloni negri.
legitim,"Stai, voi iesi.. &lt;#&gt;  min:)"
legitim,Voi ajunge acasă în &lt;#&gt;  minute
legitim,"Ei bine, atunci să aveți un weekend minunat!"
legitim,"Ce faci în langport? Îmi pare rău, dar probabil că voi fi în pat până la ora 21.00. E nasol să fii bolnav de Crăciun! Când tu și go2sri lanka?"
legitim,"Frnd s nu juz un cuvânt.....nu doar o relație.....este o promisiune tăcută care spune... \ Voi fi cu TINE \"" Undevr.. Când ori.. Forevr... Gudnyt dragă.."""
legitim,"huh? 6, de asemenea, nu pot? Atunci doar câte greșeli?"
legitim,Ha... Ai mâncat doar miere? Atât de dulce...
legitim,Îmi închid telefonul. Mamele mele spun tuturor că am cancer. Și sora mea nu se va opri să sune. Doare să vorbești. Nu pot suporta. Ne vedem când ajungi acasă. te iubesc
legitim,"iubito? Iubito? Dragă? chifle sexy? prune de zahăr? Loverboy? Mi-e dor de tine, băiete... *te plesnește în fund* Ai fost și tu la sală?"
legitim,Mulțumesc că mă iubești atât de mult. Tu rock
legitim,"Da, am venit pentru că Jay vrea să se drogheze"
legitim,"Ok, multumesc... Ai grija atunci..."
legitim,Da. Vă mulțumesc foarte plictisitor.
legitim,"a venit să se uite la apartament, pare ok, la 50 de ani? * Este plecat mult cu munca. O femeie vine și la 6.30."
legitim,Moji tocmai m-a informat că ne-ai salvat viețile. Mulţumesc.
phishing,"Ați câștigat un Nokia 7250i. Aceasta este ceea ce primești când câștigi licitația noastră GRATUITĂ. Pentru a participa, trimiteți acum Nokia la 86021. HG/Suite342/2Lands Row/W1JHL 16+"
legitim,Cine sunt acesta in clasa :-)
legitim,Hei r Ì_ încă online? Am terminat formatarea...
legitim,Mare! Deci ce te atrage la brothas?
phishing,"Numărul promoției: 8714714 - UR a acordat un City Break și ar putea CÂȘTIGĂ un å£200 de cumpărături de vară în fiecare săptămână. Trimiteți mesajul STORE la 88039. SkilGme. TsCs087147403231Winawk!Vârsta 16 å1,50 GBP pe WKsub"
legitim,Prost.nu este posibil
legitim,Nu pot alege telefonul acum. Vă rugăm să trimiteți un mesaj
legitim,LOL ceea ce se întâmplă în Vegas rămâne în Vegas
legitim,"Bună, salut, salut, îmi pare rău că a durat atât de mult 2 răspunsuri- Am lăsat mobilul la prieteni din Lancaster, tocmai am primit-o, Neway, îmi pare rău că nu am putut să vă fac ziua de a doua zi!"
legitim,Când am folosit soc... îl folosesc doar acasă... ÌÏ nu știu cum să-l scriu în word ar...
legitim,Tata spune că grăbește-te dracului
legitim,Trezește-mă la &lt;#&gt;  dimineata :)
legitim,"Ies din clasa in bsn in like &lt;#&gt;  minute, știi unde este consilierea?"
legitim,"Mare! Trag încărcături mari, așa că pregătește-te!"
legitim,Ne întâlnim în hol
legitim,Mai vii în seara asta?
legitim,"Ce s-a întâmplat, dragă, spune-mi"
legitim,"Domnule, aștept apelul dvs., odată liber, vă rog să mă sunați."
legitim,"Nu, nu am niciun film în laptop"
legitim,Eram pe cale să o fac când am trimis un mesaj. Am terminat cu mult timp în urmă și am făcut duș și tot!
legitim,"Ok, nu știu sigur la ce oră termin mâine, dar vreau să petrec seara cu tine, pentru că ar fi foarte grozav! Iubeste-ma xxx"
legitim,"Bună ziua, Conform solicitării de la &lt;#&gt;  5 Rs. ți-au fost transferate"
legitim,Sunt in tirupur.  te sun da.
phishing,"Sunteți un câștigător care ați fost special selectat pentru a primi å£1000 în numerar sau un premiu å£2000. Vorbiți cu un operator în direct pentru a revendica, sunați la 087147123779 am-7pm. Cost 10p"
legitim,S:)dar a avut ceva noroc.2 capturi puse jos:)
legitim,Cum nu... Am specificat Ì_ domeniul ca nusstu... ÌÏ încă în sch...
legitim,Oh... am cerut distracție. Haha... ai grijă. Ì_
legitim,Îmi iau geanta?
legitim,"Hei, iubitul! Te iubesc !! Trebuia să spun... Mă uit la poza ta și mă doare să te simt între picioarele mele... La naiba, te vreau... Am nevoie de tine... Te poftesc."
legitim,"Cum este băiatul meu? Nu mi-au mai rămas cuvinte dulci în această dimineață... *oftă*... Cum decurge ziua, iubirea mea? Ai început să studiezi?"
legitim,Kent vale lor... ÌÏ wait 4 me there ar?
legitim,Bine. Foarte bun. Totul este despre a câștiga acești bani.
legitim,Reading gud obicei.. Nan bari hudgi yorge pataistha ertini kano:-)
legitim,"Bine, mai vrei să primești bani"
phishing,Ton de apel gratuit de top -sub la tonul de apel săptămânal-obțineți prima săptămână gratuită-trimiteți SUBPOLY la 81618-?3 pe săptămână-opriți sms-08718727870
legitim,Ok.ok ok..atunci...care este planul de azi
legitim,Ești în oraș? ASTA ESTE V. IMPORTANT
legitim,"Scuze ta, nu stiu cine esti?"
legitim,Ce faci acolo?
legitim,"Dacă nu mă întâlnesc cu Ì_ tot ritul, atunci mă voi duce acasă. Dacă ai chef să vin, e ok."
legitim,"Oh, voi fi plătit. Cea mai remarcabilă este pentru o reclamă pe care am făcut-o pentru Hasbro... în AUGUST! Ne-au făcut să sărim prin atâtea cercuri pentru a fi plătiți. Încă nu."
legitim,"Am întârziat, așa că te sun mâine dimineață. ai grijă de vise dulci... tu și cu mine... umifiant... la revedere."
legitim,Asociat asistență tehnică în rețea.
legitim,Îmi voi smulge uterul.
legitim,Rece. Îți place să înoți? Am o piscină și jacuzzi acasă.
phishing,"Vă mulțumim pentru comanda dvs. de tonuri de apel, numărul de referință X49. Mobilul dvs. va fi taxat cu 4,50. Dacă tonul dvs. nu ajunge, vă rugăm să sunați la serviciile pentru clienți 09065989182. De la: [colour=red]text[/colour]TXTstar"
legitim,"Da, de ce nu, gașca este pregătită"
legitim,Blank este Blank. Dar ce este gol? Laugh out loud
legitim,Sunt într-un film... Adună mașina oredi...
legitim,Am plecat deja la livadă acum.
phishing,"Bună ziua, 2 nopți ești o noapte norocoasă! Am fost invitat 2 XCHAT, cel mai sălbatic chat din Marea Britanie! Trimiteți un CHAT la 86688 acum! 150p/MsgrcvdHG/Suite342/2Lands/Row/W1J6HL LDN 18 ani"
legitim,Nimic spl..wat despre tine și whr ru?
legitim,"Nu chikku nt încă.. Da, sunt liber"
legitim,"Aldrine, rakhesh ex RTM aici. pls call.urgent."
legitim,Căutarea 4 fericirea este una dintre principalele surse de nefericire! Acceptă viața așa cum vine! Vei găsi fericirea în fiecare clipă pe care o trăiești.
legitim,sunt acasă. Vă rugăm să sunați
legitim,"Cred că ai putea fi o scuză la fel de bună ca oricare alta, lol."
legitim,"Nu este frnd o necesitate în viață? Imaginați-vă fără un francez.. cum v-ați simți la colegiu? ce vei face cu celula ta? ce mai multe functii? mulțumesc mai multe evenimente, mai ales că ai grijă, ratate și amp; te-a iritat? Spune-o tuturor acelor prieteni dragi, fara care nu poti trai.. Am facut-o.. Ai grija..:)"
legitim,Gud mrng draga sa ai o zi buna
legitim,Livada Veche langa univ. Tu ce mai faci?
legitim,"4 tacos + 1 burrito rajas, nu?"
legitim,"Sunt 6£ pentru a intra, e ok?"
legitim,Cum este strada unde se află capătul plimbării bibliotecii?
legitim,"Vă rugăm să rețineți: dacă cineva sună de la o companie mobilă &amp; vă cere să introduceți # &lt;#&gt;  sau # &lt;#&gt; . Nu face asta. Deconectați apelul, deoarece este o încercare de „terorism” de a folosi cartela SIM nr. Itz confirmat de nokia n motorola n a fost verificat de CNN IBN."
legitim,Ne-am oprit să luăm înghețată și ne vom întoarce după
legitim,I-ai cusut pantalonii?
legitim,Nu da. . Vijay va vorbi la jaya tv
phishing,2/2 146tf150p
legitim,"Hei, mă plictisesc... Deci mă gândesc la tine... Deci ce faci?"
legitim,"Nu, miercuri. Când ar trebui să aduc geanta cu mini-cheetos?"
legitim,"Nimeni nu își numește penisul un nume de fete, această poveste nu se adună deloc"
legitim,"Ok, anunță-mă când vei fi în preajma noastră"
legitim,nu sunt. Ea s-a sincronizat cu buzele cu Shangela.
legitim,ÌÏ nu-mi spune cum nu... nu sunt acasă în da aft wat...
legitim,"Un pic de zâmbet Ur este hppnss-ul meu, o picătură de Ur lacrimă este durerea mea, o parte din inima Ur este viața mea, o inimă ca a mea va avea grijă de tine, pentru totdeauna ca PRIETENUL meu"
phishing,"Stimate deținător de voucher 2, revendicați permisele dvs. de lounge de aeroport de clasa I atunci când utilizați voucherul dvs. de vacanță, sunați la 08704439680. În momentul rezervării, cotați clasa I x 2"
legitim,"Buzz! Hei, iubirea mea! Mă gândesc la tine și sper că ziua ta va merge bine. Ai dormit în? Mi-e dor de tine iubito. Tânjesc după momentul în care suntem din nou împreună*zâmbet iubitor*"
legitim,"Haha... Sună nebunesc, nu știu nimic..."
legitim,De ce te trezești așa devreme?
legitim,"Da, ăla e lent ca caca"
phishing,Bloomberg -Centru de mesaje +447797706009 De ce să așteptați? Aplicați pentru viitoarea dvs. http://careers. bloomberg.com
legitim,"\Sunt pe Gloucesterroad ce faci mai târziu?\"""""
legitim,Da:) aici televizorul este întotdeauna disponibil la locul de muncă..
phishing,DA! Singurul loc din oraș pentru a întâlni adulți incitanți este acum în Marea Britanie. Trimiteți un CHAT la 86688 acum! 150p/mesaj.
legitim,"Lol, nu, ah, dar mi-aș fi dorit să fi stat puțin mai mult afară"
legitim,DUMNEZEU A ÎNTREBAT: „Ce este iertarea?” Un copil mic a răspuns frumos
legitim,Ne vom alătura &lt;#&gt;  autobuz
legitim,Era pe cale să întreb. Îl va păstra pe acesta. Poate de aceea nu ai primit toate mesajele pe care ti le-am trimis pe glo
phishing,"GRATUIT pentru prima săptămână! Numărul 1 Nokia tone 4 dvs. în fiecare săptămână, trimiteți mesaje NOKIA la 8007. Primiți mesaje și spuneți-le colegilor www.getzed.co.uk POBox 36504 W45WQ norm150p/tone 16+"
legitim,K.i va trimite &lt;#&gt;  min:)
legitim,Aș dori să te fumez afară să ne ajut să trecem prin această perioadă dificilă
phishing,"Cineva pe care îl cunoști a cerut serviciului nostru de întâlniri 2 să te contacteze! Nu pot ghici cine? Sunați la 09058095107 ACUM toate vor fi dezvăluite. POBox 7, S3XY 150p"
legitim,Da.mama arata puternica :)
legitim,"Domnule Bună dimineața, sunați-mă odată liber."
legitim,Unde mă suni.
legitim,A fost gr8 să văd acel mesaj. Deci când pleci? Felicitari draga mea. Ce școală și ce planuri ai.
legitim,"Place! Fetele de la birou s-ar putea să se întrebe de ce zâmbești, dar te doare..."
legitim,"Bună, mă întorc, m-am întrebat dacă ai fost mâncat de un leu sau ceva de genul, nimic prea mult"
legitim,Unchiul Timi ajută la curățarea mașinilor
legitim,Am venit la pensiune. Mă duc la culcare. Te rog suna-ma inainte de curs. Hrishi.
legitim,Ok... Dar iar geanta...
legitim,Hi! Tocmai ați vorbit cu MANEESHA V. Am dori să știm dacă ați fost mulțumit de experiență. Răspundeți gratuit cu Da sau Nu.
legitim,Ok lor. Ms-mi b4 suna.
phishing,"Mila, 23 de ani, blondă, nouă în Marea Britanie. Mă uit la sex cu băieți din Marea Britanie. daca iti place sa te distrezi cu mine. Trimiteți mesajul MTALK la 69866.18. 30 pp/txt primul 5 gratuit. å incremente de 1,50 GBP. Ajutor08718728876"
legitim,"Odată un pescar s-a trezit devreme în d mrng. Era foarte întuneric. A așteptat puțin &amp; a găsit un sac plin cu pietre. El strtd throwin thm in2 d sea 2 trece timpul. Atlast a avut doar 1 piatra, soarele a rasarit &amp; el a aflat că acele pietre r nt, acelea erau diamante. Morala:\Nu te trezi devreme în d mrng'' Noapte bună"""
phishing,"Revendicați 200 de cumpărături, sunați la 08717895698 acum! Ai câștigat! MobStoreQuiz10ppm"
legitim,Atunci fizica ta obține un-?
legitim,"Dragi prieteni, scuze pentru informațiile întârziate. Astăzi este ziua de naștere a iubitului nostru Ar.Praveesh. pentru mai multe detalii conectați-vă la face book și vedeți. Este numărul lui + &lt;#&gt; . Nu ratați un răsfăț delicios."
legitim,Cum o să mi-l trimiți?
legitim,Puteți face tranzacții online?
legitim,"Dragă, am tren și scaunul meu, scaunul de jos"
legitim,Anunță-mă dacă mai ai nevoie de ceva. Salată sau deșert sau ceva... Câte beri voi lua?
legitim,Ce faci?
legitim,PRUVA ESTI DE NECREZAT.
phishing,"Doriți să vă puneți în funcțiune telefonul cu un răspuns săptămânal de ton nou TONES2U 2 acest text. www.ringtones.co.uk, cel mai bun n original. Tonuri Se aplică tarife de operator de rețea de 3 GBP"
legitim,Ești sigur că nu vrei să spui \veniți aici
legitim,"Te iubesc !!! Ştii? Îl simți? Îți încălzește burta? Mi-aș dori, iubirea mea... te voi întâlni în visele tale, Ahmad... *sărut adorator*"
phishing,"Twimenii, urșii, solzii, pielea și jocul sună acum. Nu rata distracția de weekend. Sună la 08712466669 la 10p/min. 2 mesaje de oprire sunați la 08712460324 (rata nat)"
legitim,Place! Vreau să inund acea păsărică frumoasă cu esperma...
legitim,"Hei, ești supărat pe mine. Raspunde-mi dr."
legitim,Scurt dar drăguț: \Fii o persoană bună
legitim,"De asemenea, amintiți-vă că mărgelele nu se desprind. Vreodată."
legitim,Au un thread în secțiunea wishlist a forumurilor unde ppl postează cereri nitro. Începeți de la ultima pagină și colectați de jos în sus.
legitim,Pentru prima dată în istorie „Nevoia” „Confortul” și „luxul” sunt vândute la același preț în India..!! Ceapa-Rs. &lt;#&gt;  Benzină-Rs. &lt;#&gt;  Berea-Rs. &lt;#&gt;  SHESIL &lt;#&gt;
legitim,"februarie &lt;#&gt;  este ziua \I LOVE U\"". Trimiteți-le tuturor \""FRNDS-UL VALORATI\"", chiar și mie. Dacă 3 revine, te vei căsători cu persoana care iubești! Dacă ignori, vei pierde dragostea 4 Evr"""
legitim,"De fapt, nvm, am primit bani super, încă mai lucrăm pentru &lt;#&gt; nu?"
phishing,Am încercat să vă contactăm pentru răspunsul dvs. la oferta noastră de receptor video? 750 oricând orice rețele de minute? TEXT NELIMITAT? Cameră video? Răspunde sau sună la 08000930705 ACUM
legitim,"E în regulă, cel puțin Armand e încă prin preajmă"
legitim,Nu da. Sunt fericit că stăm împreună na
legitim,"Da, melodie frate. Fără creativitate. Neva test de calitate. A spus că verificați recenzia online."
legitim,"Nu omule, nu este fals.. prietenii mei au bani, asta vă recomand.. dacă sunteți membru cu linkul meu de e-mail, veți fi creditat &lt;#&gt; rs și eu fi getiing &lt;#&gt; rs.. îmi pot desena accul dacă este &lt;#&gt; rs.."
legitim,"Omule, în timp ce făceam acele brownie ciudate, sora mea făcea prăjituri grozave. am facut poze."
phishing,URGENT! Încercăm să vă contactăm. Extragerea din weekendul trecut arată că ați câștigat un premiu de 900 GBP GARANTAT. Sunați la 09061701851. Cod de revendicare K61. Valabil doar 12 ore
legitim,Vă rugăm să nu o restricționați să mănânce ce îi place în următoarele două zile.
legitim,"Mm, il rogi sa vina e destul :-)"
legitim,La casa de pompe funebre cu Audrey și tata
legitim,"Ok, îmi poți scrie adresa?"
legitim,Excelent! Mi-ar plăcea să fim împreună chiar acum!
legitim,"Da, atunci este bine 7.30 sau 8.30 pentru era glaciară."
legitim,"Vă rog, nu voi crede Dumnezeu. Nu numai Isus."
legitim,Can. Nu știu ce să-i iau 4...
legitim,"Nu încă chikku..k, atunci ce tip a încetat să-ți mai irite sau să-ți mai trimită mesaje.."
legitim,Cât timp durează să-l obții.
legitim,Acesta este numărul meu de vivek..
phishing,74355 Crăciun se apropie și ești premiat fie cu tichete cadou de 500 GBP CD și intrare gratuită 2 r å100 GBP extragere săptămânală txt MUSIC la 87066 TnC
legitim,"Îmi pare rău, brah, tocmai mi-am terminat ultimul examen, ce faci"
legitim,"Am fost arestat pentru posesie la, nu te rahat, &lt;TIME&gt;  p.m"
legitim,ai dreptate totuși. Nu vă pot oferi spațiul de care doriți și de care aveți nevoie. Acest lucru chiar începe să devină o problemă. Aveam de gând să sugerez să stabilim o mutare definitivă -- dacă sunt încă acolo -- după Grecia. Dar poate că ești gata și ar trebui să o faci acum.
legitim,Normal doar aici :)
legitim,"Vă rugăm să vă protejați de amenințările electronice. SIB nu solicită niciodată informații sensibile, cum ar fi parole, PIN ATM/SMS prin e-mail. Nu împărtășiți niciodată parola cu nimeni."
legitim,Mi-e atât de dor de tine încât sunt atât de disperat că am înregistrat mesajul pe care mi l-ai lăsat zilele trecute și l-am ascultat doar pentru a auzi sunetul vocii tale. Te iubesc
legitim,Hi. Sunt mereu online pe Yahoo și aș vrea să discut cu tine într-o zi
legitim,"Bună dimineața, bunicul meu a expirat... așa că azi sunt în concediu."
phishing,Felicitări Puteți revendica 2 bilete VIP rândul A 2 C Blu în concert în noiembrie sau cadou Blu garantat Sunați la 09061104276 pentru a revendica TS&Cs www.smsco.net costå £3.75max
legitim,Unde ești ? ce faci? Lucrezi să duci computerul la mama ta? Ai găsit un loc în care să funcționeze? Am nevoie de tine
legitim,"Sigur, voi vedea dacă pot veni puțin"
legitim,Sunt de acord. Așa că pot să nu mă mai gândesc la ipad. Poti te rog sa-i pui aceeasi intrebare pe macho.
legitim,"Să ne unim banii și să cumpărăm o grămadă de bilete la loto. Dacă câștigăm, primesc &lt;#&gt; % primiți &lt;#&gt; %. Afacere?"
legitim,Bine.
legitim,Ți-am pus o întrebare cu câteva ore înainte. Răspunsul ei
legitim,"Ma uit la televizor lor. Frumos, atunci îmi place lor."
legitim,Cred că Chennai a uitat să vină la licitație...
legitim,Atunci Ì_ vino să mă iei la 530 ar?
legitim,Pasăre devreme! Ceva cumpărături încă?
legitim,S-a dus să plătească chiria. Așa că a trebuit să merg la bancă pentru a autoriza plata.
legitim,"Erm Û_ te iau pe la 18:45. Asta va da suficient timp pentru a ajunge acolo, a parca și asta."
legitim,HEI colege! CUM ești dragă? ȚI-AȚI SĂRBĂTORĂ BUNĂ? GIMMI DE GOSS!x
legitim,Howz pain.it va scădea astăzi.fă așa cum am spus ieri.gheață și medicamente.
legitim,"chile, te rog! Este doar un &lt;DECIMAL&gt;  oră de condus pentru mine. Vin tot timpul și voi închiria din februarie-aprilie pentru sezonul de audiții."
legitim,"Da ammae....viața ia multe întorsături, poți doar să stai și să încerci să ții direcția..."
legitim,"Da, asta m-am gândit, să știu dacă se întâmplă ceva mai târziu"
legitim,Mmmm.... Abia aștept să-l lins!
legitim,Vă rugăm să mergeți acolo astăzi &lt;#&gt; . Nu vreau scuze
phishing,"Fantasy Football revine pe televizor. Accesați Sky Gamestar pe Sky Active și jucați å250.000 å£ Dream Team. Scorul începe sâmbătă, așa că înregistrează-te acum! SKY OPT OUT la 88088"
legitim,Poti te rog sa-mi spui raspunsul. BSLVYL trimis prin fullonsms.com
legitim,Esti singur in oras?
legitim,Aștept cu nerăbdare toate îmbrățișările sexuale.. Încă două dormite
legitim,Avem mai multe:)deci nu este necesar:)
legitim,"Nu, este adevărat..k, știi că nu. &lt;#&gt; ?"
legitim,"Nu vă faceți griji, 1 zi foarte mare lambu ji vl veni... până atunci bucurați-vă de petrecerea batchlor:-)"
legitim,"Oh, da... Am hip-hop deschis. Haha, mă gândeam că pot merge pentru jazz și apoi zoom la cine... De fapt, în seara asta sunt liberă... Și există o lecție de kb în seara asta"
phishing,"Mesaj gratuit: singur? Găsește un partener în zona ta! 1000 de oameni reali așteaptă să discute acum!Trimite CHAT la 62220Cncl trimite STOPCS 08717890890å1,50 GBP per mesaj"
legitim,Sunt ok. Îmi voi face partea de mâine
legitim,"Nu! Dar am găsit un magazin diferit pentru a cumpăra brânză. Acum, pe drumul de întoarcere, pot să sun?"
legitim,Mai lucrezi acum?
phishing,"Câștigă cel mai nou åÒHarry Potter și Ordinul Phoenix (Cartea 5) răspunde HARRY, răspunde la 5 întrebări - șansa de a fi primul dintre cititori!"
legitim,Da. Îmi place mobila roz.
phishing,Mesaj gratuit: Ton de apel! De la: http://tms. widelive.com/index. wml?id=1b6a5ecef91ff9*37819&first=true18:0430-JUL-05
legitim,"Locul clientului, vă voi contacta domnule."
phishing,"Oh, Doamne! Ți-am găsit din nou numărul! Sunt atât de bucuros, trimite-mi un mesaj înapoi după acest mesaj cst std ntwk chg å£1.50"
legitim,"O persoană cu inimă pură poate avea un zâmbet minunat care îi face chiar și pe dușmanii săi să se simtă vinovați pentru că este un dușman.. Prin urmare, prinde lumea cu zâmbetul tău..:) BUNA DIMINEA &amp; SA AI O DUMINICA SMILEY..:)"
legitim,"ACEEA E FATA ALRITE, ȘTII că GAIL ESTE NEVA GREȘIT!! AI GRIJĂ, DULCE ȘI NU ȚI FĂ GRIJORI.C U L8TR HUN!IUBIRE Yaxxx"
legitim,"Teoretic da, ar putea veni"
legitim,"Bine, suntem conectați, unde sunteți voi, băieți"
legitim,"nu că știu eu, majoritatea oamenilor de aici sunt încă în afara orașului"
legitim,"Nu, lasă-mă să fac calculele. Nu esti bun la asta."
legitim,"Ok, așteaptă-mă acolo... Lectura mea nu s-a terminat"
legitim,"Da, tipul meu obișnuit e plecat, dar cu siguranță sunt oameni pe care îi cunosc"
legitim,Mă alătur astăzi în mod oficial. Vă rugăm să continuați să vă rugați. Voi vorbi mai târziu.
legitim,"Fericit sau trist, un lucru despre trecut este-\Nu mai e\"" BUNA DIMINEAZA :-):-)."""
legitim,Nu. Le-ați trimis mesaj multimedia sau e-mail?
legitim,"Bine, dar m-am speriat că spui că îngrășesc... Atunci deja nu mă vrei..."
legitim,ai primit acel mesaj
legitim,"Îmi pare rău, domnule, vă sun mâine.  senthil.hsbc"
legitim,Ce ai nevoie. Ai o persoană pe care să-i dai na.
legitim,Ea a lăsat-o foarte vag. Ea doar a spus că va informa persoana în contabilitate despre chiria întârziată și că ar trebui să discut cu agenția de locuințe despre închirierea mea a unui alt loc. Dar verificarea online acum și toate locurile din jurul nostru sunt &lt;#&gt;  și în sus
legitim,"Buna juan. Vin acasă vineri, hei. Bineînțeles că aștept o petrecere de bun venit și multe cadouri. Te voi suna când mă întorc. Multă dragoste Nicky x x x x x x x x x"
legitim,Poti te rog sa-mi spui raspunsul. BSLVYL trimis prin fullonsms.com
legitim,Scurt dar drăguț: \Fii o persoană bună
legitim,"Gumby's are o specială unde un &lt;#&gt; \ pizza cu brânză costă 2 USD, așa că știu ce facem în seara asta"""
phishing,"A fost trimis un link către poza ta. De asemenea, puteți utiliza http://alto18.co.uk/wave/wave.asp?o=44345"
legitim,Ca o dimensiune personală sau ce
legitim,"La fel, sunt la petrecerea aniversară a mătușilor mele strălucitoare în tarpon Springs"
legitim,Cabina este disponibilă. Se ridică și se lasă de la treptele ușii.
legitim,ok....ai grija.umma si la tine...
legitim,Texte nelimitate. Minute limitate.
phishing,"Double Mins & 1000 txts la tarifele Orange. Cele mai recente Motorola, SonyEricsson și Nokia cu Bluetooth GRATUIT! Apelați MobileUpd8 la 08000839402 sau call2optout/HF8"
legitim,Nici o problemă. Vom petrece mult timp de calitate împreună...
phishing,URGENT Aceasta este a doua încercare de a contacta U. Premiul dvs. de å£900 de IERI încă așteaptă colectarea. Pentru revendicare Sunați ACUM 09061702893. ACL03530150PM
legitim,Ai auzit de săptămâna aceasta?
phishing,"Dragă Dave, aceasta este notificarea finală pentru a vă colecta 4* Vacanță în Tenerife sau premiul #5000 CASH! Sunați la 09061743806 de la telefon fix. TCs SAE Box326 CW25WX 150ppm"
legitim,Da. Ultima practică
phishing,vă spune 2 să sunați la 09066358152 pentru a revendica un premiu de 5000 GBP. Aveți 2 să introduceți toate detaliile dvs. mobile și personale la solicitări. Atent!
legitim,Nu. Mulţumesc. Ai fost minunat
legitim,"În rest, a avut loc de muncă cu jumătate de normă na-scolarizare.."
legitim,"ÌÏ înseamnă că s-a confirmat... Eu tot ei spun că oni... Ok, atunci..."
legitim,Okie
legitim,Depinde. Cum ai vrea să fii tratat? :)
legitim,"Chiar pe brah, ne vedem mai târziu"
legitim,"Aștept în mașina 4, mama mea, domnule. Tu leh? Ați ajuns deja acasă?"
phishing,Contul dvs. din 2004 pentru 07XXXXXXXXX arată 786 de puncte nevalorificate. Pentru revendicare sunați la 08719181259 Cod de identificare: XXXXX Expiră 26.03.05
phishing,Vrei un telefon video nou? 750 oricând orice minute de rețea? Închiriere linie la jumătate de preț? Cameră video? Raspunde sau suna la 08000930705 pentru livrare maine
legitim,Am adormit adânc dragă.ai grijă.
legitim,"Nu, asta înseamnă doar că ai un cap gras"
legitim,Sună ca un plan! Cardiff este încă aici și încă frig! Stau pe calorifer!
legitim,Serios? Ceea ce a spus-o pe ea
legitim,"Ea e bună. Se întreba dacă nu vei saluta, dar acum zâmbește. Deci cum faci față distanței lungi"
legitim,"Cum nu... Ea este în mașină acum... Mai târziu, clar... Port pantaloni scurți..."
phishing,Aveți un anunț important de serviciu pentru clienți. Sună GRATUIT TELEFON 0800 542 0825 acum!
legitim,"Da, orice lol"
legitim,Astăzi este ZIUA ACCEPTĂRII..U Acceptă-mă ca? Frate Soră Lover Dear1 Best1 Clos1 Lvblefrnd Jstfrnd Cutefrnd Lifpartnr Belovd Swtheart Bstfrnd Nici un răspuns înseamnă inamic
legitim,Ard 530 lor. Ok atunci mesaj Ì_ lor.
legitim,Bine. C u atunci.
legitim,"Eh, laptopul tau nu are stoc lei... A zis ca mon muz vino din nou sa arunce o privire c am un nu..."
legitim,Nu e nevoie să te qi... ÌÏ prea plictisit să te gândești brusc la asta...
legitim,"Mi-aș dori! Nu cred că va ninge atât de mult. Dar va fi mai mult decât acele rafale pe care le primim de obicei, care se topesc înainte de a ajunge la pământ. Eek! Nu mai zăpadă de la &lt;#&gt; chiar inainte sa ma nasc!"
phishing,GRATUIT>Ton de apel! Răspunde REAL sau POLY de ex. REAL1 1. Buton de apăsare 2. DontCha 3. BabyGoodbye 4. GoldDigger 5. WeBeBurnin primul ton GRATUIT și încă 6 când te înscrii pentru 3£/săptămână
legitim,"Fă 1 lucru! Schimbați acea propoziție în: \Pentru că vreau să mă concentrez în cariera mea educațională, plec de aici..\"""""
legitim,"Oh, chiar aşa? susține, scrie o lucrare, mergi la un film și fii acasă până la miezul nopții, nu?"
legitim,"Bine, lor... Ne vor mai lăsa să plecăm, nu ah? Pentru că ei nu vor ști decât mai târziu. Ne aruncăm cărțile în cutie, nu?"
legitim,Cum? Izzit încă plouă?
legitim,De parcă nu aș avea destule probleme cu somnul.
legitim,Nu am adăugat încă Ì_ corect..
legitim,"Lol... chiar trebuie să-mi amintesc să mănânc când beau, dar apreciez că mi-ai ținut companie în noaptea aceea, iubito *zâmbește*"
legitim,Iubito? Te-am pierdut... Vei încerca să repornești?
legitim,Da. Aproape că nu poți aha.
legitim,Cred că Ì_ trebuie să merg singur acasă. Pentru că voi ieși la cumpărături cu 4 cadou pentru prietenii mei.
legitim,Nooooooo o să mă plictisesc de moarte toată ziua. Întreruperea cablului și a internetului.
legitim,Sos! Orice suma pe care o pot primi va rog.
legitim,"Jucând poker spațial, nu?"
legitim,Cum se face guoyang să-i spună? Atunci i-ai spus?
legitim,Trebuie să te ridici. Acum.
legitim,Îi dau a doua șansă lui rahul dengra.
legitim,"Da, de fapt, doar a întrebat dacă avem nevoie de ceva de genul acum o oră. Când și cât de mult?"
legitim,CÂND PRIMA LOVĂ ESTE UNA ROSĂ. PASĂRĂ + ANTELOPĂ ÎNCEȘTE TOPLAYUL ÎN DOMENIUL AUTODEPENDENȚEI CREDE ACEST + FLOAREA CONȚINȚIEI VA CREȘTE. ALEATOR!
legitim,V Ì_ vrei să mergi acolo? C doctor?
legitim,Tata are un bb acum?
phishing,"Mesaj gratuit: obțineți un ton de apel pentru Gnarls Barkleys \Crazy\"" TOTAL GRATUIT, doar răspundeți ACUM LA acest mesaj!"""
legitim,"E la limită, dar da orice."
legitim,Am primit un apel de la un număr fix. . . Mi se cere să vin la Anna Nagar . . . Voi merge după-amiază
legitim,"Până la 545 lor... Da, poți merge la 4 cină împreună..."
legitim,Voi fi o prințesă blândă! Vom face dragoste dulce și blândă...
legitim,Ce mai faci fetita?? Sper că ești bine de fiecare dată când sun dacă telefonul este oprit! Mi-e dor să iei legătura
legitim,"Scuze, m-am culcat devreme, noaptea"
legitim,Îmi place să cred că există întotdeauna posibilitatea de a fi într-un pub mai târziu.
legitim,"HMM, da, dacă nu ești prea deranjat! Și aștept cu nerăbdare speciala mea de lire sterline :)"
legitim,"Trebuie să scriu pe casetă video pple în mesajul lor. Ai atât de liber 2 să mă ajuți? Hee... Pentru că nu vrei să te uiți la afaceri infernale, așa că întreabă-te. Întrebând shuhui oso."
legitim,"Salut omule, chiar ți-e dor de tine astăzi"
legitim,"Mi-e foame, cumpăr ceva de mâncare, lei bun... Dar mum n yun dun wan juz cumpăr puțin..."
phishing,A refuzat un împrumut? Securizat sau nesecurizat? Nu puteți obține credit? Sună gratuit acum 0800 195 6669 sau trimite mesaj înapoi „ajutor” și vom face!
legitim,Probabil că nu voi mânca deloc azi. Cred că o să fac pop. Cum a fost weekendul tău? Ți-a fost dor de mine?
legitim,"Știam asta... Ai dormit până târziu, da? Trezeste-te asa tarziu..."
legitim,Haha... nu fi supărat pe tine însuți... Luați-o ca pe o practică reală. =)
legitim,Unde este acel antrenament de o zi :-)
legitim,Ca să te sărut și să te simt lângă mine...
legitim,Sa ai o zi buna draga mea.
legitim,Am trimis detaliile lui Lanre Fakeye Eckankar la cutia poștală
legitim,Tatăl tău s-a întors la ph?
phishing,"Ai fost special selectat pentru a primi un premiu \3000! Suna la 08712402050 INAINTE de inchiderea liniilor. Cost 10 ppm. 16+. Se aplică T&C. AG Promo"""
legitim,"Dacă o întrebi sau ea spune vreunul, te rog să dai un mesaj."
legitim,"Dacă timpul poate, atunci mă duc cu el..."
legitim,Te iubesc aathi..te iubesc mult..
legitim,Am sunat doar să salut. Ai grija bruv!
phishing,"AI CÂȘTIGĂ! În calitate de client valoros Vodafone, computerul nostru te-a ales pentru a câștiga un premiu de 150 GBP. A colecta este ușor. Sună doar la 09061743386"
legitim,Ai pornit încălzitorul? Încălzitorul era pornit și setat la &lt;#&gt; grade.
legitim,"Mulțumesc pentru mesajul tău. Apreciez foarte mult sacrificiul tău. Nu sunt sigur de procesul de plată directă, dar voi afla mâine la întoarcerea de la test. Sunt în clasă acum. Sa ai o zi minunata."
legitim,"Asta-i problema cu cursurile care merg bine - ți se datorează unul nenorocit Û_ Mă așteaptă la tomo al meu! Ne vedem pentru recuperare, la aceeași oră, același loc"
phishing,Telefoane cu camere video gratuite cu închiriere la jumătate de preț pentru 12 luni și 500 de minute încrucișate 100 txts. Apelați MobileUpd8 08001950382 sau Call2OptOut/674&
legitim,CU 2 J?
legitim,"Noapte noapte, ne vedem mâine"
legitim,Recepţionat. Probabil că vom ajunge în aproximativ 20
legitim,crezi că vreo fată te va propune azi văzându-ți fața nenorocită de rahat...................
legitim,Mi-aș dori să fii aici. Mă simt atât de singur
phishing,Ofertă NOUA grozavă - DOUBLE Mins & DOUBLE Txt la cele mai bune tarife Orange ȘI primiți cele mai recente telefoane cu cameră 4 GRATUIT! Sunați gratuit la MobileUpd8 la 08000839402 ACUM! sau T&C 2stopxt
legitim,"Motivul este că dacă bugetul echipei este disponibil în sfârșit, ei cumpără jucătorii nevânduți la tariful de bază."
legitim,CERI U REBEL! SWEET DREAMZ ME LITTLE BUDDY!! C YA 2MORO! CINE ARE NEVOIE DE BLOK
phishing,tonuri de apel 84484
legitim,Nu mă pot gândi la mai multe oredi câte pagini avem?
legitim,"Frenii lui merg apoi el in lor. Nu singură soția mea, mama și sora mea."
legitim,Centru auto la nivel național (sau ceva de genul acesta) pe drumul Newport. Mi-au plăcut acolo
legitim,"Hei, mi-a fost dor de tine de aseară, deoarece telefonul meu era încărcat... *zâmbește*... Mă întâlnesc cu un prieten în curând"
legitim,"Oricum, Juliana. Fă ce vrei."
legitim,"Prietenia nu este un joc de jucat, nu este un cuvânt de spus, nu începe în martie și se termină în mai, este mâine, ieri, azi și e"
phishing,Ringtone Club: Gr8 new polys direct pe mobil în fiecare săptămână!
legitim,"Buna ziua. Cam în oraș deja. Asta . Deci nu te grăbi acasă, mănânc nachos. Te va anunta eta."
legitim,"Ok lor. Oricum, cred că nu putem primi bilete acum pentru că deja era destul de târziu. U wan 2 go look 4 your frens a not? Darren este soția lor acum..."
phishing,"(Bank of Granite emite Strong-Buy) ALEGEREA EXPLOZIVĂ PENTRU MEMBRII NOȘTRI *****Peste 300% *********** Simbol Nasdaq CDGT Adică 5,00 USD per.."
legitim,Sunt pe drum spre casa ta
legitim,"Dizzamn, bine, o să-mi întreb colegii de apartament când mă întorc"
legitim,"Nimbomsons. Da, telefonul îl știe pe acela. Evident, pentru că este un cuvânt adevărat"
legitim,Îmi place să mă îmbrățișez! Vreau să te țin în brațele mele puternice chiar acum...
legitim,Esti pe acest continent?
legitim,Vă vom plăti ca &lt;#&gt; ani deci nu este prea greu
phishing,Gospodine plictisite! Chat și întâlnire acum! 0871750.77.11! BT-tarifa nationala 10p/min doar de pe linii fixe!
phishing,Am încercat să vă sunăm pentru răspunsul dvs. la sms-ul nostru pentru un mobil video 750 de minute TEXT NELIMITAT Cameră video gratuită Răspunde sau sună acum 08000930705 Del Thurs
legitim,K...k... când vei oferi un răsfăț?
phishing,"Este a doua oară când încercăm să vă contactăm. Ați câștigat premiul de 400 GBP. 2 revendicarea este ușoară, doar sunați la 087104711148 ACUM! Doar 10p pe minut. BT-rată-națională"
legitim,"O să-și facă griji degeaba. Și nu-ți va da bani, nu-i folosește."
legitim,Ai primit vreun cadou? Anul acesta nu am primit nimic. Atât de rău
legitim,"undeva acolo, sub lumina palidă a lunii, cineva se gândește la tine undeva acolo unde visele devin realitate... Goodnite &amp; vise plăcute"
legitim,"Ei bine, a apărut un tipar în care prietenii mei îmi spun să conduc și să vin să fumez cu ei și apoi îmi spun că sunt un nenorocit al buruienilor / îi fac să fumeze prea mult / îi împiedică să facă alte lucruri, așa că vezi cât de ezit"
legitim,", ow u dey.i am plătit 60.400thousad.i-am spus că vei suna."
legitim,"SUNT BINE BABESELE NU AU MAI MULT DE 2! AM VĂZUT FILMUL DE ÎNCERIĂȚĂ, DA ESTE DESTUL DE HAUS! VREI 2 MW după-amiază? LA ORAȘ SAU MALL SAU SUMTHIN?xx"
legitim,Ajung acasă în 5 minute.
legitim,"Am uitat că lucrezi azi! Vreau să vorbesc, dar lucrurile sunt în regulă, așa că trimite-mi un mesaj când ești liber/plictisit etc și voi suna. Sper că totul este bine, eseu de nas și toate xx"
legitim,Ha... Atunci trebuie să mergem peste tot... Nu putem lua tramvaiul. Vărul meu a spus că poate merge pe jos la Vic Market de la hotelul nostru
phishing,"Wan2 câștigă un Meet+Greet cu Westlife 4 U sau un m8? Momentan sunt în ce turneu? 1) Imposibil, 2) Neîmblânzit, 3) Neîngrijit. Text 1,2 sau 3 la 83049. Cost 50p + text standard"
phishing,"Vă rugăm să sunați la reprezentantul serviciului nostru pentru clienți la TELEFON GRATUIT 0808 145 4742 între orele 9:00 și 23:00, deoarece ați CÂȘTIGAT un premiu garantat de 1000 GBP în numerar sau 5000 GBP!"
legitim,A discutat cu mama ta ah?
legitim,Bine.
legitim,"Îmi pare rău, nu pot trimite mesaje &amp; conduce coerent, ne vedem în douăzeci"
phishing,Veți primi în curând tonul de apel Triple Echo de săptămâna aceasta. Bucură de ea!
legitim,In ce loc pot lua camere ieftine :-)
legitim,"Eek, asta e mult timp, mai ales că American Pie durează 8 minute. Nu mă pot opri să-l cânt."
legitim,"\GRAN ONLY a aflat în urmă cu câteva zile.CUSOON HONI\"""""
phishing,"Ai fost selectat să stai în 1 din 250 de hoteluri britanice de top - PENTRU NIMIC! Vacanță în valoare de 350 GBP! Formați 08712300220 pentru a revendica - Apel cu tarif național. Bx526, SW73SS"
legitim,Universitatea din California de Sud.
legitim,Trebuie să alegem Rayan Macleran acolo.
legitim,"U gd lor mergi la cumpărături am lucruri de făcut. Vrei să urmărești afacerile infernale, nu? Hai lar..."
legitim,Bine. mingi. E timpul să dai apeluri
legitim,La ce oră vrei azi?
legitim,&lt;#&gt;  in mca. Dar nu se conformează.
legitim,Ok.. Care este adresa ta de e-mail?
legitim,"Da, prințesă. Ai de gând să mă faci să geme?"
legitim,"Lol e ok, nu mi-am amintit pana seara trecuta"
legitim,"[Û_] oricum, multe seri bune pentru tine! s"
legitim,"Cool, vă voi trimite mesaje în câteva"
legitim,"Îmi pare rău, vikky, mă uit la filmul olave ​​mandara kano în teatrul trishul cu prietenii mei.."
legitim,Sunt foarte fericit pentru tine iubito! Woo hoo petrecere amice!
legitim,Te iau la mâncare italiană. Ce zici de o rochie frumoasă fără chiloți? :)
legitim,Tu faci 2? N-ai fi vrut să mă suni!! Txt bak luv K
phishing,ESTI ALES SĂ PRIMIȚI UN PREMIU DE 350 £! Vă rugăm să sunați la numărul de revendicare 09066364311 pentru a vă colecta premiul pe care sunteți selectat să îl primiți ca client valoros de telefonie mobilă.
legitim,Cum rezisti?
legitim,"Nu te măgulește... Spune-i omului al meu două halbe de carlin în zece minute, te rog...."
legitim,Sper că nu ți-e frică!
legitim,Nu pot alege telefonul acum. Vă rugăm să trimiteți un mesaj
legitim,Sunt acasă și gata...
phishing,"Vă rugăm să sunați la reprezentantul serviciului nostru pentru clienți la TELEFON GRATUIT 0808 145 4742 între orele 9:00 și 23:00, deoarece ați CÂȘTIGAT un premiu garantat de 1000 GBP în numerar sau 5000 GBP!"
legitim,La ce oră ieși?
legitim,Sunt literalmente în pat și am fost pregătit ca &lt;#&gt;  ore
legitim,"Da, regul meu este Ciao!"
legitim,Dacă te referi la site. Da.
phishing,Câștigă un premiu în numerar de 1000 GBP sau un premiu în valoare de 5000 GBP
phishing,"Vă mulțumim pentru comanda dvs. de tonuri de apel, numărul de referință X49. Mobilul dvs. va fi taxat cu 4,50. Dacă tonul dvs. nu ajunge, vă rugăm să sunați la serviciul clienți 09065989182"
legitim,Lol sau aș putea să mor de foame și să slăbesc un kilogram până la sfârșitul zilei.
legitim,"Da, asta e impresia pe care am avut-o"
legitim,Ok ok ai grija. Pot să înțeleg.
legitim,"Motivați În spatele fiecărui întuneric, există o lumină strălucitoare care așteaptă să o găsiți... În spatele fiecărui prieten cel mai bun, există întotdeauna încredere și dragoste... BSLVYL"
legitim,"Da bine, atunci ai luat cina?"
legitim,Am dormit pe vremea aceea. Tu acolo?
legitim,"Nu-ți face planuri pentru nxt wknd pentru că ea vrea să coborâm, atunci ok"
legitim,Când începe școala. Unde vei sta. Cum e vremea. Și mâncarea. Aveți un sistem de sprijin social ca prietenii din școală. Toate aceste lucruri sunt importante.
legitim,"Ha ha nan yalrigu heltini..Iyo kothi chikku, ai împărtășit multe lucruri cu mine..până acum nu i-am spus niciunui corp și chiar am rostit un cuvânt despre tine.. Dacă ai atât de multă încredere în mine, cum pot să le spun altora.. Vă rog, nu-mi mai folosiți aceste cuvinte..ok, chikku:-);-)B-)"
legitim,Noice. Trimite-mi mesaj când ești aici
legitim,"Bună, di is yijue, ne întâlnim la 7 seara la esaplanade în seara asta."
phishing,"Moby Pub Quiz. Câștigă un premiu de 100 GBP High Street dacă știi cine va fi noua ducesă de Cornwall? Trimiteți un mesaj pe prenumele ei la 82277.unsub STOP å1,50 GBP 008704050406 SP"
phishing,"Săptămâna aceasta ofertele pentru membrii SavaMob sunt acum accesibile. Doar suna la 08709501522 pentru detalii! SavaMob, POBOX 139, LA3 2WU. Doar 1,50 £/săptămână. SavaMob - oferă mobil!"
legitim,"Bine, am fost eliberat, crezi că ai putea să-mi scrii adresa lui Blake? Mi se pare că nu sunt atât de sigur pe cât credeam ce fac"
legitim,Buna draga am vazut draga. Suntem amândoi fericiți. În cazul în care bateria mea este descărcată
legitim,Ce mai faci. Au trecut veacuri. Cum e abj
legitim,"Prof: ați trecut în toate lucrările din acest seme, felicitări. . . . Student: Enna kalaachutaarama..!! prof:???? Gud mrng!"
legitim,Nu lovi cu piciorul în Coco când e jos
legitim,Vă voi suna sporadic începând cu genul &lt;#&gt;  bc nu facem rahatul asta
phishing,"Sunteți contactat de Serviciul nostru de întâlniri de către cineva cunoscut! Pentru a afla cine este, sună de pe telefonul mobil sau fix 09064017305 PoBox75LDNS7"
phishing,TBS/PERSOLVO. ne-a urmărit din septembrie pentru 38 GBP cu siguranță nu plătim acum datorită informațiilor tale. Le vom ignora. Kath. Manchester.
legitim,Sper că nu te distrezi prea tare fără mine!! ne vedem mâine iubire Jess x
legitim,"Ok, nu voi suna sau deranja pe nimeni. Știu că toți mă evită. Sunt o povară pentru toți"
legitim,Am ajuns acasă și mă fac baie Liao... Mă poți suna acum...
phishing,Împrumuturi în orice scop chiar dacă ai Credit Bad! Chiriașii sunt bineveniți. Sunați la NoWorriesLoans.com la 08717111821
legitim,Examenul propriu-zis a fost mai greu decât NBME
legitim,O mulțime din această boală se întâmplă. Ia-o ușurel. Sper să te simți mai bine curând. Laugh out loud
legitim,"Dumnezeu a luat o floare și a atins-o în DEW, a atins-o cu dragoste, ceea ce s-a întors în tine, iar el i-a dat-o și a spus: ACEST PRIETEN ESTE 4U"
phishing,"87077: Începeți un nou sezon cu goluri și știri GRATUITE pentru 2 săptămâni pe mobil! Trimiteți numele clubului la 87077, de exemplu, VILA la 87077"
legitim,"Hei, Sathya, până acum nu ne-am întâlnit nici măcar o singură dată, atunci cum aș putea vedea situația Sathya."
legitim,Gam a dispărut după reprize extraordinare.
legitim,O am jucat smash bros &lt;#&gt;  religios.
legitim,"Domnule, bună dimineața. Sper că ai avut un weekend bun. Am sunat pentru a vă anunța că am reușit să ridic &lt;#&gt;  de la tatăl meu. Totuși, el a spus că va pune restul disponibil până la jumătatea lunii februarie. Această sumă este încă destul de mică și speram că mă vei ajuta. Sa ai o zi buna. Abiola"
legitim,Grăbește-te acasă. Supa este gata!
legitim,Nu nu. Voi verifica toate camerele înainte de activități
legitim,"Bună ziua, iubirea mea. A fost bine să văd cuvintele tale pe YM și să-ți obții TM. Mișcare foarte inteligentă, sclavul meu... *zâmbește*... Îmi beau cafeaua și te aștept."
legitim,"Destul de ok, dar puțin ex... Ar fi bine să mănânci ceva acum, altfel mă voi simți vinovat..."
phishing,"Orange vă oferă tonuri de apel din toate timpurile Chart Heroes, cu un hit gratuit în fiecare săptămână! Accesați Tonuri de apel și imagini pe wap. Pentru a nu mai primi aceste sfaturi, răspundeți STOP."
legitim,Lasă-mă să știu când ești aici
phishing,PRIVAT! Extrasul dvs. de cont din 2003 pentru 07973788240 arată 800 de puncte S. I. M. nerăscumpărate. Sunați la 08715203649 Cod de identificare: 40533 Expiră 31/10/04
legitim,Trebuie să înceteze să meargă la culcare și să facă cu nenorocitul de afaceri
legitim,"Ce mai faci, iubirea mea? esti cu fratele tau? E timpul să vorbești engleză cu el? *zâmbește* Spune: Hei Muhommad, Penny salută de peste mare"
phishing,Am încercat să vă sunăm pentru răspunsul dvs. la sms-ul nostru pentru un mobil video 750 de minute TEXT NELIMITAT + cameră video gratuită Răspuns la apel 08000930705 Acum
legitim,"Hei, doctore, vă rog, vreau să iau un tricou frumos pentru soțul meu, unul frumos care se potrivește, bugetul meu este de &lt;#&gt; k ajutor pls voi incarca d card abi hw, tine-ma la curent luv. 2 mj"
legitim,Nu sunt convins că acesta nu este un test elaborat al puterii mele de voință
legitim,"„Viața nu este nimic dacă obținem totul“. Dar „viața este tot ce nu pierdem ceva“. Valoarea reală a oamenilor va fi realizată numai în absența lor.... gud mrng"""
legitim,Ce mai faci? Mi-e dor de tine!
legitim,"Nu răspund la telefon la o oră destul de rezonabilă, dar mi-e somn"
legitim,"Hei, este * rite u put åÈ10 în fiecare lună este tot?"
legitim,ma duc sa ma culc acum prin
legitim,Cred că doar tu Û_Mulțumesc și ne vedem tomo
legitim,"Dacă conduci, atunci cum merg 2 sch."
legitim,nu sunt acasa acum lei...
phishing,"GSOH? Bine cu SPAM-ul doamnelor? Ai putea fi un gigolo masculin? 2 alăturați-vă celui mai rapid creștere al clubului bărbaților din Marea Britanie, răspuns ONCALL. mjzgroup. 08714342399.2stop raspuns STOP. msg@å £1.50rcvd"
legitim,"Ok, vin la tine acasă după o jumătate de oră"
phishing,Ai un admirator secret care caută 2 ia contact cu U-aflați pe cine R*dezvăluie cine crede că UR este atât de special-sunați la 09058094599
legitim,Ai vreun frnd pe nume Ashwini la facultate?
legitim,"Doar să-mi termin prânzul în drum spre casă, dar... Vreau să stau în sch azi..."
legitim,K apoi 2 marrow vii la curs.
phishing,"HOT LIVE FANTASIES sunați acum 08707500020 Doar 20p pe minut NTT Ltd, PO Box 1327 Croydon CR9 5WB 0870 este un apel național cu tarif"
legitim,"Vă rog, trimiteți-mi adresa dumneavoastră, domnule."
legitim,Vreau să-ți ling păsărica acum...
legitim,"Hei, vei mai fi în stoc mâine/azi? Încerc să-mi iau un dubsack"
phishing,URGENT! Numărul dvs. de mobil a primit un premiu <UKP>2000 GARANTAT. Sunați la 09061790125 de la telefon fix. Revendicare 3030. Valabil 12 ore doar 150 ppm
legitim,"Voi vedea, dar sigur da"
legitim,M-am gândit că putem ieși la cină. Te voi trata! Pare ok?
legitim,Unde ești ? ce faci? Cum poți suporta să fii departe de mine? Nu te doare inima fără mine? Nu te miri de mine? Nu mă poftești?
legitim,Îmi pare rău. Nu auzi niciodată decât dacă îl rezervi. Una era oarecum o glumă - ei chiar căutau fete albe slabe. Cealaltă a fost o singură linie - nu poți face decât atât de multe la camera cu asta. Ceva de genul ăsta aruncă asupra aspectului.
legitim,Ce faci? ce faci?
legitim,"Sigur, omule mare. Am alegeri de hochei la 6, dar nu ar trebui să dureze mai mult de o oră"
legitim,"Vezi lor. Am văzut câteva modele, cred că sunt destul de ok. Ard 116 dar am nevoie de a doua opinie, nu..."
legitim,"Bună, îți place că pozele de la hlday arătau oribil în ele, așa că ai scos-o! Cum e treaba cu tabăra Amrca? Vorbeste curand Serena :)"
legitim,"Prunc! Cum merge ziua aceea? Ce aveți de gând să faceți ? Deja mi-e dor de tine, iubirea mea... * sărut iubitor*... Sper că totul va merge bine."
legitim,Yunny... voi întârzia
legitim,"Doctorul mi-a prescris morfină pentru că celelalte medicamente pentru durere nu sunt suficiente. Aștept să-l aducă mama. Medicamentul ar trebui să intre repede, așa că voi încerca să iau mai târziu"
legitim,"Cool, vrei să merg la kappa sau ar trebui să te întâlnesc în afara mu"
legitim,"Hei chifle sexy! ți-am spus? Te ador, iubitule. Sper să-ți aduci aminte să-ți mulțumești cumnatei pentru acele chifteluțe *rânjește*... te iubesc, iubito"
legitim,Poate aprob panalam...dar ar trebui să aibă mai multe postări..
phishing,"SPReducere pentru bărbați din ianuarie! Hot Gay Chat acum mai ieftin, sunați la 08709222922. Tarif național de la 1,5p/min ieftin la 7,8p/min vârf! Pentru a opri mesajele, sunați la 08712460324 (10p/min)"
legitim,"Scuze, o să sun mai târziu"
legitim,Nu cred că este o chemare greșită între noi
legitim,Eu nu lucrez. Odată ce am de lucru...
legitim,"Și când ai terminat, vreau să spun acum"
legitim,\Este norocul să iubești pe cineva. Este norocul său să-l iubești pe cel care te iubește. Dar
legitim,"Bună, iubito, tocmai m-am întors de la muncă și voiam să te văd toată ziua! Sper ca nu te-am suparat la telefon azi. Dacă ești treaz, sună-mă xxx"
phishing,FreeMsg Astăzi este ziua dacă ești gata! Sunt excitat și locuiesc în orașul tău. Iubesc distracția și jocurile sexuale! Netcollex Ltd 08700621170150p per mesaj răspuns Oprire până la sfârșit
legitim,Băieții tăi Yahoo sunt cei care aduc perfă? Sau legal.
legitim,Nu e nevoie să-mi spui nimic. Știu că sunt un străin
legitim,ai avut vreodată un picior înainte?
legitim,Tocmai am ajuns la &lt;#&gt;
legitim,"Bun! Nu, nu ai nevoie de chitanțe. Bravo! (Û_) Da, vă rog să spuneți. Care este numărul ei, aș putea să o sun"
legitim,"Citat mereu verde spus vreodată de Jerry în desene animate \O persoană care te irită întotdeauna este cea care te iubește foarte mult, dar nu reușește să-l exprime...!...!! :-) :-) gud nyt"""
legitim,Lasă-l cu mine lar... ÌÏ vrei să mă duci atât de greu... Da num 98321561 îi este familiar lui Ì_?
legitim,Adevăr frumos : Expresia feței putea fi văzută de toată lumea... Dar depresia inimii putea fi înțeleasă doar de cei dragi.. Gud Ni8;-)
legitim,"De fapt, la mulți ani. Cum ești unde ești când ne vedem"
phishing,"În filmul The Simpsons, lansat în iulie 2007, numiți trupa care a murit la începutul filmului? A-Ziua Verde, B-Ziua Albastră, C-Ziua Roșie. (Trimiteți A, B sau C)"
legitim,E păcat! Poate ne întâlnim pentru câteva ore tomo?
legitim,"Lol aș vrea, dar în ciuda acestor crampe îmi place să fiu fată."
legitim,"Abia aștept Cornwall. Sper că în seara asta nu este prea rea, dar este o rahat de noapte rock. Oricum, mă duc la un chip acum o noapte bună. Vorbește cu tine în curând."
legitim,"Vă rog, ajutați-mă să spun că aștept o baterie de la hont. Și dacă ar trebui să-mi trimiteți un mesaj despre cum să descărcați filme. Mulţumesc"
phishing,Vă rugăm să sunați gratuit pe Amanda cu privire la reînnoirea sau actualizarea telefonului dvs. actual T-Mobile. Oferta se încheie astăzi. Tel 0845 021 3680 sub rezerva T și C
legitim,"Nu ai găsit o modalitate de a obține o altă aplicație pentru telefonul tău, nu? Mergi la net cafe? Ai luat acel job? Geeee am nevoie de tine iubito. imi doresc sa te vad..."
legitim,"Lucrez doar de luni până joi, dar sâmbătă, nu pot leh... Rezervat Liao... În ce altă zi e liber?"
legitim,ÌÏ vin să ne aducă oredi...
legitim,Care este adresa bonicei?
phishing,"URGENT!! Vacanța dvs. de 4* Costa Del Sol sau 5000 GBP vă așteaptă colectarea. Sunați la 09050090044 acum pentru a revendica. SAE, TC s, POBox334, Stockport, SK38xh, Costå £1.50/pm, Max10mins"
legitim,Ai mâncat? La ce oră vrei să vin?
phishing,Vrei un telefon video nou? 750 oricând orice minute de rețea? Linie de închiriere la jumătate de preț text gratuit timp de 3 luni? Răspunde sau sună la 08000930705 pentru livrare gratuită
legitim,"Sună-mă când ai ocazia, un prieten de-al meu a vrut să te întreb despre o comandă mare"
legitim,"Ne luptăm cu acest singur răspuns? În plus, am spus că sunt stricat și nu mi-ai răspuns"
legitim,Cu siguranță pune lucrurile în perspectivă atunci când se întâmplă așa ceva
legitim,Acum ai tv 2 ma uit la mine? Nu lucrezi azi?
legitim,M-am simțit atât de... nu vreun motiv care să explice.. Ese el... Dar eu?
phishing,Ați avut mobilul de 11 luni sau mai mult? U R are dreptul de a actualiza gratuit la cele mai recente telefoane mobile color cu cameră! Sunați GRATUIT la The Mobile Update Co la 08002986030
legitim,Cum stă treaba? Ai planificate activități interesante de tip karaoke? Mă dezbat dacă să joc fotbal în această ajun. Te simți leneș totuși.
legitim,Am spus că vin miercuri.
legitim,"E ok, suna mama in schimb distreaza-te"
phishing,"Stimate deținător de voucher, Pentru a solicita oferta de săptămâna aceasta, accesați http://www.wtlp.co.uk/text pe computerul dvs. Se aplică T&C."
legitim,"Ei bine, dacă sunt atât de disperat, îl voi suna din nou pe Armand"
legitim,Ești la serviciu chiar acum?
phishing,Felicitari! Telefonul cu camera video Nokia 3650 este telefonul dvs. Apelați 09066382422 Costul apelurilor 150ppm Apelul mediu 3 minute variază față de telefoanele mobile 16+ Închide 300603 post BCM4284 Ldn WC1N3XX
legitim,"Nu am auzit nimic și nu îmi răspunde la mesaje, așa că bănuiesc că s-a fulgerat. Acestea fiind spuse, jb este fantastic"
legitim,"Mmmmmm... Te iubesc, atât de mult, Ahmad... Abia aștept să înceapă anul acesta, deoarece fiecare secundă mă apropie de a fi alături de tine. La multi ani, iubirea mea!!"
legitim,"Vă rog, care este numele complet al școlii de glumă, deoarece taxele de la Universitatea din Florida par să fie de fapt &lt;#&gt; k. Vă rugăm să vă întoarceți"
legitim,"Scuze, o să sun mai târziu"
legitim,Ok... Dar ei au spus că am molari de minte ascunși înăuntru și că poate ar trebui să îi scoți.
legitim,Și vă rugăm să beți multă apă
legitim,Ce mai faci. Cum e regina. Mergi la nunta regală
legitim,"E în întârziere. Aceasta este doar partea tristă, dar păstrăm legătura datorită Skype"
legitim,Ok atunci mergem împreună...
legitim,Două echipe așteaptă câțiva jucători
legitim,Îmi poate trimite o copie a raportului?
legitim,"Swhrt cum ești, sper că ești ok, tot despre tine 2 zile. Iubesc și domnișoară. Ai grijă."
legitim,"Ok, deja am planificat. te voi alege."
phishing,Urgent! Vă rugăm să sunați la 0906346330. ABTA gratuită 4* Vacanță spaniolă sau 10.000 GBP în numerar așteaptă colectarea T&C-uri SAE BOX 47 PO19 2EZ 150 ppm 18+
legitim,"Îmi pare rău, voi suna mai târziu în întâlnire"
legitim,Chiar am nevoie de rahat înainte de mâine și știu că nu te vei trezi înainte de 6
legitim,Sunt bine. Te-ai înscris pentru a vota?
legitim,"Hmm ok, voi sta cam o oră pentru că mă doare ochiul!"
legitim,Draga a luat autobuz direct la Calicut
legitim,Mm umma roagă-l și pe Vava să vină să-i spună că mai târziu se poate juca împreună
legitim,"Ei bine, pretul general este de &lt;#&gt; /oz, spune-mă dacă/când/cât vrei"
legitim,"Scuze, o să sun mai târziu"
legitim,"Fiecare moment dintr-o zi, are propria sa valoare-Dimineața aduce speranță, după-amiaza aduce credință, Seara aduce dragoste, Noaptea aduce odihnă, Doresc să le găsești pe toate astăzi. Bună dimineața"
legitim,&lt;#&gt;  w jetton ave dacă ai uitat
legitim,"Ok, vin acasă acum."
legitim,Nu se pot folosi timbre străine în această țară.
phishing,"Minute duble și txts 4 6 luni Bluetooth GRATUIT pe Orange. Disponibil pe telefoanele Sony, Nokia Motorola. Apelați MobileUpd8 la 08000839402 sau call2optout/N9DX"
legitim,"Îmi pare rău, sunt o mulțime de lucruri despre prietenul unui prieten, tocmai acum sunt pe cale să vorbesc cu tipul real care vrea să cumpere"
phishing,"GRATUIT pentru prima săptămână! Numărul 1 Nokia tone 4 dvs. în fiecare săptămână, trimiteți mesaje NOKIA la 8007. Primiți mesaje și spuneți-le colegilor www.getzed.co.uk POBox 36504 W45WQ norm150p/tone 16+"
phishing,"Doriți să vă puneți în funcțiune telefonul cu un răspuns săptămânal de ton nou TONES2U 2 acest text. www.ringtones.co.uk, cel mai bun n original. Tonuri Se aplică tarife de operator de rețea de 3 GBP"
phishing,"da, iubito, fă-mă excitat, *activează-mă! Trimite-mi fantezia ta acum iubito -) Sunt fierbinte, lipicios și am nevoie de tine acum. Toate răspunsurile costă 1,50 GBP. 2 anulare trimite STOP"
legitim,voi veni mâine di
legitim,"Actualizare Wylie: dealer-ul meu de iarbă, Carlos, a mers în libertate și a avut un curs cu lunsford"
legitim,Esti fericit copilas? esti bine? Ai luat acel job? Sper ca esti bine. Îți trimit un sărut ca să te fac să zâmbești de peste mare... *sărut* *pupic*
legitim,"Filmul C este o decizie de ultim moment, mah. Juz watch 2 lar but i tot Ì_ not interested."
legitim,Cum te bucuri de acest semestru? Ai grija frate.
phishing,INFORMAȚII IMPORTANTE 4 ORANGE UTILIZATOR 0796XXXXXX. ASTĂZI ESTE ZIUA VOSTRĂ FERICĂ!2 AFLĂ DE CE CONECTAȚI-VĂ LA http://www.urawinner.com VĂ AȘTEAPTĂ UN PREMIU FANTASTIC!
legitim,"Ia ușa, sunt aici"
legitim,"Să-l folosim săptămâna viitoare, prințesă :)"
legitim,Sau ma duc mai intai acasa lar Ì_ asteapta-ma lor.. Imi las lucrurile mai intai..
legitim,Vreau ca KFC să fie marți. Cumpărați doar 2 mese DOAR 2. Fără sos. Doar 2 Marci. 2!
legitim,Nu da:)el este prost da..intotdeauna trimite asa:)nu crede niciunul din acele mesaje.pandy este un mental:)
legitim,Oi când vei suna
phishing,"Alertă de apel pierdut. Aceste numere au sunat, dar nu au lăsat niciun mesaj. 07008009200"
legitim,Am participat dar nu e nimic.
legitim,"Ard 530 like dat lor. Ne întâlnim în stația mrt, apoi trebuie să ieșim."
legitim,Nu draga mea dormeam :-P
legitim,Er mw sunt plin tuth is aight
legitim,Va fi la birou în jurul orei 16. Acum merg la spital.
legitim,"De fapt, aștept 2 săptămâni când vor începe să pună reclame."
legitim,"Orice, dacă se duc cu toții, eu mă duc..."
legitim,Esti liber la ritualul sat? Vrei 2 să urmărești afacerile infernale cu mine n darren n mayb xy?
legitim,"Vă rugăm să rețineți: dacă cineva sună de la o companie mobilă &amp; vă cere să introduceți # &lt;#&gt;  sau # &lt;#&gt; . Nu face asta. Deconectați apelul, deoarece este o încercare de „terorism” de a folosi cartela SIM nr. Itz confirmat de nokia n motorola n a fost verificat de CNN IBN."
legitim,Esti prin preajma? Un prieten de-al meu caută să ia mai târziu în seara asta
legitim,Corectare automată proastă pe telefonul meu
legitim,Evacuare dublă săptămâna aceasta - Spiral și Michael și scăpare bună pentru ei!
legitim,\Lumea suferă mult... Nu din cauza violenței oamenilor răi. Dar din cauza tăcerii oamenilor buni!”
legitim,"Ok, e tare. Este, chiar lângă raglan rd sau Edward rd. În spatele terenului de cricket. Dă-mi să sune când ești aproape ne vedem marți."
legitim,"Cumpără-mi un ou, te rog:)"
legitim,Ai început în Skye
legitim,"Ai rezervat cabana? Și, de asemenea, timpul liber? apropo ce mai faci?"
legitim,"Și mai multe pentru dumneavoastră, domnule."
legitim,Chiar porc leh dormi atât de mult. Tatăl meu mă trezește la 10 smth 2 mănâncă prânzul azi.
legitim,sunt acasă. Vă rugăm să sunați
legitim,Draga mea... sper că nu faci nimic drastic. Nu îndrăzni să-ți vinzi computerul sau telefonul...
legitim,Acum doar am ajuns acasă. . . Sunt foarte obosit acum. . voi veni maine
phishing,"FREEMSG: Înregistrările noastre indică că este posibil să aveți dreptul la 3750 de lire sterline pentru accidentul pe care l-ați avut. Pentru a solicita un răspuns gratuit cu DA la acest mesaj. Pentru a renunța, trimiteți mesajul STOP"
phishing,"Puteți CÂȘTIGA å100 GBP de tichete cadou muzicale în fiecare săptămână, începând de ACUM Trimiteți cuvântul DRAW la 87066 TsCs www.Idew.com SkillGame, 1Winaweek, vârsta de 16 ani. 150 de permise Abonament"
legitim,Imbracaminte stil de viata cont nu va rog.
legitim,Lol wtf aleatoriu. Btw este că pauza ta de prânz
legitim,"Sez, ce mai faci, băiat arab? Sper că ești bine, dă dragostea mea 2 evry1 te iubesc eshxxxxxxxxxxx"
legitim,"MIRENUL! Doar pentru a vă anunța că ești dor și gândit. Să ai o zi grozavă. Și dacă îmi poți trimite numerele lui bimbo și ugo, aș aprecia. Seif"
legitim,Detroit. Casa zăpezii. Bucură de ea.
phishing,Arată-ți culorile! Oferta Euro 2004 2-4-1! Obțineți un ton de steagul Angliei și 3Lions pe telefonul dvs.! Faceți clic pe următorul mesaj de service pentru informații!
legitim,Okie...
legitim,"Ok, stau în camera unui prieten, așa că trimite-mi mesaj când ești pe drum"
legitim,Este toshiba portege m100 gd?
legitim,"Ei bine, welp este un fel de lucru pe internet semiobscur"
phishing,Trimiteți mesajul PASS la 69669 pentru a vă colecta tonurile de apel polifonice. Se aplică numai taxele normale de gprs. Bucură-te de tonurile tale
phishing,"în consecinţă. Repet, doar trimite mesajul ok pe telefonul tău mobil și trimite"
legitim,Loosu du-te la spital. Nu-l lăsa neglijent.
legitim,Cât de mult pentru o optime?
legitim,Omg Joanna mă sperie. S-a uitat prin toți prietenii mei pentru a găsi fotografii cu mine. Și apoi întreabă despre lucruri de pe MySpace la care nici măcar nu m-am conectat de un an. :/
legitim,"Trimiteți data nașterii cu luna și anul, vă voi spune numele PARTENERULUI DE VIAȚĂ. si metoda de calcul. Răspunsul trebuie."
legitim,"Juz acum nu s-a trezit atât de puțin neclară... Se poate? Tata a ieșit Liao... Nu pot să cum acum, oso..."
legitim,"Ce zici de haine, bijuterii și excursii?"
phishing,Block Breaker vine acum în format deluxe cu funcții noi și grafică excelentă de la T-Mobile. Cumpărați cu doar 5 GBP răspunzând GET BBDELUXE și acceptați provocarea
legitim,Aah! O îmbrățișare ar fi luxuriantă! Aș avea nevoie de mult ceai și supă înainte de orice fel de bâjbâială!
phishing,informații importante 4 utilizator portocaliu . astăzi este ziua ta norocoasă! 2aflați de ce vă conectați la http://www.urawinner.com VĂ AȘTEAPTĂ O SURPRIZĂ FANTASTICĂ!
legitim,am întârziat. Voi fi acolo la
legitim,Sad story of a Man - Săptămâna trecută a fost ziua mea. Soția mea nu mi-a dorit. Părinții mei au uitat și copiii mei au uitat. M-am dus la muncă. Nici măcar colegii mei nu și-au dorit.
legitim,Ai planuri cu familia ta în piatră?
legitim,Vă rugăm să nu uitați să studiați
legitim,"Nu o să crezi niciodată asta, dar de fapt am coborât la Taunton. Wow"
legitim,"Numai zilele lucrătoare au un preț special... Haiz... Nu pot mânca Liao... Tai unghiile oso muz aștept până termin drivin wat, prânzul încă muz eat wat..."
legitim,Tocmai a defalcat o listă de motive pentru care nimeni nu este în oraș și nu pot spune dacă este sarcastică sau doar faggy
legitim,"&lt;DECIMAL&gt; m, dar nu este o mașină obișnuită aici, așa că este mai bine să cumpărați din China sau Asia. Sau dacă mi se pare mai puțin costisitor. Voi hola"
legitim,Cel mai mare test de curaj de pe pământ este să suporti înfrângerea fără să-ți pierzi inima....gn tc
legitim,"Îmi pare rău, sunt încă futuit după ce ultima noapte m-am culcat la 430, m-am trezit 4 la 630."
legitim,"Hei, deci care este planul asta?"
legitim,Somnul de frumusețe vă poate ajuta și coșurile.
legitim,"Mare. Sper că îți folosești conexiunile de la mode men, pentru că nu poți ști niciodată de ce prietenii vechi te pot conduce la astăzi"
phishing,Natalja (25/F) te invită să-i fii prietenă. Răspunde DA-440 sau NU-440 Vezi ea: www.SMS.ac/u/nat27081980 STOP? Trimiteți STOP FRND la 62468
legitim,De unde să le iei?
legitim,"Cam. Tocmai am ratat trenul din cauza atacului de astm, urmează o oră în jumătate, așa că conduc. Nu știu unde să parchez."
legitim,Mingea se mișcă mult.se va învârti în ultimul :)deci foarte greu de bătut:)
legitim,Haiyoh... Poate hamsterul tău a fost gelos pe milioane
legitim,Poți te rog să-mi trimiți numărul mătușii mele
legitim,Mă bucur. Îți urmezi visele.
legitim,am ajuns acasa in sfarsit...
phishing,"URGENT. Informații importante pentru utilizatorul 02. Astăzi este ziua ta norocoasă! 2 afla de ce, conectează-te pe http://www.urawinner.com, te așteaptă o surpriză fantastică!"
phishing,"CÂŞTIGĂTOR!! În calitate de client valoros al rețelei, ați fost selectat să primiți o recompensă de 900 GBP! Pentru revendicare sunati la 09061701461. Cod de revendicare KL341. Valabil doar 12 ore."
legitim,"Dacă ești rănit de d prsn cine este aproape de 2 u, lupta cu dem. Pentru că uneori lupta salvează o relație, dar a fi liniștit nu lasă nimic într-o relație.. Gud eveB-)"
legitim,Poti suna acum...
legitim,"Știința spune că ciocolata se va topi sub lumina soarelui. Vă rugăm să nu mergeți sub lumina soarelui. BCoz, nu vreau să pierd un prieten dulce."
legitim,Da. Vin la nyc pentru audiții și încerc să mă mut.
legitim,Te-am băgat acolo sus înainte
legitim,"Felicitari. Grozav. Am vrut să-ți spun să nu-mi spui scorul tău pentru că s-ar putea să mă relaxeze. Dar mă motivează, așa că mulțumesc pentru împărtășire"
legitim,Nu mă deranjează dacă nu îți este dor de mine sau dacă nu ai nevoie de mine.. Dar chiar mă vei răni dacă ai nevoie de mine &amp; nu-mi spune... Ai grija :-)
legitim,"Hei, domnule, cum se numește cărțile Bill Brison despre limbă și cuvinte"
legitim,"Bine, bine, nicio problemă, și mulțumesc!"
legitim,"Pentru informațiile dvs., IKEA este scris cu majuscule. Asta nu înseamnă țipete. când ai crezut că te-am părăsit, stăteai pe pat printre mizerii când am intrat. Am spus că mergem după ce ai ajuns acasă de la clasă. te rog nu incerca sa ma prosti. Mă face să vreau să te ascult mai puțin."
legitim,Sună-mă când ai terminat...
legitim,G.W.R
legitim,Cel mai bine ai grijă ce spui pentru că mă îmbăt ca un nenorocit
phishing,Kit Strip - ați fost facturat cu 150p. Netcollex Ltd. PO Box 1013 IG11 OJA
phishing,SPECIAL BONUS HMV 500 de lire de tichete HMV autentice de câștigat. Doar răspunde la 4 întrebări simple. Joacă acum! Trimiteți HMV la 86688 Mai multe informații: www.100percent-real.com
phishing,Vă rugăm să SUNAȚI imediat 08712402578 deoarece vă așteaptă un mesaj urgent
phishing,thesmszone.com vă permite să trimiteți mesaje anonime și mascate gratuite..trimit acest mesaj de acolo..vezi potențialul de abuz???
phishing,"BINE FĂCUT! Vacanța dvs. de 4* Costa Del Sol sau 5000 GBP vă așteaptă colectarea. Sunați la 09050090044 acum pentru a revendica. SAE, TCs, POBox334, Stockport, SK38xh, Costå £1.50/pm, Max10mins"
legitim,"Rănește-mă... Tachinează-mă... Fă-mă să plâng... Dar, la sfârșitul vieții mele, când voi muri, ține un trandafir pe mormânt și spune PROST MI-MI DORU... O ZI FRUȚA BSLVYL"
legitim,"Em... Woodland Avenue undeva. Primești revista parohială, numărul lui de telefon va fi acolo."
legitim,"Există locuri de muncă TA disponibile? Anunță-mă, te rog, pentru că chiar trebuie să încep să lucrez"
legitim,"Aiyar hard 2 tip. Mai târziu, eliberează-te, apoi spune-mi apoi sun, certa și spun."
legitim,"Da, sunt liber..."
legitim,"Bine bine, Billy colegele au dispărut. Tocmai am făcut jogging, din nou! Ti-a placut concertul?"
legitim,"Vino, Carlos va fi aici în curând"
legitim,"Awww, e dulce! Ne putem gândi la ceva de făcut he he! Distracție plăcută în seara asta, probabil că vă voi transmite mai târziu pentru că sunt singur :( xxx."
legitim,Cred că este inutil să te numesc ceva important.
legitim,"Ha, ha - a apărut la toaletă când m-ai salutat. Buna ziua!"
legitim,Nu spune nimic. Este supărat pe mine de ce i-ai spus lui abi.
phishing,Cineva pe care îl cunoști a cerut serviciului nostru de întâlniri 2 să te contacteze! Nu pot ghici cine? Sunați la 09058091854 ACUM toate vor fi dezvăluite. PO BOX385 M6 6WU
legitim,"Se întâmplă că există 2 ceară pentru a face ceea ce doriți. Poate să vină și să-și ia asigurarea medicală. Și va putea naște și va avea îngrijire de bază. În prezent, caut asigurarea medicală potrivită pentru ea. Așa că lasă-mă până vineri dimineață. Atunci voi vedea persoana principală care mă poate ghida către asigurarea potrivită."
legitim,Tin zece r-uri in raft:) cumpara doua oua.
legitim,"Nu eram bine iubito, am glandele umflate la gat... Ce ai facut?"
legitim,Raportul dvs. de modificări 2 da este mare? Pentru că am făcut deja modificări 2 da raportul anterior.
legitim,Căpitanul este în camera noastră :)
legitim,"Nu pot vorbi, bcaz mobile au probleme. Te pot asculta, dar tu nu-mi poți asculta vocea. Așa că te sun mai târziu."
legitim,HIYA STU WOT U UP 2.Sunt atât de multe probleme la domiciliu MOMENT EVONE ME URĂȘTE CHIAR U! Ce naiba am făcut acum? Vrei să-mi spui doar TEXT BCK TE ROG LUV DAN
legitim,Eu voi lua doar jucători mokka:)
legitim,Încă te joci cu Gautham?
legitim,"Hei domnule și cu mine mergem la vedere la mare și având câțiva gay, mă refer la jocuri! Dă-mi un sonerie când termini"
legitim,"K, Jason spune că va fi prin preajmă, așa că voi fi acolo sus în jurul &lt;#&gt;"
legitim,scuze . Voi putea ajunge la tine. Ne vedem dimineața.
legitim,Bine tine-ma la curent
legitim,"Nu am numărul ei, domnule"
legitim,Caut doar un bun pa mobil dual sim.
legitim,Asta pare inutil de ostil
legitim,Tipul s-a tuns. Acum e vântul acolo sus
phishing,"Felicitari! 2 videofoane mobile 3G sunt ale dvs. sunați la 09061744553 acum! videochat cu prietenii, jucați jocuri java, descărcați muzică polyH, închiriați noline. bx420. ip4. 5 noi. ora 150"
legitim,1Apple/Day=Fără doctor. 1Tulsi Leaf/Zi=Fără cancer. 1Lămâie/zi=Fără grăsime. 1 cană lapte/zi=fără probleme osoase 3 litri apă/zi=fără boli și 2 cui vă pasă...:-)
legitim,Am crezut că facem o chestie de regele dealului acolo.
legitim,"Nu, voi intra acum online..."
legitim,SPUNE-I ȘI ȘI ȘI C-AM SPUS LA MULȚI ANI
legitim,Y bishan lei... I tot Ì_ say lavender?
legitim,Boo la ce oră ieși? Trebuia să mă duci la cumpărături azi. :(
legitim,"Acum sună ca Many Scouse Boy Steve, ca! Călătoresc cu autobuzul spre casă. Ai în vedere 4 dis eve de recreere?"
legitim,"Pentru că fac un duș rapid, fii la epsilon ca &lt;#&gt;  min"
legitim,într-o seară de marți r u 4 real
legitim,Da când apare din nou aplicația?
legitim,"Tocmai am ieșit din clasă, o să merg la sală."
legitim,Vreau să trimit &lt;#&gt; mesaje azi. Asta e y. Scuze daca ma doare
legitim,ÌÏ toate scriu sau vezi..
legitim,Ha! Nu aș spune că pur și simplu nu am citit nimic în felul în care ai părut. Nu-mi place să judeci.... o păstrez pentru vineri în cârciumă!
legitim,"Este un joc de Valentine. . . trimite un mesaj tuturor prietenilor tăi. . Dacă 5 răspunsuri sunt aceleași, atunci cineva te iubește cu adevărat. . Întrebare- ce culoare mi se potrivește cel mai bine?"
legitim,Bună:)ai cerut să-i spui pe Fathima despre concediu?
legitim,Distrează-te tmr...
legitim,Mai ești prin preajmă? Aș putea folosi o jumătate de 8
phishing,U 447801259231 au un admirator secret care caută 2 ia contact cu U-aflați pe cine R*dezvăluie cine crede că UR este atât de special-sunați la 09058094597
legitim,Ne dai înapoi dovada mea de identitate și &lt;#&gt;  rs. Nu vă vom permite să lucrați. Vom veni la tine acasă în câteva zile
legitim,ÌÏ bot note oredi... Pentru că i juz rem i got...
legitim,"Da. Chiria este foarte scumpă, așa că este modul în care economisim."
legitim,"Noaptea s-a terminat pentru încă o zi, dimineața a venit într-un mod special. Fie ca tu să zâmbești ca razele de soare și să-ți lași grijile în golful albastru și albastru. Gud mrng"
legitim,Cum e durerea dragă? zâmbești?
legitim,"Fapt distractiv: deși ai crede că Armand va dezvolta în cele din urmă o toleranță sau niște prostii având în vedere cât de mult fumează, el se încurcă în 2 lovituri."
phishing,informații importante 4 utilizator portocaliu 0789xxxxxxx. astăzi este ziua ta norocoasă! 2aflați de ce vă conectați la http://www.urawinner.com VĂ AȘTEAPTĂ O SURPRIZĂ FANTASTICĂ!
legitim,"Scuze, nu te pot ajuta cu asta."
legitim,Mare. Deci ar trebui să vă trimit numărul meu de cont.
legitim,"BUNA, CUM? TELEFONUL MEU A FOST ÎNCĂRCAT LST NITW WEN M-AM TEXED. SPER O SĂPTĂMÂNĂ FRUMOSĂ, SUNT SIGUR CĂ ȚI-AȚ UITĂT 4WARD 2 C-IN U 2MRW LUV JAZ"
phishing,"Serviciul nostru de întâlniri a fost rugat să vă contacteze de către cineva timid! Sunați la 09058091870 ACUM toate vor fi dezvăluite. POBox84, M26 3UZ 150p"
legitim,ÌÏ trimite-mi doar pagina de conținut...
legitim,"Noapte dulce, dormi bine! Tocmai am fost să văd Exorcismul lui Emily Rose și s-ar putea să nu mai dorm niciodată! Îmbrățișări și snogs!"
legitim,"Nu te gândi la \Ce ai\"" Gândește-te la \""Cum să-l folosești că ai\"" bun ni8"""
legitim,"Nu pot corecta secunda asta, trebuie să lovesc oamenii mai întâi"
legitim,"Orice emoție nu are cuvinte. Fiecare dorință nu are rugăciuni.. Dacă zâmbești, D Lumea este cu u. În caz contrar, nici picătură de lacrimă nu-i place 2 Stai cu tine. Așa că fericit.. Bună dimineața, continuă să zâmbești:-)"
legitim,Deci ce zici de tine. Ce-ți amintești
legitim,Ujhhhhhhh computerul a fost expediat cu adresa către Sandiago și Parantella Lane. Wtf. Caca.
legitim,Mm da dragă uite cum te îmbrățișez pe amândoi. :-P
legitim,"Îmi place acest pulover de mango, dar nu mai mult dimensiunea mea deja atât de iritant."
legitim,1 nu am numărul ei și 2 va fi o durere masivă în fund și aș prefera să nu mă implic dacă este posibil.
legitim,Oricând lor...
phishing,Doriți un telefon video nou? 750 oricând orice minute de rețea? TEXT NELIMITAT? Cameră video? Răspunde sau Sună acum 08000930705 pentru del Sat AM
legitim,Puritatea prieteniei între doi nu înseamnă să zâmbești după ce ai citit mesajul transmis.. Este despre a zâmbi doar văzând numele. Gud evng
phishing,"Soldul dvs. este acum de 600 GBP. Următoarea întrebare: Completează reperul, Big, A. Bob, B. Barry sau C. Ben ?. Trimiteți mesajul A, B sau C la 83738. Mult succes!"
legitim,Eu sunt bine..absolut bine
legitim,K și ești sigur că nu trebuie să am formulare de consimțământ ca să o fac :V
phishing,"Abonamentul TONEXS a fost reînnoit și ați fost taxat cu 4,50 GBP. Puteți alege încă 10 polietilene luna aceasta. www.clubzed.co.uk *MSG FACTURARE*"
phishing,"Dacă nu o faci, premiul tău va merge către alt client. T&C la www.t-c.biz 18+ 150p/min Polo Ltd Suite 373 Londra W1J 6HL Vă rugăm să sunați înapoi dacă sunteți ocupat"
legitim,Cât costă lanterna în 9ja.
legitim,"Nu faci nimic, atunci nu iei cina cu noi?"
legitim,Ce mai faci. Doar vă verific
legitim,"Gata, dar conexiunea la internet este lentă și nu o pot trimite. Voi încerca din nou mai târziu sau la primul lucru."
legitim,Mathews sau tait sau Edwards sau Anderson
legitim,"Da, sigur că mate Haunt mi-a ordonat toate lucrurile, dar oricum voi suna promovarea hex pentru. Apropo, cine este acesta? nu stiu numarul. Glumă"
legitim,Nu e nevoie de la motor? Pentru că sora mea la arte azi...
legitim,"Mulțumesc dragă, dar încă nu am auzit nimic, o voi lăsa un pic mai mult, așa că nu-l aglomerați și voi încerca mai târziu - un sfat grozav, mulțumesc, sper că cardiff este încă acolo!"
phishing,Vrei un nou telefon color Nokia 3510i livrat mâine? Cu 200 de minute GRATUITE către orice mobil + 100 de text GRATUIT + Cameră video GRATUITĂ Răspunde sau Sună la 8000930705
legitim,", im .. În călătoria cu snowboarding. Mă întrebam dacă plănuiești să-i strângi pe toți înainte să plecăm... o relație de întâlnire? Noroc,"
legitim,Eu il urmaresc in direct...
legitim,"ne vedem atunci, suntem cu toții de Crăciun aici!"
legitim,"K Sunt gata, &lt;#&gt; ?"
legitim,"Știi de ce Dumnezeu a creat un spațiu între degete? Așa că, Cel care este făcut pentru tine vine &amp; umple acele goluri ținându-ți de mână cu IUBIRE..!"
legitim,Cel mai mare test de curaj de pe pământ este să suporti înfrângerea fără să-ți pierzi inima....gn tc
legitim,care sunt planurile tale de noul an?
phishing,RECPT 1/3. Ați comandat un ton de apel. Comanda dvs. este în curs de procesare...
legitim,Baaaaaaaabe! Trezeşte-te ! Mi-e dor de tine ! te poftesc! Am nevoie de tine!
legitim,"Tocmai am primit acest mesaj, fără să te ignor. Da, am fost. Cumpărături, adică"
legitim,"Dragă:-/ de ce te simți mai bine. Nu pot conduce, așa că frate să conduc"
legitim,Când s-a întors tata.
legitim,"Îi poți spune lui Shola să meargă la facultatea de medicină și să viziteze departamentul academic, să-i spui secretarului universitar care este situația actuală și să o întrebi dacă se poate transfera acolo. Ar trebui să ceară pe cineva să verifice Sagamu pentru același lucru și lautech. Este vital să-și finalizeze educația medicală în Nigeria. Este mai puțin costisitor, mult mai puțin costisitor. Dacă nu va primi tarife pentru cetățeni în Noua Zeelandă."
legitim,"Da, tocmai am terminat de vizionat zile din viața noastră. Îmi place."
legitim,Juz go google n search 4 qet...
legitim,De multe ori îi pierdem pe cei mai buni pentru că suntem
legitim,"PRIETENII BUNII ÎN Păsă unii de alții.. Prietenii Apropiați SE ÎNȚEAGĂ unii pe Alții... și Prietenii Adevarati RĂmân pentru totdeauna dincolo de cuvinte, dincolo de timp. Gud ni8"
legitim,Tocmai mă întorc acasă
legitim,"Ne pare rău, voi suna mai târziu &lt;#&gt; min"
legitim,Trebuie să folosești dial up juz open da browser n surf...
phishing,"Ca unul dintre abonații noștri înregistrați, puteți participa la extragerea 4 la 100 G.B. voucher cadou răspunzând cu ENTER. Pentru a vă dezabona, trimiteți mesajul STOP"
legitim,"Minunat, plănuiește să ajungi aici oricând după like &lt;#&gt; , vă voi trimite un mesaj cu detalii într-un pic"
legitim,"Ai grijă și dormi bine.Trebuie să înveți să te schimbi în viață.Trebuie doar să te convingi de asta.Voi aștepta, dar nu vor mai avea conversații între noi.Fă-ți convins până la acel moment.Familia ta s-a terminat pentru tine în multe privințe.Respectă-le, dar nu prea accentuezi.sau nu ai niciun rol în viața mea."
phishing,"Pentru șansa dvs. de a CÂȘTIGĂ un set cu cască Bluetooth GRATUIT, atunci pur și simplu răspundeți înapoi cu \ADP\"""""
legitim,Nici tu nu ai primit na hi hi hi hi hi
legitim,"Da, dar nu poate afișa submarine interne, așa că trebuie să le extrag"
legitim,Daca am spus ceva gresit imi cer scuze :-)
legitim,Sad story of a Man - Săptămâna trecută a fost ziua mea. Soția mea nu mi-a dorit. Părinții mei au uitat și copiii mei au uitat. M-am dus la muncă. Nici măcar colegii mei nu și-au dorit.
legitim,"Ce prost să spui că îl provoc pe Dumnezeu. Nu te gândești deloc la ceea ce scriu, ci răspunzi imediat."
legitim,"Da, ar trebui să pot, îți voi trimite mesaj când sunt gata să mă întâlnesc"
legitim,V skint too but facied few bevies.waz gona goa meet &othrs in spoon but jst bin watchng planet earth&sofa is v comfey; Dacă nu fac să aibă gd noapte
legitim,"spune că renunță de cel puțin 5 ori pe zi, așa că nu țin cont de asta. Nu, nu o deranja. O să-l mai vezi? Vrei să vii la Taunton în seara asta? Îmi poți spune totul despre!"
legitim,"Când ești liber, sună-mă"
legitim,Cum au fost dragii tăi până acum săptămâna asta? Ai nevoie de o cafea? Nu-mi vine să cred că este deja acea perioadă a săptămânii Û_
legitim,"Ok, iti trimit mesajul b4 ies din casa mea."
legitim,Încă pe coasta de vest... Haiz... ÌÏ va dura o veșnicie să se întoarcă...
legitim,MMM... La naiba... Crăciun fericit pentru mine
legitim,bine. Multumesc pentru sfat. Bucură-te de noaptea ta. O sa incerc sa dorm putin...
legitim,Actualizați-vă frecvent starea face book :)
legitim,Tocmai acum am văzut mesajul tău.it k da:)
legitim,A fost ceva ce ai mâncat?
legitim,Deci ce a spus banca despre bani?
legitim,Aiyar dun disturb u Liao... Vă mulțumim că aveți o mulțime de 2 să vină după dulapul ur...
legitim,"Hei, nu se uită la film în seara asta, așa că voi încerca să ajung acasă mai devreme..."
legitim,Yar lor... Cum nu? Ai folosit și tu ruta?
legitim,2mro nu vin la sala de sport Machan. Noapte bună.
legitim,Nu credeți că aveți nevoie de cartonaș galben pentru călătoria în Marea Britanie. Întrebați pe cineva care a mai plecat. Dacă faci doar &lt;#&gt; dolari
legitim,Poți să mă uiți 4 în lib. Am lucruri care nu s-au terminat încă.
legitim,Sună grozav! Mă duc să dorm acum. Noapte bună!
phishing,Nu b floppy... b snappy & happy! Numai serviciul de chat gay cu încărcare de fotografii sunați la 08718730666 (10p/min). 2 opriți mesajele noastre sunați la 08712460324
legitim,"House-Maid este criminalul, pentru că bărbatul a fost ucis pe &lt;#&gt; Ianuarie.. Ca sărbătoare legală, toate instituțiile guvernamentale sunt închise, inclusiv oficiul poștal.. înțelegi?"
legitim,Cum de nu ai ce face?
legitim,Nimic nu va fi niciodată ușor. Dar nu căuta un motiv pentru a nu-ți asuma riscuri asupra vieții și dragostei
legitim,Vreau sa-ti prind prada frumoasa :)
legitim,M-am rezumat la un ceai. nu sunt sigur ce aromă
legitim,Mă duc la 2 livadă acum și ajung în curând. Ajungi?
legitim,"Dragă, nu neg cuvintele tale, te rog"
legitim,Știi bătrânul meu Dom despre care ți-am spus ieri? Numele lui este Roger? A luat legătura cu mine aseară și vrea să mă întâlnesc cu el azi la 14.00
legitim,REVENI LA ​​TAMPA FFFFUUUUUUU
legitim,"2 sărbătoresc ziua mea de naștere, și altceva?"
legitim,"Crăciun fericit și ție, Annie!"
legitim,Te rog spune-mi că ai ceva din stocul special despre care vorbeai
legitim,le-am trimis. iti place?
phishing,"Urgent UR a acordat o călătorie gratuită la EuroDisinc Trav, Aco&Entry41 sau 1000 £. Pentru a revendica txt DIS la 87121 18+6*å1,50 GBP(mai multFrmMob. ShrAcomOrSglSuplt)10, LS1 3AJ"
legitim,"Minunat, fii acolo într-un minut"
legitim,"Și asta este problema. Te plimbi în \julianaland\"" fără să știi ce se întâmplă în jurul tău. Eu spun aceleași lucruri în mod constant și ele intră într-o ureche și ies pe cealaltă, în timp ce tu pleci să faci tot ce vrei să faci. Nu este că nu știi de ce sunt supărat - ci că nu asculți când îți spun CE o să mă superi când vrei să fii supărat."""
legitim,Ți-am spus că totul se va opri. Doar nu o lăsa să se deshidrateze.
legitim,Sau presupun că &lt;#&gt;  min
legitim,Sunt acasă. La ce oră vei ajunge?
legitim,"Mesaj de furtună: Când ridicați telefonul, spuneți \HELLO\"" Știți ce înseamnă adevăratul cuvânt al lui HELLO?? . . . Este numele unei fete...! . . . Da .. Și știți cine este acea fată?? \""Margaret Hello\"" Ea este o fată a lui Grahmbell. Cine poate suna... 4get d numele unei persoane"
legitim,"Dacă doriți să o căutați pe mapa sau ceva, căutați \usf drivewood dog\"""
legitim,"Bine, ar trebui să plănuiesc să vin mai târziu în seara asta?"
legitim,"Die... Am șters accidental mesajul, presupun că am pus 2 în arhiva e sim. Haiz... Sunt atât de trist..."
phishing,"Bine ați venit la UK-mobile-date, acest mesaj este GRATUIT, oferindu-vă apeluri gratuite la 08719839835. Următoarele mesaje sunt facturate la 150p zilnic. Pentru a anula trimiteți \go stop\"" la 89123"""
legitim,"Aceasta vă urez o zi minunată. Moji mi-a spus despre oferta ta și, ca întotdeauna, am rămas fără cuvinte. Vă oferi atât de ușor să faceți tot posibilul în numele meu și este uimitor. Examenul meu este vinerea viitoare. După aceea voi păstra legătura mai mult. Îmi pare rău."
legitim,"Vă mulțumesc din nou pentru răspunsul dvs. astăzi. Când vine viza. Și încă mai cumperi gucci și genți. Lucrurile surorii mele nu sunt ușoare, unchiul John are și propriile lui facturi, așa că chiar trebuie să mă gândesc cum să-mi fac banii. Mai târziu sha."
legitim,"Îmi pare rău că m-am descurcat aseară, s-a mers serios cu colegul meu de cameră, ce faci în seara asta?"
legitim,A spus că arăt drăguță cu părul lung. Dar cred că mă taie destul de scurt.
legitim,Ranjith cal drpd Deeraj si deepak 5min hold
legitim,"\CHEERS FOR CALLIN BABE.SOZI CULDNT TALKBUT VREAU SA VA SPUN DETALII MAI TARZI WENWECAN CHAT CORRECT X\"""""
legitim,"Hei, mai esti la sala?"
legitim,"Ea a spus: „Te superi dacă intru un minut în dormitor? '' ''OK'', am sedat într-o dispoziție sexy. Ea a ieșit 5 minute mai târziu cu o prăjitură...n Soția mea,"
legitim,Mult mai bine acum multumesc lol
legitim,"Nimic, smsing u n xy lor. Îmi pare rău, băieți, dar nu vă cunosc în persoană. Așa că vrei 2 să-i întâlnești și întreabă-mă 2 să te aduci cu tine 4 următoarea noastră întâlnire."
legitim,"Să știu când pot trece și ridic, practic sunt liber oricând după 1 în tot acest semestru"
legitim,Wa... Ești atât de eficient... Vai... Mulțumesc...
phishing,3. Ați primit conținutul dvs. mobil. Bucurați-vă
legitim,S dar nu pot dormi.
phishing,Vrei SEX explicit în 30 de secunde? Sună acum la 02073162414! Costă 20p/min
legitim,Ne vom întâlni în curând prințesa! TTYL!
legitim,Te iau pe la 17.15 pentru a merge la Taunton dacă tot vrei să vii.
legitim,Oh :-)doar 4 jucători din afară au voie să joace știu
legitim,Eu orice lor.
legitim,Erutupalam thandiyachu
legitim,"Nu poți încerca o nouă invenție pentru a zbura... nu glumesc.,"
legitim,Nu... este plin de versuri melodii..
legitim,"Ce considerați că este nevoie 2 aranjați transportul dacă nu puteți face acest lucru, mulțumesc"
legitim,Iubirea adevărată nu va rămâne niciodată nerecunoscută. deși cineva face adesea greșeli când îl evaluează. dar cu siguranță vor înțelege o dată când vor începe să-l lipsească.
legitim,Cumpărături? Eh ger i toking abt syd leh... Haha
legitim,Ce nu înțeleg.
legitim,sa ai * un weekend bun.
legitim,Miss call miss call khelate kintu adversar miss call dhorte lage. Asta e regula. Câștigă unul cu o calitate excelentă a recepției de telefon.
legitim,"Sună-mă când ai ocazia, te rog &lt;3"
legitim,Noul joc Deus ex va veni la începutul anului viitor
legitim,Computerul meu tocmai a prăjit singura parte esențială de care nu o păstrăm de rezervă pentru că nenorociții mei colegi de cameră idioți au lăsat chestia să funcționeze complet &lt;#&gt; /7
legitim,"Prietena mea, ea studiază la Warwick, am plănuit să mergem la cumpărături și la un concert tmw, dar s-ar putea să fie anulat, nu l-am văzut de mulți ani, da ar trebui să ne întâlnim cândva!"
legitim,Probabil câteva ore maxime
legitim,"LOL .. *rânjește* .. Nu sunt iubito, dar mulțumesc că te-ai gândit la mine!"
legitim,"Omule, acest autobuz este atât de lent. Cred că vei ajunge acolo înaintea mea"
legitim,"Sper că acest text vă va întâlni zâmbind. Dacă nu, atunci lăsați acest text să vă ofere un motiv să zâmbiți. Sa ai o zi frumoasa."
legitim,"În cazul în care te trezești întrebându-te unde sunt, am uitat că trebuie să am grijă de ceva pentru bunica azi, ar trebui făcut înainte de paradă"
legitim,Bine
phishing,"Cel mai recent Nokia Mobile sau iPod MP3 Player + å400 GBP GARANTAT! Răspunde cu: Câștigă la 83355 acum! Norcorp Ltd.å1,50 GBP/Mtmsgrcvd18+"
phishing,"SERVICII SMS. pentru creditele dvs. text inclusive, vă rugăm să accesați www.comuk.net login= 3qxj9 dezabonați-vă cu STOP, fără costuri suplimentare. ajutor 08702840625.COMUK. 220-CM2 9AE"
legitim,Nvm ia-ți timp.
legitim,Deci care este decizia?
legitim,Ce faci tu 2 atunci cățea?
legitim,Prost.nu este posibil
legitim,Ea i-a spus lui hr că vrea să posteze în Chennai:)pentru că lucrez aici:)
phishing,Clubul mobil: alegeți oricare dintre articolele de cea mai bună calitate pentru mobilul dvs. 7cfca1a
legitim,Când plecați băieți?
legitim,"El nu mormăi, dar sunt trist lor... Hee... Cumpără tmr pentru prânzul din spate. Dar încă ne întâlnim în 4 lunch tmr a not. Neva auzi fr lor lei. ÌÏ ai mult de lucru ar?"
legitim,Nu pot face nimic.
legitim,ÌÏ luați astăzi algebră liniară?
legitim,Weekendul acesta este bine (o scuză pentru a nu face prea mult decor)
legitim,"Îmi pare rău că mi-ai fost dor de tine, iubito. M-am trezit târziu și am dormit. Sper să-ți placă lecția de conducere, băiete. Și mie mi-e dor de tine... *sărut tachinat*"
legitim,Acum proiectul pa. După aceea pot veni doar eu.
phishing,"Banii pe care i-am câștigat numărul câștigător 946, ce fac în continuare"
legitim,"Sigur, ori de câte ori arăți naiba &gt;:("
legitim,A fost întâmplător să-mi văd vechiul coleg de cameră în campus. A absolvit
phishing,"Felicitari! 2 videofoane mobile 3G sunt ale dvs. sunați la 09061744553 acum! videochat cu prietenii, jucați jocuri java, descărcați muzică polyH, închiriați noline. bx420. ip4. 5 noi. ora 150"
legitim,"Bărbații au întotdeauna nevoie de o soție frumoasă, inteligentă, grijulie, iubitoare, adaptabilă și cooperantă. Dar legea permite o singură soție...."
legitim,"Asta e nasol. Deci, ce ai plănuit pentru Valentine? Eu sunt Valentine-ul tău, nu-i așa?"
legitim,"Tocmai am primit o parte Nottingham - 3 ore 63 de mile. Bine că îmi iubesc atât de mult bărbatul, dar fac doar 40 mph. Hei ho"
legitim,"Ce să cred că nimeni nu spune clar. Ok, nu trebuie să o întrebi. Mă duc dacă vine sau nu"
legitim,Buna dimineata.. Multumesc iti doresc la fel..
legitim,VREȚI 2 MEET UP 2MORRO
legitim,"De fapt, am decis că mi-e prea foame, așa că nu am plecat încă :V"
legitim,Am trimis Ì_ partea mea..
legitim,"Pentru că eram la cumpărături de Darren, acum l-am sunat 2 întreabă ce prezenta vrea. Apoi a început să ghicească cine sunt eu dacă în cele din urmă l-a ghicit pe Darren Lor."
phishing,"Vreau niște cocoș! Soțul meu e plecat, am nevoie de un bărbat adevărat 2 să mă satisfacă. Trimiteți un mesaj text la WIFE la 89938 pentru acțiune fără șiruri. (Txt STOP 2 final, txt rec å1,50 GBP ea. OTBox 731 LA1 7WS. )"
legitim,Înţelege. pierderea lui este câștigul meu :) deci lucrezi? Şcoală?
legitim,CE MAI FACI? MI-A RUT! NU M-AM PICIT DE VACANȚĂ DE VACANȚĂ 2 GO BAK 2 COLLEGE! TRIST NU ESTE? xx
legitim,"Salut, probabil că revin acasă * după weekendul următor"
legitim,Nu uita totusi ca te iubesc.... Si merg langa tine. Vezi asupra ta și păstrându-ți inima caldă.
legitim,Mi-aș dori ca lucrurile să fie altfel. Mă întreb când voi putea să-ți arăt cât de mult te prețuiesc. Vă rugăm să continuați plimbările rapide fără droguri fără să mă întrebați și să găsiți lucruri de care să râd. te iubesc cu drag.
legitim,"Ok ambele zile. Deci, ce faci pentru cina tonite? Sunt invitat?"
phishing,Serviciu nou Gr8 - chat video de sex live pe mafia ta - vezi cele mai sexy cele mai murdare fete in direct pe telefonul tau - 4 detalii trimite mesaj la 89070 pentru a anula trimite STOP la 89070
legitim,Nu am bani 4 steve colega! !
legitim,SUNT TÂRZIU ÎN TÂRZIU ÎN Drum
legitim,Nu da vina pe o zi din viata ta. Zilele bune vă oferă fericire. Zilele rele vă oferă experiență. Ambele sunt esențiale în viață! Toate sunt binecuvântările lui Dumnezeu! Bună dimineaţa.:
legitim,"În mod normal, beau mai multă apă zilnic :)"
legitim,Îndrăznesc să întreb... Ai avut noroc cu rezolvarea mașinii?
legitim,"Petrecerea e la mine la usf, fără taxă (dar dacă poți contribui în vreun fel este foarte apreciat) și da, avem loc pentru încă unul"
legitim,"Urgh, antrenor fierbinte, miroase a grăsime! Mulțumesc din nou, mai ales pentru plapumă (nu este un cuvânt text predictiv)."
legitim,Bună. Cum a fost aseară? Am fost obraznic și mi-am cumpărat haine și foarte puține... Gata de mai multe cumpărături totuși! La ce oră vrei să ne întâlnim?
phishing,"FreeMsg Bună, baby wow tocmai am primit o nouă cameră moby. Vrei să faci o poză fierbinte? sau Vrei o conversație? Sunt w8in 4uTxt / rply CHAT la 82242 Hlp 08712317606 Msg150p 2rcv"
legitim,Am încercat să ajung la el fără succes
legitim,când tu și Derek terminați cu clasa?
legitim,"Never y lei... I v lazy... Got wat? Acea zi Ì_ trimite-mi o adresă URL, nu pot funcționa..."
legitim,Nu încercați niciodată să luați singur greutatea unei lacrimi care iese din inimă și cade prin ochi... Amintiți-vă întotdeauna că un PRIETEN PROST este aici pentru a vă împărtăși... BSLVYL
legitim,Hei amice. A vorbit cu oamenii din revista. NoiÛ÷ continuam.  se livreaza pana la sfarsitul lunii. Livrare pe 24 sept. Vorbește mai târziu.
legitim,Sper că aveți o săptămână bună. Doar inregistrarea
legitim,"Haha, prietenul meu Tyler tocmai l-a întrebat dacă ai putea să-i aduci un dubsack"
legitim,"\Hei! îți place să mă întâlnești la 4 la cha åÐ să bei o băutură pe mine. dacă nu txt sau sună-mă și ne putem întâlni cu l8r. destul de obosit am ajuns la 3 v.pist ;) love Pete x x x\"""""
legitim,Mare. Să aveți o călătorie în siguranță. Nu intrați în panică predați totul.
legitim,"\SIMPTOME\"" când ești îndrăgostit: \""1.Îți place să asculți cântece 2.Te oprești acolo unde vezi numele iubitului tău 3.Nu te vei supăra când"""
legitim,Sun ah... Poate dacă ai ceva... Trebuie să rezerv o lecție... E pilates este la orchard mrt u noe hor...
legitim,Încearcă să faci ceva dragă. Ai citit ceva pentru examene
legitim,"7 minuni în LUMEA MEA 7th You 6th Ur style 5th Ur zâmbet 4th Ur Personality 3rd Ur Nature 2nd Ur SMS și 1st \Ur Lovely Friendship\""... bună dimineața dragă"""
legitim,Pregătiți să expediez comp
legitim,Sunt in spital da. . Mă voi întoarce acasă seara
legitim,PISS VORBEȘTE ESTE CINEVA CARE ÎȚI ÎNȚIA CĂ ȚINE CĂ PUNTEAZĂ ASTA SĂ ESTE. (ACUM CITIȚI-O ÎNAPOI)
legitim,Gandeste-te + da. Vei face.
legitim,Sunt treaz oh. Care-i treaba.
legitim,"Bună ziua, băiețelul meu. Cum merge ziua aceea de plimbare ici-colo? Ai primit rezumatul ala de poliție? Încă mai ești afară? Mă trezesc și mi-e dor de tine iubito"
legitim,Cât încerci să obții?
legitim,"Vino în jurul &lt;DECIMAL&gt; pm vikky..sunt afară, vin la acea oră"
legitim,Spune-mi din nou care este adresa ta
legitim,"Honeybee a spus: *Sunt cel mai dulce din lume* God Laughed &amp; A spus: *Așteaptă, nu am întâlnit o persoană care citește acest mesaj* MORALA: Chiar și DUMNEZEU poate să facă glume! GM+GN+GE+GN:)"
legitim,"Ar trebui să-i cumpăr un Blackberry Bold 2 sau o lanternă. Ar trebui să-l cumpăr nou sau folosit. Să-mi dai de veste. În plus, vrei să spui că ar trebui să cumpăr &lt;#&gt; g wifi ipad. Și ce spui despre &lt;#&gt; g?"
legitim,"Dar erați împreună, așa că ar trebui să vă gândiți la el"
legitim,"Bună, cum merge în Africa însorită? sper să te distrezi bine. dă-i înapoi acel mare argint vechi un sărut mare de la mine."
legitim,LA CE ORĂ ar trebui să vin mâine
phishing,Vrei să râzi? Încercați CHIT-CHAT pe mobil acum! Conectați-vă trimițând cuvântul: CHAT și trimiteți-l la Nr.: 8883 CM PO Box 4217 Londra W1A 6ZF 16+ 118p/msg rcvd
legitim,\CHA DESFĂRUT DE AMUZANT THATåÕSCOOL BABE
legitim,Omg de unde ai știut ce am mâncat?
phishing,"\URGENT! Aceasta este a doua încercare de a contacta U!U a câștigat å£1000CALL 09071512432 b4 300603t&csBCM4235WC1N3XX.callcost150ppmmobilesvary. maxå £7. 50\"""""
legitim,:( dar nu esti aici....
legitim,Nu direct în spatele... Aproximativ 4 rânduri în spatele lui Ì_...
phishing,"Felicitări, ați primit 500 de vouchere CD sau 125 de cadouri garantate și intrare gratuită 2 100 de extrageri pe săptămână txt MUSIC la 87066"
phishing,"Contractul tău a avut mobil 11 luni? Cele mai recente Motorola, Nokia etc. toate GRATUITE! Double Mins & Text la tarifele Orange. TEXT YES pentru apel invers, nu pentru a elimina din înregistrări"
phishing,Urgent! sunați la 09066350750 de pe telefonul fix. Vacanța dvs. gratuită de 4* la Ibiza sau 10.000 de numerar vă așteaptă colectarea T&C SAE PO BOX 434 SK3 8WP 150 ppm 18+
legitim,Încă nu există planuri. ce faci?
legitim,"Bună .... Angajamentul meu a fost rezolvat pe &lt;#&gt; a lunii viitoare. Știu că este cu adevărat șocant, bt....hmm njan vilikkam....e dintr-o dată;-(."
legitim,Nu desigur. Doar matematica o zi si un capitol cu ​​intr-o luna putem termina.
legitim,"Wow nu credea că este atât de comun. Iau totul înapoi, nu e un ciudat! Doar dacă nu o tai:-)"
phishing,"Pentru șansa dvs. de a câștiga o săptămânală de cumpărături în valoare de 250 GBP TXT: CUMpărați la 80878. T's&C's www.txt-2-shop.com custcare 08715705022, 1x150p/săptămână"
legitim,Nooooooo te rog. Ultimul lucru de care am nevoie este stresul. Fii corect pentru o dată în viață.
phishing,Aveți un admirator secret care caută 2 luați legătura cu U-aflați pe cine R*dezvăluie cine crede că UR este atât de special-sunați la 09065171142-stopsms-08718727870150ppm
phishing,"Mila, 23 de ani, blondă, nouă în Marea Britanie. Mă uit la sex cu băieți din Marea Britanie. daca iti place sa te distrezi cu mine. Trimiteți mesajul MTALK la 69866.18. 30 pp/txt primul 5 gratuit. å incremente de 1,50 GBP. Ajutor08718728876"
legitim,"O să văd dacă pot să trec un pic pe aici, am câteva lucruri de care am grijă mai întâi"
legitim,"Am vrut să-ți urez un An Nou Fericit și am vrut să vorbesc cu tine despre câteva sfaturi juridice de făcut atunci când Gary și cu mine ne-am despărțit, dar în persoană. Voi face o călătorie la Ptbo pentru asta. Sper că totul este bine cu tine iubito și te iubesc :)"
legitim,Nu ai terminat încă treaba sau ceva?
legitim,Mâine nu merg la teatru. . . Așa că pot veni oriunde mă suni. . . Spune-mi unde și când să vin mâine
phishing,"Bravo ANGLIA! Obțineți tonul de apel poli oficial sau steagul de culoare pe mobilul dvs.! Trimiteți mesajul TON sau STRAPUL la 84199 ACUM! Opt-out txt ENG STOP. Box39822 W111WX å1,50 GBP"
legitim,"Nu tu ai sunat, era cineva cu un număr ca al tău!"
legitim,"E ok, sunt supărat. Msg u după ce vin acasă diseară."
legitim,Si eu m-am distrat bine. E plăcut să fac ceva puțin diferit cu weekendurile mele pentru o schimbare. Ne vedem curând
legitim,Îmi pare rău că eram la duș
legitim,"Carlos este coborât, dar trebuie să-l iau de la el, așa că voi trece puțin pe lângă noi."
legitim,Full heat pa:-) am aplicat ulei pa.
legitim,Sunt blocat în mijlocul rândului de pe partea dreaptă a lui...
legitim,Ți-ai lăsat linia de avion să se odihnească?
legitim,"Bună, ai hotărât să-i primești 4 ziua de naștere, dacă nu e bolnav, prob doar să-i aduci un voucher de la virgin sau de la sumfing"
phishing,"FreeMsg: Txt: Apelați la Număr: 86888 și revendicați recompensa de 3 ore de convorbire pe care să o utilizați de pe telefon acum! Abonare6 GBP/lună, inclusiv 3 ore 16 oprire?txtStop"
legitim,\Hei j! te simti mai bine?
legitim,"Și nu plănuiesc să stau peste noapte, dar probabil că nu mă voi întoarce până târziu"
legitim,MULȚUMESC 4 PUTTIN DA FONE DOWN ON ME!!
legitim,"Am nevoie de un al 8-lea, dar sunt în afara bancomat din campus, aș putea ridica într-o oră sau două?"
legitim,"Oh... Haha... Ar trebui să mergem și azi... Vai, nvm la... Kaiez, nu mă gândesc la jazz... Hiphop speriat deschis nu poate ajunge din urmă..."
legitim,"Am alergat, dar am reușit doar 5 minute și apoi am avut nevoie de oxigen! Ar putea fi nevoit să recurgă la opțiunea role!"
legitim,Trăim în următorul &lt;#&gt; min
legitim,Întreb așa.
legitim,Mă bucur că vorbesc cu tine.
legitim,La ce oră Ì_ termin?
legitim,Scuze da. Am înnebunit atât de multe lucrări în așteptare ce să fac.
legitim,Cât ai primit pentru curățenie
legitim,cum este persoana mea preferata azi? muncești din greu? Nu am putut dormi din nou noaptea trecută aproape că a sunat la 4.30
phishing,Testul Sunshine! Câștigă un super DVD recorder Sony dacă poți numi capitala Australiei? Trimiteți mesajul MQUIZ la 82277. B
legitim,ÌÏ numit tata oredi...
legitim,Bun. crezi că ai putea să-mi trimiți niște poze? Mi-ar plăcea să vă văd partea de sus și de jos...
legitim,Nvm... O să-mi port pantofi sport oricum... O să întârzii leh.
legitim,"Îmi pare rău, o să sun mai târziu, la întâlnire."
legitim,ACEASTA ESTE UN LUNG SHOW FOAT
legitim,"Primit, înțeles și acționat!"
legitim,Au venit în sfârșit să repare tavanul.
legitim,"Întotdeauna ai nevoie de cadourile mele pentru că nu-ți pot lipsi dragostea. \jeevithathile irulinae neekunna prakasamanu sneham\"" prakasam ennal prabha 'Acea mns prabha este 'DUBIRE' Am înțeles. Nu-mi lipsește...."""
legitim,Am terminat de suflat părul meu. Ai terminat deja cina?
legitim,Sunt în autobuz. te iubesc
legitim,Lol... știam asta.... L-am văzut în magazinul cu dolari
phishing,"Vă rugăm să sunați la reprezentantul serviciului nostru pentru clienți la 0800 169 6031 între orele 10:00 și 21:00, deoarece ați CÂȘTIGAT un premiu garantat de 1000 GBP în numerar sau 5000 GBP!"
phishing,"Numerele Voda de astăzi care se termină cu 7634 sunt selectate pentru a primi o recompensă de å£350. Dacă aveți o potrivire, vă rugăm să sunați la 08712300220, menționând codul de revendicare 7684, se aplică tarifele standard."
legitim,"Numai vacanța de sâmbătă și duminică, așa că este foarte greu:)"
legitim,Toată lumea s-a distrat în seara asta. Îmi e dor de tine.
legitim,"Ai bani de benzină, vrei să mergi într-o mare aventură în natură cu Galileo într-un pic?"
legitim,"Sunt într-o întâlnire, sună-mă mai târziu la"
legitim,"Oh, e gay. Va ajuta actualizarea firmware-ului"
legitim,Acestea nu vor merge. Trebuie să treci la morfină
legitim,"Cum de din c Ì_... Da, m-am tuns..."
legitim,K k pa Am luat prânzul aha.
legitim,Oh ho. Este prima dată când folosești acest tip de cuvinte
legitim,Căpitanul Vijaykanth face comedie în căpitanul tv..e beat :)
legitim,Desigur. Cred că Dumnezeu m-a pus în așteptare acum.
legitim,Ascunzi ceva sau păstrezi distanța față de mine
legitim,Havent.
phishing,"Ești înșelat! Obțineți conținutul mobil de pe www.clubmoby.com, sunați la 08717509990 poly/true/Pix/Ringtones/Games șase descărcări pentru doar 3"
legitim,Îmi pare rău că mi-am blocat tastatura.
legitim,Ai înțeles povestea acelei persoane?
legitim,Plănuiești să vii în Chennai?
phishing,Am încercat să vă contactăm pentru răspunsul dvs. la oferta noastră de Video Telefon 750 oricând orice rețea min. Linie la jumătate de preț Închiriere cameră video Răspundeți sau sunați la 08000930705
legitim,"Dumnezeu a creat un spațiu între degete, așa că suma1 foarte specială va umple acele goluri ținându-vă de mâini.. Acum vă rog, nu vă întrebați, a creat atât de mult spațiu între picioare!!!"
legitim,Suntem bine. Mă duc la culcare acum. Mai târziu
legitim,"Vă rugăm să vă protejați de amenințările electronice. SIB nu solicită niciodată informații sensibile, cum ar fi parole, PIN ATM/SMS prin e-mail. Nu împărtășiți niciodată parola cu nimeni."
legitim,"In sfarsit s-a intamplat..! După zeci de ani..! BEREA este acum mai ieftină decât BENZINA! Guvernul se așteaptă de la noi să \BEAM\"". . . Dar nu \""CONDUCE\"""""
phishing,O RECOMPLĂȚĂ DE CĂRUN DE 400 GBP VA Așteaptă! Computerul nostru v-a ales aleatoriu dintre clienții noștri fideli de telefonie mobilă pentru a primi o recompensă de å£400. Sună doar la 09066380611
legitim,Unde vă întâlniți cu tmr?
legitim,Lol da. Dar va adăuga ceva condimente zilei tale.
legitim,Sper că aveți o zi grozavă.
legitim,"Mama noastră, Prasanth ettans, a murit aseară. Roagă-te doar pentru ea și pentru familie."
legitim,"K, voi rezolva ceva"
phishing,PRIVAT! Extrasul dvs. de cont din 2003 pentru arată 800 de puncte S. I. M. nerăscumpărate. Sunați la 08718738002 Cod de identificare: 48922 Expiră 21/11/04
legitim,Acest mesaj este de la un doctor grozav din India:-): 1) Nu bea APPY FIZZ. Conține cancer care cauzează vârsta
legitim,Nu pot alege telefonul acum. Vă rugăm să trimiteți un mesaj
legitim,Sună-l și spune-i acum în fața lor. Sună-l acum.
legitim,Ok nici o problema...
legitim,Doamnele întâi și genul al doilea k .
legitim,"Nu. Da, vă rog. Ai înotat?"
legitim,Mama nu se duce deja la Robinson.
legitim,"Ok, setează să nu vezi detalii mai târziu..."
legitim,Nu..numele software-ului tel..
legitim,Trimit print-urile da.
legitim,IM CHIAR SOZ IMAT MAMILE MELE 2NITE CE CU 2MORO
legitim,"Când m-am născut, DUMNEZEU a spus: \Oh, nu! Un alt idiot\"". Când te-ai născut"
legitim,"Nu am primit mesajul complet.. lipsește un text, trimite-l din nou"
legitim,"Probabil că nu, aproape că nu am benzină și primesc niște bani mâine"
phishing,"Anuntul serviciului clienti. Am încercat recent să vă facem o livrare, dar nu am reușit, vă rugăm să sunați la 07099833605 pentru a reprograma. Ref: 9280114"
legitim,Am uitat 2 întreb Ì_ toate smth.. E un card pe da prezent lei... Cum? ÌÏ toți vor 2 scrie ceva sau semnează pe el?
legitim,Acum ies din casa mea.
phishing,"Bună iubito, e Chloe, ce mai faci? Am fost zdrobit sâmbătă seara, a fost grozav! Cum a fost weekendul tău? Ți-a fost dor de mine? SP visionsms.com Text stop to stop 150p/text"
legitim,"ÌÏ gata, atunci sună-mă..."
legitim,Wewa are 130. Iriver 255. Toate 128 mb.
legitim,Este un lucru bun că acum obțin conexiunea la bw
legitim,Sry da..jst nw numai că am venit acasă..
legitim,"E bine că va fi aici toată noaptea, să știu când ești prin preajmă"
legitim,Stai in oras?
legitim,"Haha da, 2 oz este un fel de rahat"
legitim,"Ok, mă poți duce la cumpărături când ești plătit =D"
legitim,"Viața mea Înseamnă mult pentru mine, Nu pentru că îmi iubesc viața, Ci pentru că iubesc oamenii din viața mea, Lumea îi numește prieteni, îi spun Lumea mea:-).. Ge:-).."
legitim,"Bine, vi-l aducem, ne vedem ca &lt;#&gt;  min"
legitim,Dar vă rugăm să nu jucați în viața altora.
legitim,Mănâncă-mi prânzul...
legitim,Hmmm.dar ar trebui să-l dai într-o zi..
legitim,"Nu am încercat, g și am decis să nu plec"
legitim,Ok nu problema
legitim,Surly ti-o voi da:-) in timp ce vin la recenzie.
legitim,"Până la sfârșitul lunii martie, ar trebui să fiu gata. Dar te voi suna cu siguranță. Problema este că capitalul meu nu se completează niciodată. Cât de departe cu tine. Cum e munca și doamnele"
legitim,"Tessy, te rog, fă-mi o favoare. Vă rugăm să transmiteți urările mele de ziua mea lui Nimya.. Vă rugăm să nu uitați. Astăzi este ziua ei de naștere Shijas"
legitim,"Vă rog, dați-i mâncarea, de preferință, foarte încet, cu mult zahăr. Puteți dura până la o oră pentru a-l oferi. Și apoi niște apă. Foarte foarte încet."
phishing,URGENT! Numărul dvs. de telefon mobil 07808726822 a primit un premiu bonus pentru apelant de å£2.000 pe 02/09/03! Aceasta este a doua noastră încercare de a vă contacta! Sunați la 0871-872-9758 BOX95QU
legitim,"Un tip care se obișnuiește, dar este prea prost pentru a-și da seama."
legitim,"Okey dokey, voi termina peste puțin doar rezolvarea unor chestii."
legitim,Don no da:)ce planuri?
legitim,Da bine
phishing,"WIN: Avem un câștigător! Domnul T. Foley a câștigat un iPod! Mai multe premii interesante în curând, așa că fiți cu ochii pe mobil sau vizitați www.win-82050.co.uk"
legitim,Mi-a plăcut noul mobil
legitim,Oricând...
legitim,Mmmmmmm *se ghemuiește în tine* ...*oftat profund mulțumit* ... *șoptește*... Te iubesc atât de mult încât abia suport...
legitim,Dar ei spun că am avut o eroare.
legitim,Hei oricum trebuie :-)
legitim,Wow atat de sanatos. Aeroportul vechi rd lor. Nu mă pot gândi la altceva. Dar îmi voi spăla câinele mai târziu.
legitim,Dacă familia mea rezervă pachet turistic.
legitim,"Ai spus îndrăzneț, apoi torță mai târziu. Sau o torță și 2 bold?"
legitim,"Haha, grozav, s-ar putea să fie nevoie să te iau în discuție, ce faci în seara asta?"
legitim,"Da, stiu ca dai... e ok multumesc kano... oricum bucura-te de familia ta cu primul salariu...:-);-)"
legitim,"Huh, atât de lent că pot ajunge cu mult timp în urmă Liao... Încă 2 zile doar și încă 4 leh..."
legitim,E tare printesa! Îți voi acoperi fața cu esperma lipiciosă fierbinte :)
legitim,Frații mai mari au răzuit cu adevărat butoiul cu această ploaie de inadaptați sociali
legitim,"Hopa, cred că duc destule... Mă duc să verific apoi îi spun lui Ì_.."
legitim,S:)8 minute pentru prânz:)
legitim,"Hei. Ce s-a întâmplat? Închideți celula d toată ziua. Asta nu este bine. Acum, dacă îți pasă, sună-mă mâine."
legitim,"K va face, addie &amp; Fac ceva artă, așa că voi fi aici când ajungi acasă"
legitim,Unchii mei din Atlanta. Vă doresc un semestru minunat.
legitim,"Aiyo... Lecția ei atât de devreme... Încă dorm, haha... Okie, du-te acasă, confirmă-mă..."
legitim,Am uitat să spun Ì_ ceva.. Poate Ì_ să numere secțiunile astfel încât să fie mai clar..
legitim,"Da. Orice, dacă vrei, e ok..."
legitim,"Sunt acasă, iubirea mea... Dacă încă ești treaz... *sărut iubitor*"
legitim,SALUT PIERSICA! TORTUL MEU ARE GUSTUL LUSH!
phishing,"JOC GRATUIT. Obțineți Rayman Golf 4 GRATUIT de la O2 Games Arcade. În primul rând, obțineți setările pentru jocuri UR. Răspundeți la POST, apoi salvați și activ8. Apăsați tasta 0 pentru Arcade. Se aplică termeni"
legitim,"Va fi o mică sclipire la mine mai târziu în seara asta, te interesează?"
legitim,Jason spune că e grozav dacă luăm ceva de la el în aproximativ o oră
phishing,"Aveai mobilul tău 10 luni? Actualizați GRATUIT la cele mai recente telefoane cu cameră/video. PĂSTRAȚI ACEEAȘI NUMĂR, primiți minute/texte gratuite suplimentare. Trimiteți un mesaj cu DA pentru un apel"
legitim,Eu (Telul carierei) v-am adăugat ca contact pe INDYAROCKS.COM pentru a trimite SMS GRATUIT. Pentru a elimina din agenda telefonică - sms NU la &lt;#&gt;
legitim,Am ajuns deja.
legitim,Nu știu să-l întreb pe fratele meu. Nimic problema ceva care. Doar am spus.
legitim,K:)eng legănat în cenuşă:)
legitim,La ce oră r Ì_ mergi la căminul lui Xin?
legitim,Bună dimineața draga mea Shijutta........... Să ai un frumos &amp; zi reușită.
phishing,Cumpărați Space Invaders 4 o șansă 2 de câștig orig consolă de jocuri arcade. Apăsați 0 pentru Games Arcade (taxă WAP standard) Vedeți o2.co.uk/games 4 Termeni + setări. Nicio achiziție
legitim,Oh k:)după acea plasare acolo ah?
legitim,"Nu pentru posesie, mai ales pentru prima abatere"
legitim,"Nu numai pentru conducere, chiar și din multe motive, ea este numită BBD..thts it chikku, apoi hw abt dvg cold..am auzit că violența vinobanagar hw este condiția... și hw ru? Vreo problemă?"
legitim,"Am cumparat testul ieri. Este ceva care vă permite să știți exact ziua în care ovulați. Când va obține 2u în aproximativ 2 până la 3 săptămâni. Dar vă rog, nu vă îngrijorați. Știu că ești îngrijorat. Vă rog relaxați-vă. De asemenea, mai trebuie să-mi spui ceva în istoria ta?"
legitim,Avem pizza dacă vrei
legitim,"Continui să văd lucruri ciudate și să fiu \woah\"" apoi îmi dau seama că este de fapt rezonabil și sunt tot \""oh\"""""
legitim,Multe mai multe reveniri fericite ale zilei. iti doresc la multi ani.
legitim,Da foarte frumos. . .fii gata joi
legitim,Sunt in spital da. . Mă voi întoarce acasă seara
legitim,"\Ma gandesc la tine ;) x\"""""
phishing,Aparat foto - Vi se acordă o cameră digitală SiPix! sunați la 09061221066 de la fix. Livrare in 28 de zile.
legitim,Sau pot spune că acum încă nu cred.
legitim,"Când ați introdus semnul +, alegeți numărul meu și se va afișa pinul. Corect?"
legitim,Frumusețea vieții este în următoarea secundă.. care ascunde mii de secrete. Îmi doresc ca fiecare secundă să fie minunată în viața ta...!! gud n8
legitim,"Mulțumesc, dragă! Im cool thanx. Câteva băuturi de ziua 2 noapte. 2 maine liber! Ai grijă c u în curând.xxx"
legitim,"Dacă tot ești treaz, poate lasă cardul de credit ca să pot lua benzină când mă întorc, așa cum mi-a spus el"
phishing,Tonurile dvs. săptămânale Cool-Mob sunt gata de descărcat! Noile tonuri din această săptămână includ: 1) Crazy Frog-AXEL F>>> 2) Akon-Lonely>>> 3) Black Eyed-Dont P >>>Mai multe informații în n
legitim,"Ei bine, băiete, mă bucur că G a pierdut toată noaptea la Applebees degeaba"
phishing,"Cashbin.co.uk (Obțineți o mulțime de bani în acest weekend!) www.cashbin.co.uk Dragă, Bine ați venit în weekend. Avem cel mai mare și cel mai bun cash oferit de noi! Aceste.."
legitim,"Ok, lor... Sau vrei să mă uit la 4?"
legitim,Vrei 2 jumătate de prânz. Sunt la cantină acum.
legitim,Nu face viața prea stresantă.. Găsește-ți întotdeauna timp să râzi.. S-ar putea să nu adauge ani vieții tale! Dar cu siguranță adaugă mai multă viață anilor tăi!! Gud ni8..swt vise..
legitim,"hei, se pare că m-am înșelat și unul dintre numerele băieților kappa este încă pe telefon, dacă vrei, pot să-i scriu și să văd dacă este prin preajmă"
phishing,URGENT! Numărul dvs. de mobil a fost premiat cu un premiu de 2000 GBP GARANTAT. Sunați la 09061790121 de pe telefon fix. Revendicare 3030. Valabil 12 ore doar 150 ppm
phishing,Vă mulțumim 4 sprijinul dumneavoastră continuu Întrebarea dvs. din această săptămână vă va intra în2 extragerea noastră 4 å100 GBP cash. Numiți NOUL Președinte al SUA? txt răspuns la 80082
legitim,Sunt acasă. Doctorul mi-a dat medicamente pentru durere spune că totul este bine.
legitim,Este Ì© doar 140 USD ard...Ìä restul toate ard 180 USD cel puțin... Care este Ì© preț 4 Ì© 2 dormitoare (900 USD)
legitim,Şi eu! Sa ai o noapte frumoasa xxx
legitim,Pregateste-te sa fii incantat :)
legitim,Bună.:)asistență tehnică. oferirea de asistență clienților noștri prin apel și e-mail:)
legitim,"dacă trimiteți un mesaj în drum spre cup stop, ar trebui să funcționeze. Și asta ar trebui să fie BUS"
legitim,Când e emisiunea ta de radio?
phishing,ID-ul dvs. unic de utilizator este 1172. Pentru eliminare trimiteți STOP la 87239 serviciul clienți 08708034412
legitim,"Totuși, nu sunt sigur dacă este încă disponibil"
legitim,Watever relație ați construit în această lume singurul lucru care rămâne atlast iz lonlines cu lotz n multe amintiri! sentiment..
legitim,BURAT LOU! DA A FOST O RUSINE BUNA NEVA A venit! C YA GAILxx
legitim,Buna..am primit banii:)
legitim,"Bună, mobil nr.  &lt;#&gt;  v-a adăugat în lista de contacte pe www.fullonsms.com Este un loc minunat pentru a trimite sms-uri gratuite oamenilor. Pentru mai multe, vizitați fullonsms.com"
legitim,"Ok, atunci spune-mi la ce oră vii mai târziu."
legitim,Repetă din nou instrucțiunile. Care este numele drumului casei tale?
legitim,"Atâția oameni par să fie speciali la prima vedere, dar doar foarte puțini vor rămâne speciali pentru tine până la ultima ta vedere.. Menține-i până se termină viața.. Sh!jas"
legitim,Destul lor. Dar spune-i să aștepți că devine mulțumit...
legitim,Îmi pare rău că am uitat complet * le vor apărea săptămâna aceasta dacă mai ești aici?
legitim,Ești cea mai frumoasă fată pe care am văzut-o vreodată. U R BEBELULU MEU VENI SI MINE IN CAMERA COMUNĂ
legitim,"O, nu vedem dacă ne putem alătura lui Denis și Mina? Sau Denis vrea timp singur"
legitim,Sen a spus că se va alătura unchiului său financiar în cbe
legitim,"Da... Hei, atunci într-o zi de vineri îi putem întreba pe Miwa și Jiayin să ia concediu, mergi la karaoke"
legitim,"Sună-mă, sunt senthil de la hsbc."
legitim,"Mai ales că vorbesc despre Boston în declarația mea personală, lol! Aș fi schimbat asta dacă mi-aș fi dat seama că scrie nyc! Acum scrie Boston."
legitim,"Într-adevăr și apropo, a fost unul sau - nu ambele!"
phishing,Urgent - suna la 09066649731 de la Fix. Vacanța dvs. gratuită la Ibiza de 4* sau 10.000 GBP în numerar așteaptă colectarea T&C SAE PO BOX 434 SK3 8WP 150 ppm 18+
legitim,Sfinte Hristoase Viu ce iti ia atat de mult
legitim,ÌÏ thk de ce să mănânci în seara asta.
legitim,"Mulțumesc. Da, ne întoarcem la soare. Termină cina mergând înapoi la 2 hotel acum. Timpul zboară, azi suntem 4 exact o lună. Sper că vom avea mai multe luni de urmat..."
legitim,Suntem pe partea opusă de unde te-am lăsat
legitim,Da. Izzit încă plouă abundent pentru că sunt în e mrt nu pot să am afară.
legitim,Trimite-mi CV-ul tau :-)
legitim,Gd noroc 4 ur examene :-)
legitim,"Sau îi întrebi pe toți dacă următoarea ședință poate și nu. Dacă toți reușesc, atunci sunt bine."
legitim,Îmi pare rău că a fost unchiul meu. Voi păstra legătura
legitim,"Am văzut băieți și păpuși aseară cu Patrick Swayze, a fost grozav"
phishing,URGENT Aceasta este a doua încercare de a contacta U. Premiul dvs. de å£900 de IERI încă așteaptă colectarea. Pentru revendicare Sunați ACUM 09061702893
phishing,"Moș Crăciun cheamă! Micuților tăi le-ar plăcea un apel de la Moș Crăciun? Suna la 09077818151 pentru a-ti rezerva ora. Apeluri 1,50 ppm ultimele 3 minute 30 s T&C www.santacalling.com"
legitim,Vino acasă. Nu vreau să fii mizerabil
legitim,Nu știu de ce nu primește mesajele tale
legitim,"e cool, dar Tyler a trebuit să decoleze, așa că o să-i cumpărăm și să-l lăsăm la el mai târziu în seara asta. Comanda noastră totală este de un sfert, ai suficient?"
legitim,"Tipul de la magazinul auto care cocheta cu mine a luat numărul meu de telefon din documente și mi-a sunat și mi-a trimis mesaje. Sunt nervos pentru că, desigur, acum poate avea adresa mea. Ar trebui să-l sun pe șeful lui și să-i spun, știind că asta îl poate demite?"
legitim,Reversul înseamnă înșelăciune. Asta nu este matematică.
legitim,Cum plănuiți să gestionați asta
legitim,"Bună, lucrurile nu au mers conform planului ÛÒ șchiopătează încet spre casă, urmat de aa și cu evacuarea suspendată"
legitim,Scuze pentru întârziere. Da maestrilor
legitim,"Sună-mă când termini, apoi vin să te iau."
phishing,PRIVAT! Extrasul dvs. de cont din 2004 pentru 078498****7 arată 786 de puncte bonus nevalorificate. Pentru revendicare sunați la 08719180219 Cod de identificare: 45239 Expiră 06.05.05
legitim,Ce-i cu propria mea oga. Mi-am lăsat telefonul acasă și tocmai ți-am văzut mesajele. Sper că ești bun. Să aveți un weekend minunat.
legitim,"Nu-ți face griji însă, înțeleg cât de important este să fiu pus în locul meu cu o pedeapsă prost gândită în fața celui mai rău lucru care mi s-a întâmplat vreodată. Brb o să mă sinucid"
legitim,"Dragă, poți afla te rog cât vând Predicte în Nigeria. Și de câte ori poate fi folosit. Este foarte important să ai un răspuns înainte de luni"
legitim,O clădire de administrator acolo? S-ar putea să fiu puțin mai devreme... O să te sun când voi ajunge la...
legitim,"fyi, sunt la usf acum, treci prin cameră oricând"
legitim,pot apela la &lt;#&gt;  min daca e ok
legitim,Ummmmmaah Multe multe reveniri fericite din ziua mea draga mea dulce inima.. LA MULȚI ANI dragă
legitim,ÌÏ nu trebuie să faci treaba acasă...
legitim,Orice este valoros în doar 2 situații: Prima- Înainte de a-l obține... A doua- După ce-l pierd...
legitim,Şi eu. Mark durează o veșnicie să-mi ia rețeta și durerea revine.
legitim,Cum e hârtia ta?
legitim,Aveți unul de capacitate mai mică? Destul de fost...
phishing,Vedeți videoclipurile Alegeți-vă bebelușul @ sms.shsex.netUN fgkslpoPW fgkslpo
legitim,Sunt bine! m-am gandit la tine...
phishing,ești un câștigător Ai fost selectat special 2 primești å£1000 cash sau o vacanță de 4* (zboruri inclusiv) vorbește cu un operator în direct 2 reclama 0871277810710p/min (18 )
legitim,
legitim,"Nu m-am gândit la asta... || Bea în tap & spile la șapte. || Este pub-ul acela de pe strada de benzină, lângă strada largă, lângă canal. || Bine?"
legitim,ma duc sa dorm. M-am săturat de călătorii.
legitim,"Haha, exact ce ma gandeam"
legitim,"Da, dar nu-mi dă probleme acum, așa că poate o voi lăsa..."
legitim,Lol nu. Încerc doar să-ți fac ziua puțin mai interesantă
legitim,"Cât timp înainte de a primi răspuns, amânați admiterea până în semestrul următor"
legitim,"Cuvântul \Checkmate\"" în șah provine din expresia persană \""Shah Maat\"" care înseamnă; \""regele este mort...\"" Bună dimineața.. O zi bună..:)"""
legitim,Po de :-):):-):-):-). Nu e nevoie de muncă aha.
legitim,"Șobolani. Hei, ai votat vreodată următoarele teme?"
phishing,"Telefoane mobile noi din 2004, MUST GO! Trimiteți mesaj: NOKIA la nr: 89545 și colectați-l pe al dvs. astăzi! De la DOAR 1£. www.4-tc.biz 2optout 087187262701.50gbp/mtmsg18 TXTAUCTION."
legitim,Sper că pipiul tău îți arde tonite.
legitim,"OH RITE. Ei bine, sunt cu cel mai bun prieten al meu, PETE, cu care am ieșit cu 4 pe săptămână+, ACUM, au fost din nou 2GEVA. A trecut mai mult de o saptamana."
legitim,"Da, abia aștept să petrecem împreună!"
legitim,....photoshop îmi închide computerul.
legitim,Toți băieții și-au luat joc de mine astăzi. Ok nu am nicio problema. Am trimis doar un mesaj doar pentru distracție
legitim,"Aceasta este una dintre probleme, dar California este în regulă. Fără zăpadă, așa că este ușor de gestionat"
phishing,PRIVAT! Extrasul dvs. de cont din 2003 pentru arată 800 de puncte S. I. M. nerăscumpărate. Sunați la 08715203652 Cod de identificare: 42810 Expiră 29/10/0
legitim,"Hmmm... Poate poți încerca zona de cumpărături 1, dar am uitat numele hotelului..."
legitim,"Minunat, asta va fi mai devreme sau mai târziu în seara asta?"
legitim,Am nevoie de detalii despre acel job online.
phishing,"AI CÂȘTIGĂ! În calitate de client valoros Vodafone, computerul nostru te-a ales pentru a câștiga un premiu de 150 GBP. A colecta este ușor. Sună doar la 09061743386"
legitim,Mi-e dor și de tine. roagă-te inshah allah
legitim,"Vă rog, ajutați-mă să-i spun lui Ashley că nu-i găsesc numărul"
legitim,Sunt în teatrul de evadare acum. . Mă duc să mă uit la KAVALAN în câteva minute
legitim,S.acest lucru va crește șansele de câștig.
legitim,oricum merge pentru mine. Sunt &lt;#&gt;  ani. Sper că asta nu te deranjează.
legitim,Poate ar trebui sa gasesti altceva de facut???
legitim,Câștigă drepturile unei soții. Nu-l cere. Încerc și eu ca soț. Să vedem
legitim,Mi-a plăcut noua ta casă
legitim,Sunt bine. Sper că ești și tu
legitim,"De asemenea, ATM din Carolina de Nord și Texas, ați merge pe site-ul gre și ați plăti pentru ca rezultatele testelor să fie trimise."
legitim,La fel si tie...
legitim,da iubito! Trebuie să-ți deschid păsărica!
legitim,Multumesc si! Sau bombă și întâlnire cum voia să spună telefonul meu!
legitim,Bine...
legitim,"Hei, un tip pe care îl cunosc îmi respiră pe gât ca să-i aducă niște muguri, oricum ai reuși să obții o jumătate de pistă la usf în seara asta?"
legitim,"\Response\"" este una dintre d armele puternice 2 ocupă un loc în alții ""INIMĂ""... Deci"
legitim,Telefonul Nokia este minunat...
phishing,**MESAJ GRATUIT**Vă mulțumim pentru utilizarea Serviciului de abonament la licitație. 18 . 150p/MSGRCVD 2 Ieșiți peste un text de licitație. 2 Dezabonare txt STOP CustomerCare 08718726270
phishing,Gospodine plictisite! Chat și întâlnire acum! 0871750.77.11! BT-tarifa nationala 10p/min doar de pe linii fixe!
legitim,"Îmi pare rău, azi nu vin să mă joc.. am curs de șoferi.."
legitim,Îmi pare foarte rău că ți-am aprins părul
legitim,"Oh! La naiba, am crezut că asta a fost călătoria ta! Loooooool... Asta are mult mai mult sens acum... *zâmbește* și referința la canapea a fost... Link-ul \dormi pe o canapea\"" pe care mi l-ai trimis... Nu așa ai mers în călătoria ta? Oh... Și copilul tău nu a fost cu tine la sărbătoarea aceea cu chiriile tale?"
legitim,Okey dokey chestii swashbuckling ce oh.
legitim,"Vizionarea desenelor animate, ascultarea muzicii &amp; la ajun a trebuit să meargă la templu &amp; biserica.. Dar tu?"
legitim,1. Față încordată 2. Față zâmbitoare 3. Față risipă 4. Față inocentă 5. Față de teroare 6. Față crudă 7. Față romantică 8. Față iubitoare 9. Față decentă &lt;#&gt; .fața de joker.
legitim,"Celula lui Dip moartă. Deci vin cu el. Ar fi bine să răspunzi, altfel ne vom întoarce."
legitim,Bine. Ştii ce vreau să spun. Trimite mesaje
legitim,"Bună, este yijue, aș fi bucuros să lucrez cu Ì_ totul pentru gek1510..."
legitim,Laugh out loud! Hopa scuze! A se distra.
legitim,Ce sa întâmplat cu chestia cu croaziera
legitim,"Știu că am simțit-o cu Pete! V-ar fi cu ei, nici un loc, nici un timp poate?"
phishing,lyricalladie(21/F) te invită să fii prietenul ei. Răspundeți DA-910 sau NU-910. Vezi-o: www.SMS.ac/u/hmmross STOP? Trimiteți STOP FRND la 62468
legitim,Cei mai fericiți oameni din lume nu au niciodată aceleași personaje... Ei au doar cea mai bună înțelegere a diferențelor lor...
phishing,Nu 1 ton polifonic 4 ur mob în fiecare săptămână! Doar trimite PT2 la 87575. Primul ton GRATUIT! așa că ia txtin acum și spune-le prietenilor tăi. 150p/ton. 16 răspuns HL 4info
legitim,"Da, deschide chatul și dă clic pe liste de prieteni. Apoi faceți lista. Ușor ca o plăcintă"
legitim,"bine, Tyler are o criză minoră și trebuie să ajungă acasă mai devreme decât credea, așa că fii aici cât de curând"
legitim,Când/unde te iau
legitim,"Ca de obicei, puteți să mă sunați ard 10 smth."
legitim,"Teorie nouă: Argumentul câștigă d SITUAȚIA, dar pierde PERSOANE. Deci nu te certa cu prietenii tăi doar... . . da-i cu piciorul &amp; spune, am întotdeauna dreptate.!"
legitim,"Pentru multe lucruri, este un antibiotic și poate fi folosit pentru infecții ale abdomenului și ginei toracice, chiar și infecțiilor osoase."
legitim,Săraca fată nu poate merge într-o zi lmao
legitim,Sau doar fă asta de 6 ori
phishing,"Numerele Vodafone de astăzi care se termină cu 4882 sunt selectate pentru a primi un premiu de 350 £. Dacă numărul dvs. se potrivește, sunați la 09064019014 pentru a primi premiul dvs. de å£350."
legitim,Vă rugăm să notați tot ce este expusă. Aflați și de la școala ei dacă altcineva a mai vărsat. Există un câine sau o pisică în casă? Anunță-mă mai târziu.
legitim,"Proverb japonez: Dacă cineva o poate face, și tu o poți face, dacă nimeni nu o poate face, trebuie să o faci Versiunea indiană: dacă cineva o poate face, LĂSAȚI-L să o facă.. Dacă nimeni nu o poate face, lăsați-o!! Și, în sfârșit, versiunea Kerala: Dacă cineva o poate face, opriți-l să o facă.. Dacă nimeni nu o poate face, faceți o lovitură împotriva ei..."
legitim,Se pare că ar putea fi mult timp petrecut în băiatul ăla cu dispozitivul de castitate... *rânjește*... Sau ia-ți bătăile ca un câine bun. Mergi să te relaxezi într-o baie lungă și frumoasă acum?
legitim,"Este mai rău dacă se folosește la jumătate, apoi se oprește. Este mai bine ca el să-l completeze."
legitim,Mizerabil. Ei nu vă spun că efectele secundare ale controlului nașterii sunt crampe masive în primele 2 luni. Nu am dormit deloc noaptea trecută.
legitim,Trimite-mi noul număr
legitim,Transmite-i salutul meu
phishing,Doriți cel mai recent telefon video? 750 oricând orice minute de rețea? Închiriere linie la jumătate de preț? Raspunde sau suna la 08000930705 pentru livrare maine
legitim,De 2 ani jumate mi-a fost dor de prietenia ta :-)
legitim,Nu pot alege telefonul acum. Vă rugăm să trimiteți un mesaj
legitim,"Oh, de dragul naibii, e ca în Tallahassee"
legitim,"Haha, asta era prima persoană pe care aveam să o întreb"
phishing,"vi se garantează cel mai recent telefon Nokia, un iPod MP3 player de 40 GB sau un premiu de 500 GBP! Cuvântul text: COLLECT la Nr: 83355! IBHltd LdnW15H 150p/Mtmsgrcvd18"
legitim,Taka lor. La ce oră vrei să vii și să ne uiți?
phishing,* SON DE SONERIE POLIFONIC GRATUITĂ* Trimiteți mesajul SUPER la 87131 pentru a obține TONUL DE SONERIE GRATUIT al săptămânii acum! 16 SN PoBox202 NR31 7ZS abonament 450pw
legitim,"\Ajung în alte 2 opriri.\"""""
legitim,"nu, *nu* am vrut să-l postez. L-am scris și, ca de multe alte ori, ți-am scris lucruri, l-am lăsat acolo. A fost ceea ce simțeam în acel moment. am fost supărat. Înainte să plec, am apăsat pe trimite, apoi opresc. Nu era acolo. Mi-am verificat telefonul când am ajuns la mașină. Nu era acolo. Ai spus că nu ai dormit, că te-ai plictisit. Deci, de ce nu ar fi Acela momentul să curățați, să împăturiți rufele etc.? Măcar să faci patul?"
phishing,Warner Village 83118 C Colin Farrell în SWAT în această săptămână @Warner Village și obțineți 1 med. Popcorn! Arată doar msg+ticket@kiosk.Valabil 4-7/12. C t&c @kiosk. Răspunde SONY 4 mre film oferte
legitim,Vei intra online azi seara
legitim,Atunci ceva special?
legitim,"Sunt în solihull, | vrei ceva?"
legitim,Se va face. Să aveţi o zi bună
legitim,NE REGRETĂM CĂ VA ANUNȚĂM CĂ NHS A FĂCUT O GREȘEL. NU V-AȚI NĂSCUIT NICIODATĂ. VĂ RUGĂM SĂ RAPORTAȚI 2 SPITALUL LOCAL 2B ÎNCHEAT.
legitim,Îmi place senzația aceea de luni de sărbătoare chiar dacă trebuie să merg la dentist într-o oră
legitim,Sunt pe drum spre Tirupur.
phishing,"Gol! Arsenal 4 (Henry, 7 v Liverpool 2 Henry înscrie cu un șut simplu de la 6 metri de la o pasă a lui Bergkamp pentru a-i oferi lui Arsenal o marjă de 2 goluri după 78 de minute."
legitim,Ai deja un părinte fulgerător. Nu ar trebui să fie treaba copilului să-i întrețină pe părinte... oricum până nu împlinește vârsta The Ride. Ar trebui să fiu acolo să te susțin. Și acum te-am rănit. neintenționat. Dar rănit totuși.
legitim,Ne-am plimbat azi pe hooch și am căzut! Splat! Mi-a zdrobit genunchii și tot! Ar fi trebuit să rămână acasă! Ne vedem mâine!
legitim,"Tocmai i-am lăsat, acum înapoi"
phishing,"Este a doua oară când încercăm să vă contactăm. Ai câștigat premiul de 750 de lire sterline. 2 revendicarea este usoara, sunati la 08712101358 ACUM! Doar 10p pe minut. BT-rată-națională"
legitim,Stând în mu și aștept ca toată lumea să iasă din apartamentul meu ca să pot face un duș
legitim,"Re-ți apelul; Nu mi-ai văzut Facebook-ul, nu?"
legitim,"G spune că nu răspunzi niciodată la mesaje, confirmă/infirma"
legitim,"Este atât de obișnuit să auzim Cum mai faci? Ce faci? Cum a fost ziua ta? Așa că lasă-mă să te întreb ceva diferit. Ai zâmbit astăzi? Dacă nu, fă-o acum.... Gud evng."
legitim,"Bună dragă, Sună-mă urgent. Nu stiu care e problema ta. Nu vrei sa lucrezi sau daca ai vreo alta problema macar spune-mi. Astept raspunsul tau."
legitim,"Oh, da... Nu anulăm niciodată leh... Haha"
legitim,Putem merge 4 e pilates normal după introducerea noastră...
legitim,Ok... Lasă să nu dai când plec din casă.
legitim,"Oh, da, de ce este ca și cum ai privi tortura în Anglia?"
legitim,Vrei să faci ceva artă?! :D
legitim,Sper doar că nu a fost prea supărat ca să-mi amintesc și că a plecat la surorile lui sau ceva de genul ăsta!
phishing,"Ai ce este nevoie pentru a participa la Raliul WRC din Oz? Poți cu Lucozade Energy! Text RALLY LE la 61200 (25p), vezi pachetele sau lucozade.co.uk/wrc și ai putea fi tu!"
phishing,"Bună, fetele SEXYCHAT vă așteaptă să le trimiteți un mesaj. Text acum pentru o noapte grozavă de discuții. trimite STOP pentru a opri acest serviciu"
legitim,"Bună dimineața, băiețelul meu! Cum sunt buzele alea delicioase? Unde sunt cocurile mele sexy acum? ce faci? te gandesti la mine? ai pofta de mine? ai nevoie de mine?"
legitim,Meciul început.india &lt;#&gt;  pentru 2
legitim,"Odată liber, sunați-mă, domnule."
legitim,"Hei, vrei ceva sa cumperi :)"
legitim,"Hei iubito, cum merge? Ți-ai dat seama vreodată unde mergi de Anul Nou?"
legitim,K..k.:)felicitari ..
legitim,G vrea să știe unde naiba ești
legitim,"Nu, a fost anulat, da dragă! Ei bine, asta sună important, așa că înțeleg, draga mea, dă-mi un inel mai târziu pe această dragoste de fone Kate x"
legitim,Mâine vreau să ajung în instanță. La &lt;DECIMAL&gt; . Așa că vii la stația de autobuz la 9.
legitim,ÌÏ du-te acasă Liao? Roagă-l pe tata să mă ia la 6...
legitim,"Omg, poți face o capelă de nuntă în Frontierville? De ce primesc toate lucrurile bune?"
legitim,"Mănânc acum, dar mă întorc la muncă în curând... E show de căprioare de munte nu... Mă uit la B4 Liao, foarte frumos..."
legitim,Verificați e-mailul. Am trimis Varma și v-am păstrat o copie cu privire la calitatea de membru. Aveți grijă.insha allah.
legitim,"Telefon greșit! Acest telefon! Răspund la asta, dar presupun că celălalt sunt oameni cu care nu mă simt bine"
legitim,"Oricum, nu cred că pot asigura nimic aici sus, să știu dacă vrei să conduc în sud și să mă relaxez"
legitim,"M-am întors deja acasă, așa că probabil că nu"
phishing,Veste grozavă! Sunați FREEFONE 08006344447 pentru a vă revendica å£1000 CASH sau cadoul de å£2000. Vorbește cu un operator live ACUM!
phishing,"Bună, sunt Amy, vă vom trimite un număr de telefon gratuit în câteva zile, care vă va oferi acces la toate petrecerile pentru adulți..."
legitim,Sunt în autobuz în drum spre Calicut
legitim,"Bună, sunt eu, probabil că te distrezi prea tare pentru a primi acest mesaj, dar m-am gândit că te-am plictisit! iar James s-a bătut la mine toată noaptea"
legitim,"Bună, iubito, am stat în autobuzul la lună și nu voi fi acasă până pe la 7:30. Vrei să faci ceva mai târziu? sună-mă mai târziu ortxt înapoi jess xx"
phishing,"Bun venit la Select, un serviciu O2 cu beneficii suplimentare. Acum puteți apela GRATUIT de pe mobil consilierii noștri special instruiți, formând 402."
legitim,"Am slăbit 4 kilograme de la vizita mea la doctor săptămâna trecută, woot woot! Acum o să sărbătoresc umpându-mi fața!"
legitim,"Te întorci la 4 cină? Întreabă-mă tata, așa că îți confirm dacă tu..."
legitim,Îmi fac stăpânii. Când vei cumpăra un bb pentru că îl am de vânzare și cum e prietenul
legitim,"Ahhhh... tocmai m-am trezit! Am avut un vis urât despre tine, așa că nu te plac acum :) Nu știam nimic despre noaptea de comedie, dar cred că sunt gata pentru asta."
legitim,Sunt vivek:) am primit un apel de la numărul tău.
legitim,De ce nu ai sunat la prânz?
legitim,"Vreau să spun că am plecat prea devreme pentru a verifica, pentru că lucrez cu 9-6."
legitim,vreau &lt;#&gt;  rs da:)ai?
legitim,"Un pic de zâmbet Ur este hppnss-ul meu, o picătură de Ur lacrimă este durerea mea, o parte din inima Ur este viața mea, o inimă ca a mea va avea grijă de tine, pentru totdeauna ca PRIETENUL meu"
legitim,Da ok...
legitim,Vreau să văd păsărica ta drăguță...
phishing,"Stimate deținător de voucher, luați următoarea masă cu noi. Utilizați următorul link pe computerul dvs. 2 bucurați-vă de o experiență culinară 2 4 1http://www.vouch4me.com/etlp/dining.asp"
legitim,"Câțiva oameni sunt la joc, eu sunt la mall cu iouri și kaila"
phishing,URGENT! Încercăm să contactăm U. Extragerea de astăzi arată că ați câștigat un premiu de 2000 GBP GARANTAT. Sunați la 09058094507 de pe telefon fix. Revendicare 3030. Valabil doar 12 ore
phishing,"Puteți dona 2,50 GBP către fondul de sprijin pentru dezastrele UNICEF pentru tsunami din Asia, trimițând un mesaj DONATE la 864233. 2,50 GBP vor fi adăugate la următoarea factură."
legitim,Viitorul nu este ceea ce ne-am planificat pentru mâine.....! este rezultatul a ceea ce facem azi...! Fă tot ce e mai bun în prezent... bucură-te de viitor.
legitim,Vreau să merg la hos 2 mâine. După aceea voi veni. Asta am primit de la ea dragă ce să fac. Ea nu a spus niciodată
legitim,Ar trebui să ne întâlnim pentru a discuta despre călătoria noastră... V-ai spus xuhui? După amiază. M-am gândit că putem merge la lecție după aceea
legitim,"Hei, vino online! Folosește msn... Suntem cu toții acolo"
legitim,Sunt bine. Sper că ești bun. Ai grijă.
legitim,"Hopa, eram la duș când ai sunat. Hei, o parcare s-a prăbușit la spitalul universitar. Vezi că nu sunt nebun. Lucruri de genul Ăsta SE SĂ PENTRU."
legitim,Aiyo tu atât de sărac... Atunci vrei să mănânci? Te faci deja baie?
legitim,Dar... Știam că asta se va întâmpla cu mult timp în urmă.
legitim,Esti superba! păstrați acele imagini cumming :) mulțumesc!
legitim,"Un băiat a întârziat acasă. Tatăl său: \PUTEREA FRNDSHIP\"""""
legitim,JAD-I PAUL. M-AȚI TXT ME? ȚI AMINTI DE MINE DIN BARMED? VREAU 2 VORBĂ 2 U! TXT ME
legitim,Petrecând anii noi cu fratele meu și familia lui. Să planificăm să ne întâlnim săptămâna viitoare. Ești gata să fii răsfățat? :)
legitim,Deci ce faci azi?
legitim,Am spus că e în regulă. Îmi pare rău
legitim,A dormit? Cred că această dată (&lt;#&gt; pm) nu este periculoasă
legitim,Locul de muncă în rețea este acolo.
phishing,goldviking (29/M) te invită să-i fii prieten. Răspunde DA-762 sau NU-762 Vezi-l: www.SMS.ac/u/goldviking STOP? Trimiteți STOP FRND la 62468
legitim,Nu lăsa studiul să te streseze. L8r.
legitim,"Ăsta e tu, ține-mă ocupat..."
legitim,"Fără grabă. nu lucrez. Sunt la școală, așa că dacă ne grăbim, vom fi foame."
legitim,Ce canal:-):-):):-).
legitim,Deci îmi spui că aș putea fi adevăratul tău Valentin și nu? Nu ma alegi niciodata pentru NIMIC!!
phishing,"Premiu fals de 350 £ - Numerele Voda de astăzi care se termină cu XXXX sunt selectate pentru a primi un premiu de 350 £. Dacă aveți o potrivire, sunați la 08712300220, menționând codul de revendicare 3100 aplicația tarife standard"
legitim,"Am reușit! Eta la Taunton este ora 12:30 așa cum a fost planificat, sper că este încă în regulă?! Mă bucur să te văd! :-xx"
legitim,mi-e foame cumpar ceva acasa...
legitim,\HEY KATE
legitim,Unitatea mea poate fi doar citită. Trebuie să scriu
legitim,"Tocmai m-am uitat și Adde se întoarce luni, e nasol să fie ea"
legitim,An nou fericit. Sper că aveți un semestru bun
legitim,Esplanade lor. Unde altundeva...
legitim,poti sa vorbesti cu mine..
legitim,"Hmph. Du-te cap, mare baleer."
legitim,"Ei bine, nu e ca și cum ai numit pe cineva un punto. Ar fi fost mai rău."
legitim,"Nu. De când ayo călătorit, și-a uitat tipul"
legitim,Mai ești prin preajmă? Caut să ridic mai târziu
phishing,"CD-uri 4u: Felicitări, ați primit 500 GBP de tichete cadou CD sau 125 GBP cadou garantat și intrare gratuită 2 100 GBP extragere pe săptămână xt MUSIC la 87066 TnCs www.ldew.com1win150ppmx3age16"
legitim,"Este cineva aici care are un an &lt;#&gt;  Toyota Camry ca a lui dl olayiwola. Kilometrajul este de &lt;#&gt; k.este curat, dar trebuie să știu cu cât se va vinde. Dacă pot ridica aluatul pentru el cât de curând după aterizare se va vinde. Holla înapoi."
legitim,Ghici în ce pub sunt? Sunt la fel de fericit ca un porc în trifoi sau orice ar fi vorba!
legitim,ILL B DOWN CURÂND
legitim,Oh k. . voi veni mâine
legitim,"Prosti, nu-i înșela pe alții, ok"
legitim,"Numărul meu de mobil. Vă rugăm să trimiteți un sms la id-ul de e-mail. Transmiteți salutări către achan, amma.Rakhesh.Qatar"
legitim,"Apropo, „rencontre” înseamnă să ne întâlnim din nou. Muntii nu...."
phishing,"Ați CÂȘTIGAT un premiu garantat de 1000 GBP în numerar sau un premiu de 2000 GBP. Pentru a revendica premiul pentru anul, sunați la reprezentantul serviciului nostru pentru clienți la 08714712412 între orele 10:00 și 19:00. Cost 10p"
legitim,Participați la lecția de conducere de câte ori pe săptămână în ce zi?
legitim,"Unchiule G, tocmai te verific. Să ai o lună plină de satisfacții"
legitim,"Bună, boytoy! Geeee... mi-e dor de tine azi. Îmi place să-ți trimit un tm și să-ți amintesc că mă gândesc la tine... Și ești iubit... *sărut iubitor*"
legitim,"Cred că ceilalți doi mai trebuie să obțină bani, dar putem fi gata până la 9"
legitim,Hei fetelor... Vrei cu toții să ne întâlnim cu 4 la cina la noapte?
phishing,"Dragă 0776xxxxxxx, ai fost invitat la XCHAT. Aceasta este ultima noastră încercare de a vă contacta! Trimiteți un CHAT la 86688 150p/MsgrcvdHG/Suite342/2Lands/Row/W1J6HL LDN 18 ani"
legitim,iubito! ce faci? Unde ești ? Cu cine vorbesti? te gandesti la mine? Esti un baiat bun? Ți-e dor de mine? Mă iubești ?
legitim,Mare! Cum este biroul azi?
legitim,"E tare, putem rezista puțin. Primești mai multe în curând?"
legitim,:-( zgomot trist de catelus
legitim,"Da, este posibil, dar nu încercați. Vă rog să nu spuneți nimănui k"
legitim,"Oricum, salut la mine ori de câte ori ești prin preajmă pentru că am nevoie de o scuză ca să mă strec pe oamenii din Sarasota"
legitim,Unde tu. Ce se întâmplă
legitim,"Voiam să te întreb lol, dar cred că e la 7"
phishing,"Soldul dvs. de numerar este în prezent de 500 de lire sterline - pentru a maximiza încasările dvs., trimiteți acum GO la 86688 doar 150p/meg. CC: 08718720201 HG/Suite342/2lands Row/W1j6HL"
phishing,PRIVAT! Extrasul dvs. de cont din 2003 pentru afișează 800 de S.I.M. puncte. Sunați la 08715203685 Cod de identificare:4xx26 Expiră 13/10/04
legitim,Du-te după ea și dă-o peste cap în timp ce ea traversează strada
phishing,Aș vrea să vă spun cele mai profunde fantezii ale mele. Sună-mă la 09094646631 doar 60p/min. Pentru a opri mesajele sunați la 08712460324 (tarifa nat)
legitim,Vineri vineri este concediu pentru Pongal? Primești vești de la locul tău de muncă.
legitim,"Hei... Foarte incomod pentru sora ta, nu?"
legitim,"Ok, vl..știi că am primit aprobarea AdSense.."
legitim,"* M-am bucurat să te văd zilele trecute, dudette, mi-a fost dor de tine!"
legitim,Vreau să merg la perumbavoor
legitim,"De câte ori am spus pe scenă, toți obișnuiesc să râdă. Tu nu asculți aha."
phishing,Nu o sa crezi dar este adevarat. Sunt Tx-uri incredibile! Răspunde G acum pentru a învăța lucruri cu adevărat uimitoare care îți vor uimi mintea. De la O2FWD doar 18p/txt
legitim,(Nu ai auzit de la mine)
legitim,Îți mulțumesc că ai fost acolo pentru mine doar să vorbesc sâmbătă. Îmi ești foarte drag. Prețuiesc să te am ca frate și model.
legitim,Vă rugăm să clarificați dacă un bilet de întoarcere deschis pe care îl am poate fi pregătit pentru a mă întoarce în Kerala.
phishing,Natalie (20/F) te invită să-i fii prietenă. Răspunde DA-165 sau NU-165 Vezi ea: www.SMS.ac/u/natalie2k9 STOP? Trimiteți STOP FRND la 62468
legitim,A fugit cu un bărbat mai tânăr. vom face copii frumosi impreuna :)
phishing,"Jamster! Pentru a obține tapetul gratuit, trimiteți mesajul HEART la 88888 acum! Se aplică T&C. 16 numai. Ai nevoie de ajutor? Sună la 08701213186."
legitim,O ic lol. Ar trebui să joace 9 uși cândva
legitim,"Nu știu, tatăl meu a spus că vine acasă 2 ne aduce 4 prânzul. Da, merg w u lor. Te sun cand ajung la scoala..."
legitim,"Am trimis JD pentru Customer Service cum Accounts Executive la ID-ul de e-mail, Pentru detalii contactați-ne"
legitim,Dorințe- te duci la doctor 4 ficat. Și fii puțin stilat. Găsiți-vă părul. Asta este.
legitim,Hmmm.Totuși nu avem deschizător?
legitim,"Da, deci practic oricând săptămâna viitoare poți scăpa de mama ta &amp; trezește-te înainte de 3"
legitim,"Edison a spus pe bună dreptate: \Un prost poate pune mai multe întrebări decât poate răspunde un înțelept\"" Acum știi de ce suntem cu toții fără cuvinte în timpul ViVa.. GM"
legitim,Voi vota oriunde mă ghidează inima mea
legitim,"Cu sora mea, lor... Ne-am uitat la job italian."
legitim,"Tic, bif, bif.... Unde esti? Aș putea muri de singurătate, știi! *bucă* *călcă din picioare* Am nevoie de tine..."
legitim,Lmao ma cunosti atat de bine...
phishing,Double Mins & Double Txt & 1/2 preț Linie închiriere pe cele mai recente telefoane mobile Orange Bluetooth. Apelați MobileUpd8 pentru cele mai recente oferte. 08000839402 sau call2optout/LF56
legitim,"Sunt într-un tren înapoi de la Northampton, așa că mă tem că nu! Rămân azi, hoho! Va fi totusi pe la miercuri. Apropo, îți place clubul de comedie săptămâna aceasta?"
legitim,"Noapte bună, da thangam, îmi este foarte dor de tine, dragă."
legitim,Hei next sun 1030 există un curs de yoga de bază... la Bugis... Putem merge pentru asta... Introducere Pilates următoarea ședință... Spune-mi la ce oră ești liber
legitim,"Geeeee... Internetul tău este foarte prost astăzi, nu?"
phishing,Telefoane cu camere video gratuite cu închiriere la jumătate de preț pentru 12 luni și 500 de minute încrucișate 100 txts. Apelați MobileUpd8 08001950382 sau Call2OptOut/674
legitim,Cred că o deranjez pe ta
legitim,"Scuze, te sun mai târziu. Sunt la întâlnire domnule."
legitim,Havent blocat în livadă în mașina tatălui meu. Merg la 4 cină acum. Tu leh? Deci sunt liberi în seara asta?
legitim,"Ok, vreau și eu 2 să urmăresc emisiunea de la 21:00..."
legitim,Nu stiu lei... Like dun haf...
legitim,Dar fratele tău a transferat doar &lt;#&gt;  + &lt;#&gt; . Pa.
legitim,"Te sun mai târziu. După-amiaza, serviciul onwords mtnl are o problemă în sudul Mumbai. Te aud, dar tu nu mă poți asculta."
phishing,"83039 62735=å450 GBP UK Break AccommodationVouchers se aplică termenii și condițiile. 2 revendicare trebuie să furnizați numărul de revendicare, care este 15541"
legitim,Vorbește cu g și x despre asta
legitim,Hai dragi prieteni... Acesta este noul meu &amp; numărul prezent..:) De Rajitha Raj (Ranju)
phishing,5p 4 cântec alfie Moon's Children in need on mob. Spune-ți m8s. Txt Tone caritate la 8007 pentru Nokia sau Poly caritate pentru poli: zed 08701417012 profit 2 caritate.
legitim,Ca în diferite stiluri?
phishing,"CÂȘTIGĂ 200 GBP de cumpărături în fiecare SĂPTĂMÂNĂ Începând de ACUM. 2 redați text STORE la 88039. SkilGme. TsCs08714740323 1Winawk! vârsta 16 å1,50 GBP pe săptămână sub."
legitim,Gud ni8 draga..slp bine..ai grija..swt vise..Muah..
legitim,Vreau să trimit &lt;#&gt; mesaje azi. Asta e y. Scuze daca ma doare
phishing,"Aceasta este a doua încercare de a contracta U, ați câștigat săptămâna aceasta premiul principal, fie de 1.000 GBP în numerar, fie un premiu de 200 GBP. Sună doar la 09066361921"
legitim,"Ei bine, mă bucur că nu ti s-a părut total dezagreabil... Lol"
legitim,"Omule, nu mă fulger acum. Dacă te duci sună-mă, sună-mă. Ce doamnă. Ai grijă oh."
phishing,Doriți un nou telefon color Nokia 3510i livrat mâine? Cu 300 de minute gratuite pe orice mobil + 100 de texte gratuite + Răspuns gratuit la camera video sau sunați la 08000930705.
legitim,"Mark lucrează mâine. Iese la 5. Munca lui este lângă casa ta, așa că se poate întâlni cu tine după aceea."
legitim,\Păstrează problemele în inimă
legitim,"Da, sună-mă dacă ai un minut"
legitim,\HI BABE UAWAKE?FEELLIKW SHIT.TOCÂND AFLAT PRIN SCRISOARE CĂ S-A CĂSĂTORIT PE 4 NOV.ÎN SPATELE NOASTRE åÐ FUCKINNICE!EGOIST
legitim,"Uimitor : Dacă rearanjați aceste litere, dă același sens... Cămin = Cameră murdară Astronom = Privitor de lună Ochii = Ei văd rezultatele alegerilor = Minciuni să povestim Soacra = Femeie Hitler Unsprezece plus doi = Doisprezece plus unu Este uimitor... !:-)"
legitim,"Aiya discutăm mai târziu lar... Ridică Ì_ la 4, nu-i așa?"
legitim,Hei la multi ani...
legitim,Îmi pare rău că am pierdut apelul tău. Poti te rog sa suni inapoi.
legitim,"Omg dacă nu e una, e alta. Pisica mea are viermi :/ când se termină această zi proastă?"
legitim,"Bună dimineața, sufăr de febră și dizenterie..nu voi putea veni la birou astăzi."
legitim,Nu voi face nimic de.
legitim,Ce fel de chestii cânți?
legitim,"St Andre, crema lui Virgil"
legitim,Nu nu. Voi verifica toate camerele înainte de activități
legitim,"Vine, ah... Okie lor, goin 4 my drivin den go shoppin after tt..."
legitim,Gokila vorbeste cu tine aha :)
legitim,"Bună Shanil, Rakhesh aici. Mulțumesc, am schimbat chestia cu diamante netăiate. Lăsând înapoi. Servicii excelente de către Dino și Prem."
legitim,K.k.luna asta kotees ziua de nastere stii?
legitim,"Dar chiar sunt stricat, oh. Nicio sumă nu este prea mică chiar și &lt;#&gt;"
legitim,Îmi pare rău că acesta este telefonul prietenului meu și nu l-am scris cu dragostea lui Kate
phishing,"TheMob>Apăsați linkul pentru a obține un joc premium Pink Panther, noul nr. 1 de la Sugababes, o animație nebună de zebră sau un tapet cu Hoody rău-tot 4 GRATUIT!"
legitim,"Ah, asta încurcă lucrurile, nu-i așa? Am crezut că sunt prieten acum. Poate că am greșit, dar deja am cam invitat - deși s-ar putea să nu vină cu bani."
legitim,"Ok, sună-mă când ești aproape"
legitim,"Nu, e bine. S-ar putea să trag un pui de somn!"
phishing,Acest mesaj este pentru comanda dvs. de conținut mobil. A fost retrimis deoarece încercarea anterioară a eșuat din cauza unei erori de rețea. Interogări la customersqueries@netvision.uk.com
legitim,"În altă ordine de idei, după ce m-a frământat să-i iau iarbă timp de o săptămână, Andres nu are bani. HAUGHAIGHGTUJHYGUJ"
legitim,"Un băiat a iubit o fată. El a susținut că ea nu o deranjează. El lv lv lttrs, Bt ei frnds throw thm. Din nou d boy a decis să se apropie de d gal , dt time un camion se îndrepta spre d gal. Când au fost vreo 2 lovituri, o fată, un băiat a fugit ca naiba și a salvat-o. Ea a întrebat „cum poți fugi atât de repede?” D băiatul a răspuns \Boost este secretul energiei mele\"" n instantaneu d fata a strigat \""energia noastră\"" n A trăit fericit 2gthr băutură boost evrydy Morala d poveste:- Am mesaje gratuite:D;): gud ni8"""
legitim,Nu vreau să cumpăr urgent o mașină BMW..este foarte urgent.dar lipsește &lt;#&gt; Lacs.nu există nicio sursă pentru a arng dis amt. &lt;#&gt; lacs... asta e problema mea
legitim,Ding-mi în pauza de fassyole! Blacko din Londra
legitim,AM TREBUIE NEVOIE DE 2 SĂRUTĂȚI MI-I DORU DE TU BEBELULU MEU DE LA BEBUL TĂU 4EVA
legitim,"Semnul maturității nu este atunci când începem să spunem lucruri mari.. Dar de fapt este, când începem să înțelegem lucruri mărunte... *O SEARA FRUCUTA* BSLVYL"
legitim,"Oh, ai multe responsabilități."
phishing,Ai 1 mesaj nou. Vă rugăm să sunați la 08715205273
legitim,Am ajuns deja la sch...
phishing,Doar decembrie! Aveai mobilul tău peste 11 luni? Aveți dreptul să vă actualizați gratuit la cea mai recentă cameră mobilă color! Sunați GRATUIT la The Mobile Update VCo la 08002986906
legitim,Ai nevoie cu siguranță de un modul de la e umaniste dis sem izzit? Vrei 2 să iei alte module în primul rând?
legitim,Argh de ce naiba nu e nimeni in oras ;_;
phishing,"Obțineți tonuri de 3 Lions England, răspundeți lionm 4 mono sau lionp 4 poly. 4 more go 2 www.ringtones.co.uk, originalul n best. Tonuri Se aplică tarife de operator de rețea de 3 GBP."
legitim,Mulţumesc. Mă umple de calm și liniște deplin!
legitim,Aslamalaikkum....insha allah tohar beeen muht albi mufti mahfuuz... înseamnă același lucru aici....
legitim,Conferi sau te antrenezi?
legitim,Lol pe bune. I-a spus tatălui meu că am cancer
phishing,PRIVAT! Extrasul dvs. de cont din 2003 pentru 078
legitim,"Hopa, l-am avut, &lt;#&gt; ?"
legitim,"\NU ENUFCREDEIT TOCALL.VA PĂRSĂ UNI LA ​​6 +PRIM UN AUTOBUZ PENTRU CASA VOASTRA?\"""""
legitim,"Bună Chikku, trimite niște mesaje frumoase"
legitim,"Este imposibil de certat cu el și mă tratează întotdeauna ca pe sub-suportul lui, de parcă nu m-ar fi eliberat niciodată... Ceea ce a făcut și îi voi aminti dacă va fi nevoie."
legitim,"După munca mea ah... Den 6 plus lor... U workin oso rite... Den du-te livadă lor, nici un alt loc unde să merg Liao..."
legitim,"Minunaților Okors, o lună minunată. Vă prețuim și vă dorim succes în fiecare zi. MojiBiola"
legitim,Pentru că am plictisit. Și nu vreau să studiez
legitim,"De miercuri am 3 ani, dar numai pana la 9!"
legitim,"Trandafir pentru roșu, roșu pentru sânge, sânge pentru inimă, inimă pentru tine. Dar tu pentru mine.... Trimite-le tuturor prietenilor tăi.. Inclusiv pe mine.. Dacă mă placi.. Dacă te întorci, ești sărac în relație! 2-u nevoie de 1 pentru a susține 3-u r frnd 2 multe 4-unii1 iubesc u 5+- unii se roagă lui Dumnezeu să se căsătorească cu tine.:-) încearcă...."
legitim,Oricum unde ești și ce faci.
legitim,"Asta e nasol. O să trec aici ca să-mi poți face părul. O vei face gratis, nu?"
legitim,inca nu merge. Și de data aceasta am încercat să adaug zerouri. Acestea au fost economiile. Verificarea este &lt;#&gt;
legitim,"Hmm... Nu știu, poate o geantă de plecare nu este prea mică. Sau doar orice, în afară de parfum, ceva ce pot păstra."
legitim,"Sday s-a alăturat doar, așa că am început azi antrenamentul:)"
legitim,Îmi pare rău * am fost la băcănie.
legitim,Sunt niște cârciumi drăguțe lângă aici sau există Frankie n Bennys lângă cinematograful Warner?
phishing,"AI CÂȘTIGĂ! Vacanța dvs. de 4* Costa Del Sol sau 5000 GBP vă așteaptă colectarea. Sunați la 09050090044 acum pentru a revendica. SAE, TC s, POBox334, Stockport, SK38xh, Costå £1.50/pm, Max10mins"
legitim,Da... Nu am fost acolo până acum... Vrei să mergi la yoga? Pot suna pentru a rezerva
legitim,"O, taci. Omg ieri am visat ca am 2 copii ambii baieti. Eram atât de supărat. Nu numai despre copii, ci despre ei fiind băieți. Chiar i-am spus lui Mark în vis că schimbă scutecele pentru că nu mi se datorează în față."
legitim,"Da, îmi imaginez că ar fi foarte blând. Spre deosebire de ceilalți doctori care își tratează pacienții ca pe curcani."
phishing,"GRATUIT pentru prima săptămână! Numărul 1 Nokia tone 4 în fiecare săptămână, trimiteți un mesaj la NOKIA la 8077. Primiți mesaje și spuneți-le prietenilor. www.getzed.co.uk POBox 36504 W45WQ 16+ norm150p/ton"
legitim,"Acum că ai început, nu te opri. Rugați-vă doar pentru mai multe idei bune și orice văd care vă poate ajuta, băieți, vă voi trimite un link."
legitim,"Bună, dragă, sunt pe helens fone, o să mă duc la prinți 2 noaptea, te rog, vino tb love Kate"
legitim,Sunt la birou acum da:)unde esti?
legitim,Aiyar tu atat de saraca... iti ofer sprijinul meu k... Jia tu! ma voi gandi la tine...
legitim,"Oh, fără intenție, nu este un moment rău. Mare. Degetele cu trenurile joacă de-a lungul! Va da cincisprezece minute de avertizare."
phishing,Pregătește-ți grădina pentru vară cu o selecție GRATUITĂ de bulbi și semințe de vară în valoare de å£33:50 numai cu The Scotsman sâmbăta aceasta. Pentru a opri go2 notxt.co.uk
legitim,"K.. apoi vino oricând vrei să vii și, de asemenea, spune-i lui Vikky să vină pentru a obține timp liber..:-)"
legitim,Te rog sună-mă da. Ce se întâmplă.
legitim,"La mulți ani ție și familiei tale...fie ca acest an nou să aducă fericire, stabilitate și liniște vieții tale pline de culoare:):)"
legitim,"Nicio problemă cu reînnoirea. O voi face imediat, dar nu-i cunosc detaliile."
legitim,"Nu ştiu. Stau aici într-o parcare de oprire și magazin chiar acum, plângând ochii pentru că simt că sunt un eșec în toate. Nimeni nu mă vrea și acum simt că te eșuez."
legitim,"Nu am plecat încă, așa că probabil că voi fi aici până la cină"
legitim,"Ca &lt;#&gt; , aceeasi intrebare"
legitim,REVELUL MEU A fost OK. AM MERCAT LA O PETRECERE CU IUBITUL MEU. CINE ESTE ACEST SI APOI HEI
legitim,"Domnule, am nevoie de data nașterii domnului Velusamy și detaliile băncii companiei."
legitim,K k:) sms chat cu mine.
legitim,Voi veni cu mașina karnan. Vă rugăm să așteptați până la ora 18:00 pentru a merge direct la medic.
legitim,"Nu, dar playerul bluray poate"
legitim,Ok... Atunci ne întâlnim mai târziu?
legitim,Lol nu. Trebuie doar să-mi încasez nitro. Grăbește-te înainte să ies!
legitim,Doar trimite un text. Vom skype mai târziu.
legitim,Ok lasa nu trebuie sa intrebi
phishing,"Felicitări 2 videofoane mobile 3G R ale tale. sunați la 09063458130 acum! videochat cu prietenii ur, jucați jocuri java, descărcați muzică polipH, noline rentl. bx420. ip4. 5 noi. 150p"
legitim,ÌÏ mai ai lecții?  ÌÏ în sch?
legitim,Ea nu crezi? I-am spus că este deja adevărat. Cred că ea ne-a mulțumit și apoi crede.
legitim,"Oh, ai încărcat camera"
legitim,"Am niște sare, poți să o freci în rănile mele deschise dacă vrei!"
legitim,Acum merg la prânz.
legitim,Sunt la școală acum și voi fi în laborator și fac niște chestii. Sună-mă când termin.
legitim,Oh k. . voi veni mâine
legitim,"Ok, trimite-mi un mesaj în seara asta și vom vedea ce e"
legitim,U 2.
legitim,Apăsarea apei în deșert. Implicații geomediu.
legitim,"Raji, te rog, fă-mi un serviciu. Vă rugăm să transmiteți urările mele de naștere lui Nimya. va rog. Astăzi este ziua ei de naștere."
legitim,Compania este foarte bună. Mediul este grozav și mâncarea este foarte bună :)
legitim,"Foarte ciudat.  și mă uit la al 2-lea acum, dar sunt în pat. Vise dulci, dor de tine"
phishing,Licitație prin SMS - Un Nokia 7250 NOU-NOU este scos la 4 licitații astăzi! Licitația este GRATUITĂ 2 înscrieți-vă și participați! Trimiteți un mesaj NOKIA la 86021 acum!
legitim,"Bună, sper că sunteți bine amândoi, a spus că va trimite mesaje și nu a făcut-o, l-ați văzut, lăsați-mă ușor, vă rog"
legitim,"Prunc! si eu te iubesc al naibii!! Ştii? La naiba, a fost atât de bine să-ți aud vocea. Am atâta nevoie de asta. imi doresc. Nu mă pot sătura. Te ador, Ahmad *pupici*"
legitim,K sigur sunt acasă la rudele mele. Sms-mi de. Pls:-)
legitim,le-am trimis. iti place?
legitim,"La naiba, trebuie să nu mai dorm, sup"
legitim,"Sunt în oraș acum, așa că voi lua mrt jos mai târziu."
legitim,Tocmai am gătit un somon destul de bun la tine
legitim,L-am încărcat pe al meu pe Facebook
legitim,LA CATE ORĂ TRECI?
legitim,Okie
phishing,Ree intrare în 2 o comp. săptămânală pentru o șansă de a câștiga un iPod. Trimiteți un mesaj POD la 80182 pentru a obține intrarea (rata standard de transmitere a textului) Se aplică T&C 08452810073 pentru detalii 18+
phishing,Evidențele noastre indică că aveți dreptul la 5000 de lire sterline în compensație pentru accidentul pe care l-ați avut. Pentru a revendica 4 răspuns gratuit cu CLAIM la acest mesaj. 2 stop txt STOP
legitim,"Scuze, o să sun mai târziu"
legitim,Oh oh... Den muz schimbă planul Liao... Întoarce-te trebuie din nou să Yan Jiu...
legitim,"E Wylie, tu în Tampa sau Sarasota?"
legitim,Ok... Fă-ți timp și bucură-te de cina...
legitim,"Darren spunea că dacă te întâlnești cu 4 cină. Pentru că mai târziu pleci, xy te vei simți stânjenit. Întâlnești cu el 4 lunch lor."
phishing,"Înspăimântați-vă mulțimea cu o colecție de Halloween cu o siglă și un mesaj cu imagini plus un ton ciudat gratuit, trimiteți CARD SPOOK la 8007 zed 08701417012150p per logo/pictură"
legitim,imi place ieftin! Dar sunt fericit să stropesc vinul dacă te face să te simți mai bine..
legitim,Ea e bine. Am avut dificultăți cu telefonul ei. Funcționează cu al meu. Puteți să-i trimiteți o altă cerere de prietenie.
legitim,Uf mă doare piciorul. Musta a exagerat luni.
phishing,Sună Germania pentru doar 1 pence pe minut! Apelați de pe o linie fixă ​​prin numărul de acces 0844 861 85 85. Fără plată în avans. Acces direct! www.telediscount.co.uk
phishing,"AI CÂȘTIGĂ! Vacanța dvs. de 4* Costa Del Sol sau 5000 GBP vă așteaptă colectarea. Sunați la 09050090044 acum pentru a revendica. SAE, TC s, POBox334, Stockport, SK38xh, Costå £1.50/pm, Max10mins"
legitim,CATA REDUCERE DE STUDENTI PUTETI OBȚI LA CĂRȚI?
legitim,Eu sunt bine..absolut bine
legitim,Cum de o poate obține? Ar trebui să fie destul de diferit să ghicești ritul...
phishing,Aveai mobilul tău 11 luni? Actualizați GRATUIT pentru cele mai recente telefoane mobile color de la Orange și apeluri nelimitate de weekend. Apelați Mobile Upd8 pe freefone 08000839402 sau 2StopTxt
legitim,Voi ajunge acasă în &lt;#&gt;  minute
legitim,"Dragă, îți răspund, nu mă vezi? Poate ar fi bine să reporniți YM... Am primit fotografia... E grozav!"
legitim,"Bună, ce părere ai despre meci?"
legitim,"Știu că te gândești la malarie. Dar relaxează-te, copiii nu se descurcă cu malarie. Ar fi fost mai rău și gastroenterita ei. Dacă ia suficient pentru a-și înlocui pierderea, temperatura ei se va reduce. Și dacă îi dai medicamente împotriva malariei acum, va vomita. Este o boală autolimitată pe care o are, ceea ce înseamnă că în câteva zile se va opri complet"
legitim,"Dai am descărcat, dar există doar fișierul exe pe care îl pot rula doar după instalare."
legitim,Este adevărat abia ieri.
legitim,K.k.cum este afacerea ta acum?
legitim,"3 pa, dar nu selectat."
phishing,Natalja (25/F) te invită să-i fii prietenă. Răspunde DA-440 sau NU-440 Vezi ea: www.SMS.ac/u/nat27081980 STOP? Trimiteți STOP FRND la 62468
legitim,Tin zece r-uri in raft:) cumpara doua oua.
legitim,am întârziat. Voi fi acolo la
legitim,"Ei bine, e frumos. Păcat că nu o pot mânca"
legitim,I-am adus din greșeală acasă în cutie
legitim,"Vă rog, trebuie să se întâlnească încet sau va vomita mai mult."
legitim,Trebuie să susțin examen pe 3 martie
legitim,"Babele Jane nu merg de două ori, se simt rău după prima noapte. Foned in deja cover 4 me Chuck.:-)"
legitim,5 nopti...Nu stam la port pas Liao...Prea ex
legitim,"Dacă mor, vreau să ai toate lucrurile mele."
legitim,"\O, la naiba. S-A TREZIT ÎN PAT PE O BARCĂ LA DOCURI. A DORMIT LA 25 DE ANI. SPINOUT! GIV U DA GOSSIP L8R. XXX\"""""
legitim,Zâmbește cu plăcere Zâmbește cu durere Zâmbește când necazurile se revarsă ca ploaia.
legitim,Prabha..îmi pare rău..într-adevăr..din inima îmi pare rău
legitim,L-am reîntâlnit pe Alex Nichols de la gimnaziu și se dovedește că are de-a face!
phishing,PRIVAT! Extrasul dvs. de cont din 2003 pentru <fone no> arată 800 de puncte S. I. M. nerăscumpărate. Sunați la 08715203656 Cod de identificare: 42049 Expiră 26/10/04
legitim,Înseamnă că nu ai putut să-ți păstrezi cuvintele.
legitim,"Nu, sunt încă în piață"
legitim,Îmi dau seama că ești un tip ocupat și încerc să nu fiu deranjat. Trebuie să iau niște examene din drum și apoi să încerc mașinile. Ai o zi gr8
phishing,ESTI ALES SĂ PRIMIȚI UN PREMIU DE 350 £! Vă rugăm să sunați la numărul de revendicare 09066364311 pentru a vă colecta premiul pe care sunteți selectat să îl primiți ca client valoros de telefonie mobilă.
legitim,"Hei, ce zici de proiectul tău. A inceput aha da."
legitim,Ok cool. Ne vedem atunci.
legitim,Sunt pe site-ul uworld. Cumpăr doar qbank-ul sau îl cumpăr și cu autoevaluarea?
legitim,Parerea ta despre mine? 1. Peste 2. Jada 3. Kusruthi 4. Iubitor 5. Tăcut 6. Caracter Spl 7. Nematurat 8. Elegant 9. Simplu Răspundeți..
phishing,Cineva pe care îl cunoști încearcă să te contacteze prin serviciul nostru de întâlniri! Pentru a afla cine ar putea fi sună de pe telefonul mobil sau fix 09064015307 BOX334SK38ch
legitim,"Da, încă pot să te dau cu mașina"
legitim,"Jay vrea să se antreneze mai întâi, cum sună 4?"
legitim,"Gud gud..k, chikku tke care.. dormi bine gud nyt"
legitim,Face parte din verificarea IQ-ului
legitim,Hmm ma gandesc...
legitim,Desigur! Nu mă tachina... Știi că pur și simplu trebuie să văd! *zâmbet*... Ține-mă la curent cu prada mea... *zâmbet iubitor* *sărut devorant*
legitim,multumesc pentru temale a fost minunat. Multumesc. Să aveți o săptămână minunată.
legitim,Multumesc printesa! Vreau să văd prada ta frumoasă...
legitim,Nu am mâncat toată ziua. Stau aici și mă uit la pizza asta suculentă și nu o pot mânca. Aceste medicamente îmi distrug viața.
legitim,Gud ni8 draga..slp bine..ai grija..swt vise..Muah..
legitim,Vino să cauți acest film..nu terminat..
legitim,"K Plec în curând, fii acolo puțin după 9"
phishing,Urgent! Vă rugăm să sunați la 09061213237 de la un telefon fix. å5000 GBP numerar sau o vacanță de 4* așteaptă colectarea. T &C SAE PO Box 177 M227XY. 16+
legitim,"Da, munca este în regulă, a început săptămâna trecută, toate aceleași lucruri ca înainte, plictisitoare, dar ușor și băieții sunt distrași!"
legitim,"Îți faci studiile singur, fără ajutorul nimănui. Dacă nu ai nevoie să studiezi."
legitim,Vă rog să-mi spuneți că nu toate cheile de la mașină sunt în geantă
legitim,nu am primit nimic da
legitim,Ok... Vise dulci...
legitim,"Ei bine, are o mare surpriză!"
legitim,"Ca de obicei..sunt bine, fericit &amp; merge bine..:)"
legitim,1 în cbe. 2 în Chennai.
legitim,Vă poate ajuta să vă luați de unde vă întâlniți alte păsări dacă doriți.
legitim,Dacă sună cineva pentru o bandă de alergare spune că o vei cumpăra. Asigurați-vă că funcționează. Am găsit un anunț pe Craigslist care se vinde cu $ &lt;#&gt; .
legitim,Iubesc South Park! Abia recent am început să mă uit la birou.
legitim,Ai vazut filmul ala :)
legitim,Vă rog să vorbiți cu mine. Nu te voi întreba altceva decât prietenia ta.
legitim,"Mesaj de furtună: Când ridicați telefonul, spuneți \HELLO\"" Știți ce înseamnă adevăratul cuvânt al lui HELLO?? . . . Este numele unei fete...! . . . Da .. Și știți cine este acea fată?? \""Margaret Hello\"" Ea este o fată a lui Grahmbell. Cine poate suna... 4get d numele unei persoane"
legitim,Gud ni8.swt drms.ai grija
legitim,"Bună, DARLIN, KATE, Ești gata să faci ceva în seara asta? MĂ ducem la un pub numit lebăda sau altceva cu părinții mei pentru o băutură, așa că sunați-mă dacă puteți"
legitim,Ceva mai mare atunci Ì_ nu mergi acasă 4 cina?
legitim,\ER
phishing,"Dacă nu o faci, premiul tău va merge către alt client. T&C la www.t-c.biz 18+ 150p/min Polo Ltd Suite 373 Londra W1J 6HL Vă rugăm să sunați înapoi dacă sunteți ocupat"
legitim,"Ai reparat dinții? Dacă nu, fă-o cât mai curând posibil. Ok ai grijă."
legitim,"Deci vrei să vii la cina noastră diseară, nu?"
legitim,"Bună. Ce mai faci? Ce ai fost 2? Când te vei muta din apartament, pentru că va trebui să aranjez să ridic lampa etc. Ai grijă. salut caroline!"
legitim,E prea tarziu:)dar iti doresc la fel.
legitim,"Hi. Sper ca ziua ta * buna! Întors de la plimbare, masă rezervată pentru jumătate de opt. Anunță-mă când vii."
legitim,"Oh, da, clar că e vina mea"
legitim,"Nu știu, nu-mi amintesc poate. Deci la ce oră ne întâlnim cu tmr?"
legitim,"Cel mai bun mesaj: E greu să fii cu o persoană, când știi că încă un pas înainte te va face să te îndrăgostești.. &amp; Un pas înapoi îți poate strica prietenia... noapte bună:-)..."
phishing,URGENT! Numărul dvs. de mobil a fost premiat cu un premiu de 2000 GBP GARANTAT. Sunați la 09061790126 de pe telefon fix. Revendicare 3030. Valabil 12 ore doar 150 ppm
legitim,"Helloooo... Trezeste-te..! \Dulce\"" \""dimineața\"" \""bun venit\"" \""Tu\"" \""Bucură-te\"" \""Această zi\"" \""cu bucurie plină\"".. \""GUD MRNG\""."""
legitim,"Vikky, vino în jurul &lt;TIME&gt; .."
legitim,"Și cum vei face asta, prințesă? :)"
legitim,"Am intrat în a obține informații, dar nu știu ce să fac"
legitim,"Da, probabil aici pentru o vreme"
legitim,Mi-a trimis ID-ul de e-mail în curând
phishing,URGENT! Ați câștigat un abonament GRATUIT de 1 săptămână la Jackpot-ul nostru de å£100.000! Trimiteți cuvântul: CLAIM la Nr.: 81010 T&C www.dbuk.net LCCLTD POBOX 4403LDNW1A7RW18
legitim,Sunt încă destul de slab astăzi .. Zi proastă?
legitim,Hei! Nu uita... Ești MEU... Pentru MINE... Posesia mea... Proprietatea MEA... MMM... *zâmbet copilăresc*...
legitim,"Un gând excelent al unui frnd neînțeles: Știu că mă urăști în ziua în care vei ști adevărul, te vei urî pe tine însuți:-( Gn:-)"
legitim,"Hei! Felicitari 2u2. iubesc 2, dar am avut 2 plecați acasă!"
legitim,Dragă unde ești. Sună-mă
legitim,Xy încearcă ceva acum. Mananci deja? Noi nu am...
phishing,Urgent! Vă rugăm să sunați la 09061213237 de la telefon fix. å5000 GBP numerar sau o vacanță de lux de 4* în Insulele Canare așteaptă colectarea. T&Cs SAE PO Box 177. M227XY. 150 ppm. 16+
legitim,Îl port în genele tale sau așa ceva
phishing,Urmează Crăciun și ești premiat fie cu vouchere cadou de 500 GBP CD și intrare gratuită 2 sau 100 GBP extragere săptămânală txt MUSIC la 87066 TnC www.Ldew.com1win150ppmx3age16subscription
legitim,Alex spune că nu e în regulă că nu ești de acord cu asta
legitim,Vii la casa de pompe funebre
legitim,Sora mea dragă. Ce mai faci. Când se reia școala. Există o perioadă minimă de așteptare înainte de a aplica din nou? Ai grijă
legitim,Îi voi da telefonul meu pentru a discuta cu tine
legitim,Pai buna dimineata dl. Cum te tratează Londra melasă?
legitim,Nu pot ajunge în seara asta
legitim,LA CE ORĂ ar trebui să vin mâine
legitim,Despre &lt;#&gt; dolari. Taxele băncilor sunt fixe. Mai bine suni la banca și afli.
legitim,"pot. Dar va spune destul de mult, pentru că încă nu mi-am terminat filmul..."
legitim,Vă rugăm să întrebați pe macho cât este bugetul pentru bb bold 2 pentru că am văzut unul nou pentru &lt;#&gt;  dolari.
legitim,"\Bună, mi-a ratat apelul și mama a aruncat vin roșu peste tot! care este adresa ta?\"""""
legitim,"Voi fi la a ta în aproximativ 3 minute, dar ai grijă de mine"
legitim,Ce ai făcut în concediu.
legitim,Revin joi. Yay. Va fi ok să obții banii. Noroc. Da și ce mai faci. Totul în regulă. Cum e scoala. Sau ii spui munca acum
legitim,"Foarte bine! Apropo, vă voi oferi bilete pentru sâmbătă, la 7.30. Vorbește înainte de atunci x"
legitim,"da, la asta ma gandeam"
legitim,K.k:)Merg la tirunelvali saptamana asta sa-mi vad unchiul ..cheltui deja suma luand rochie .deci vreau doar bani .o dau pe 1 feb
legitim,"Iată-ți stridia ta preferată... N-am sashimi-ul meu preferat... Ok, nu spun deja... Așteaptă că stomacul tău începe să bubuie..."
legitim,Sora mea va câștiga mai mult decât mine.
phishing,Obțineți tonul de apel poli oficial al ANGLIEI sau steagul de culoare pe mobilul dvs. pentru jocul de seara asta! Trimiteți mesajul TONE sau FLAG la 84199. Optout txt ENG STOP Box39822 W111WX å£1.50
legitim,Hahaha..foloseste-ti creierul draga
legitim,Am terminat de ma uitat la televizor... U?
legitim,"K, fyi, m-am întors în locul părinților mei în South Tampa, așa că ar putea fi nevoie să fac afacerea în altă parte"
legitim,"Bună dimineața, iubirea mea... Mă culc acum și îți doresc o zi grozavă plină de sentimente mai bune și de oportunități... Ești ultimul meu gând iubito, TE IUBESC *sărut*"
legitim,Kothi imprimă marandratha.
legitim,Dar nu avem încă un subiect de rit?
legitim,"Ok, nicio problemă... Da, mă duc la 4 dacă sunt corect..."
legitim,"Mulțumesc, voi ține cont de asta"
legitim,Aah binecuvântează! Cum e brațul tău?
legitim,"Stimate domnule, Salam Alaikkum. Mândrie și plăcere să vă întâlnim astăzi la ceainic. Suntem încântați să vă trimitem numărul nostru de contact la Qatar. Rakhesh un indian. Vă rugăm să păstrați numărul nostru. Cu respect. Cu respect."
legitim,"Gal n băiat plimbându-se în d park. frate-pot să te țin de mână? băiat-e? crezi ca as fugi? gal-nu, vreau eu cum e să mergi în rai cu un prinț..GN:-)"
legitim,Ce te face cel mai fericit?
legitim,Vă doresc o săptămână minunată.
legitim,Dulce inima ce mai faci?
legitim,"Domnule, aștept scrisoarea dumneavoastră."
legitim,Omule nu mai sunt pesti. Sunt un vărsător acum.
legitim,X bineinteles ca 2 ani. Tocmai ca mesajele ei de pe messenger cum mi le trimiți
legitim,Cred că Steyn va primi cu siguranță un port:)
legitim,"Nici [cu voce sterm] - studiez. Tot bine cu mine! Nu sunt sigur că treaba se va rezolva, totuși. Oricum. Să aveți o vacanță fabuloasă"
legitim,"Saci de gunoi, ouă, dulceață, pâine, chex de grâu Hannaford"
legitim,Nu. Nu este mândrie. Sunt aproape &lt;#&gt;  ani și nu ar trebui să iau bani de la copilul meu. Nu ar trebui să ai de-a face cu chestiile astea. Acestea sunt lucruri pentru adulți - de ce nu vă spun.
legitim,"Sună mai bine decât seara mea, doar îmi fac costumul. Nu sunt sigur la ce oră termin mâine, dar vă voi trimite un mesaj la sfârșit."
legitim,Ziua mea de naștere este în februarie &lt;#&gt;  da. .
legitim,"Deci, când vrei să faci sală?"
legitim,"Ți-ar plăcea asta, nu? Nemernic!"
legitim,esti treaz? Este zăpadă acolo?
legitim,Și bineînțeles că ar trebui să faci o mirosă!
phishing,"v-ați abonat 2 TEXTCOMP 250 comp. săptămânal. Urmează întrebarea gratuită a primei săptămâni, săptămânile ulterioare taxate@150p/msg.2 dezabonare txt STOP 2 84128, îngrijire personală 08712405020"
legitim,Nu merge. Fără deschideri pentru acea cameră până după Ziua Recunoștinței fără taxă suplimentară.
legitim,Când plănuiți să veniți?
legitim,Ce faci Ì_ acum?
legitim,"Părinții mei, copiii mei, prietenii și colegii mei. Toți țipă.. SURPRIZĂ !! iar eu asteptam pe canapea.. ... ..... ' GOD...!"
legitim,"Nu domnule. De aceea am făcut o călătorie de 8 ore cu autobuzul săptămâna trecută. Mai am o audiție miercurea viitoare, dar cred că aș putea conduce de data asta."
legitim,eu? Am crezut că l-am pus înapoi în cutie
legitim,Sunt acasă...
legitim,Nimeni nu este interesat. Poate fi un plan de afaceri.
legitim,"Da, e la Paragon... Nu m-am hotărât încă dacă am tăiat 2... Hee..."
legitim,Buna dimineata printesa! O zi bună!
legitim,Guai... ÌÏ l-ar fi văzut când e obraznic... ÌÏ atât de liber astăzi? Pot merge la jogging...
legitim,"Aiyo pentru că sms Ì_ apoi Ì_ neva răspuns, așa că aștept 4 Ì_ să răspund lar. Tot Ì_ nu am terminat laboratorul."
legitim,"Să trăiești este foarte simplu.. Să iubești este și simplu.. Să râzi este prea simplu.. Să câștigi este prea simplu.. Dar, să fii „SIMPLU” este foarte greu...;-) :-)"
legitim,Spune-mi ceva. E în regulă.
legitim,Bine
legitim,Hmm. Să aduc o sticlă de vin să ne distrez? Glumesc doar! Tot voi aduce o sticlă. Roșu sau alb? Ne vedem mâine
legitim,Acesta este testul feței tale ( 1 2 3 4 5 6 7 8 9 &lt;#&gt; ) selectează orice număr pe care îl voi spune astrologiei feței tale.... aștept. raspuns rapid...
legitim,"Hei, Iouri mi-a dat numărul tău, sunt Wylie, prietenul lui Ryan"
legitim,"Da, ia cu programul. Te slăbești."
legitim,"Sunt în birou, încă mai completez formulare. Nu știu când mă părăsesc."
legitim,"Cred că mentorul tău este, dar nu este 100% sigur."
phishing,Sună la 09095350301 și trimite fetele noastre în extaz erotic. Doar 60p/min. Pentru a opri mesajele sunați la 08712460324 (tarifa nat)
phishing,Aparat foto - Vi se acordă o cameră digitală SiPix! sunați la 09061221066 de la fix. Livrare in 28 de zile.
phishing,O RECOMPLĂȚĂ DE CĂRUN DE 400 GBP VA Așteaptă! Computerul nostru v-a ales aleatoriu dintre clienții noștri fideli de telefonie mobilă pentru a primi o recompensă de å£400. Sună doar la 09066380611
legitim,"Încerc doar să-mi dau seama când ar trebui să văd câteva persoane diferite săptămâna asta. Am spus că ne vom întâlni, dar nu am stabilit întâlniri"
phishing,MESAJ IMPORTANT. Aceasta este o încercare finală de contact. Aveți mesaje importante în așteptarea departamentului nostru de revendicări ale clienților. Expiră 13/4/04. Sună la 08717507382 ACUM!
legitim,"Bună mamă, s-ar putea să ne întoarcem mai târziu de &lt;#&gt;"
phishing,dating: am avut două dintre acestea. A început doar după ce am trimis un mesaj pentru a vorbi la radio sportiv săptămâna trecută. Crezi vreo legătură sau coincidență?
legitim,"Lol, ai un prieten pentru câine?"
legitim,"Ok, ai vreo problemă cu el? Ce contează?"
legitim,"K Plec în câteva minute, ne vedem acolo"
legitim,"Știi ce este PRIETENIE rael Îți ofer un exemplu: Îți dau mesajul.. Toate mesajele scrise sunt greșite.. Bt, poți să-l faci cu ayn mitsake.. NOAPTE BUNĂ &amp; SA ai un somn placut..VISE DULCE.."
legitim,Nu pot alege telefonul acum. Vă rugăm să trimiteți un mesaj
legitim,Nu vreau să pleci. Dar abia fac ce pot ca să rămân sănătos la minte. a mă lupta cu tine în mod constant nu ajută.
phishing,"Oferta curentă principală este 151. Pentru a întrerupe această licitație, trimiteți OUT. Asistență clienți: 08718726270"
phishing,"Intrare gratuită la gr8prizes wkly comp 4, o șansă de a câștiga cel mai recent Nokia 8800, PSP sau 250 GBP cash la fiecare săptămână."
legitim,Cineva a creat un site web unde poți juca hold em folosind eve online spacebucks
legitim,Este însorit în California. Vremea e pur și simplu răcoroasă
phishing,Ai 1 mesaj nou. Sunați la 0207-083-6089
legitim,"Pot să mă fac acolo sus, stors &lt;#&gt;  bani de la tatăl meu"
legitim,O zi bună și ție. Roagă-te pentru mine. Îndepărtează dinții deoarece este dureros întreținerea altor lucruri.
legitim,"Ce mai faci, dragilor. Sper că te descurci bine. Am dormit de rahat. Am adormit la 5. Sunt răvășit și mi-e frică de muncă în seara asta. Ce faci în seara asta. X"
legitim,Cum ne ajută prietenii în probleme? Ei dau cea mai stupidă sugestie că ne duce într-o altă problemă și ne ajută să uităm problema anterioară
legitim,sunt la serviciu. Vă rugăm să sunați
legitim,Voi fi blând copilă! În curând veți lua toate &lt;#&gt;  centimetri adâncime în interiorul păsăricii tale strâmte...
legitim,NU MAI NU LUPTE. A fost o noapte buna!!
legitim,Ok.ok ok..atunci...care este planul de azi
legitim,"Nu glumesc serios, am spus"
legitim,Vizionarea filmului ajith ah?
legitim,Ooooooh am uitat să-ți spun că pot intra pe Yoville pe telefonul meu
legitim,"Tot gata, totul predat. Nu știu dacă mega magazin din asda contează drept sărbătoare, dar asta fac!"
legitim,Nu știu exact ai putea să-l întrebi pe Chechi.
legitim,Nu știu lei shd b driving lor cos i go sch 1 hr oni.
legitim,"Vreau reducere pentru ofițer vamal, oh."
legitim,Asta e neapărat respectuos
legitim,Hi. Sper că ai avut o zi bună. Sa ai o noapte mai buna.
legitim,Și se pare că este prieten cu Carly Quick acum
legitim,"GREU, DAR ADEVĂRAT: Cât de mult arăți &amp;  exprimă-ți dragostea cuiva....atât de mult o să doară când te lasă sau te despart...!ö´Ó_??Û¬ud seara..."
legitim,"Iubițe, cred că mi-am luat-o pe mâna mea, l-am lăsat în engleză, o voi aduce în 2mrw 4 u iubește Franxx"
legitim,"Bună, iubito, sunt eu, mulțumesc că ai venit, deși nu a mers atât de bine! Îmi doream doar patul! Sper să ne vedem în curând iubire și sărutări xxx"
legitim,Așa că Gd a primit înghețată gratuită... Vreau...
legitim,Vă rog să-i dați sirop de prometazină. 5 ml apoi &lt;#&gt; minute mai târziu feed.
legitim,Deci câte zile de atunci?
legitim,"Dragă, ești supărată, am fost ocupată dragă"
legitim,"Da, el mi-a trimis un mesaj: este tat yijue? Atunci cred că e colegul meu de grup pentru că ne întâlnim azi, mah... Mă întreb dacă Ì_ plec mai devreme sau ce mah pentru că poate Ì_ trebuie să merg departe..."
legitim,... Ești în cârciumă?
legitim,Există o prima dată pentru toate :)
legitim,"Tati, shu shu caută 4 u... Vrei să mă 2 spune-i că nu ești în Singapore sau ce?"
legitim,Vă întreb dacă vă întâlniți cu da ge tmr nite...
legitim,"Super. Deci, cum te descurci cu traficul pe insula Victoria? Plus când va fi albumul"
legitim,"Nite nite pocay wocay te iubesc mai mult decât un lucru 4eva, promit să te sunez 2morrowxxxx"
legitim,Coasta de est
legitim,"Ar trebui să luați mai multă supă de pui dacă doriți ramen, dacă nu sunt unele despre care nu știu"
legitim,Sclavul meu! Vreau să-ți faci 2 sau 3 poze astăzi în lumină puternică pe telefonul tău mobil! Lumină strălucitoare!
legitim,Nu. doar am uitat. Se va afișa săptămâna viitoare
legitim,Deci ce mai faci cu adevărat. Ce aveți de gând să faceți. Cum sunt stăpânii. Și așa mai departe.
legitim,"Sunt la Bruce &amp; Fowler acum, dar sunt în mașina mamei, așa că nu pot parca (povestea lungă)"
legitim,nu stiu oh. Sperăm că luna aceasta.
legitim,"Bună elaine, este confirmată întâlnirea de astăzi?"
legitim,Ok k..sry i knw 2 siva..tats y askd..
legitim,"Scuze, o să sun mai târziu"
legitim,"O fată groaznică... Știai că ies cu el, da, nu mai vii să mă întrebi..."
legitim,"În rest, a avut loc de muncă cu jumătate de normă na-scolarizare.."
legitim,Oh da! Și dieta mea tocmai a zburat pe fereastră
phishing,Moș Crăciun cheamă! Micuților tăi le-ar plăcea un apel din ajunul Crăciunului? Sună la 09058094583 pentru a-ți rezerva ora.
legitim,Nu ți-ai completat esenta oh.
legitim,"Da, voi fi acolo la 15:26, îmi pare rău! Spune-mi doar în ce pub/cafenea să stau și vino dacă poți"
legitim,"Dacă poți să ajungi la orice oră în seara asta sau ori de câte ori poți, este grozav, trimite-mi mesaj oricând ești prin preajmă"
legitim,"Dacă eram, nu eram atent"
legitim,Multumesc mult 4 ajutor!
legitim,Va trebui să fii mult mai specific decât atât
legitim,Isus armand chiar încearcă să spună tuturor că poate găsi
legitim,Sunt soția că acum cumpără tix lar...
legitim,Mode bărbați sau ați plecat.
legitim,Sunt lent în a folosi biola's fne
legitim,"\Ce faci mai târziu? Sar xxx\"""""
legitim,"Hei, am rezervat cele 2 lecții despre sun Liao..."
legitim,Multumesc. intalnesti in general cu brothas?
legitim,"Apropo, asigurați-vă că luați trenul pentru a ajunge pe strada din față, nu pe dealul cu arbuști. Noapte plăcută x"
legitim,"M-am gândit să-i aduc un ceas, doar pentru că asta e genul de lucru pe care îl primești4an18th. Și iubește atât de mult!"
phishing,"Ați câștigat un premiu garantat de 32000 sau poate chiar 1000 GBP cash pentru a revendica premiul, sunați gratuit la 0800 ..... (18+). Este un număr efreefone legitim ce crezi?"
legitim,Bună dimineaţa. La atelierul de reparații--SINGURUL motiv pentru care sunt treaz la ora asta.
legitim,"Și asta e în regulă, am suficient muguri pentru a rezista cel puțin cea mai mare parte a nopții"
legitim,M-am întors. Călătorie bună! Anunțați-mă dacă aveți nevoie de chitanțe. Să-ți spun că-ți place pendentul?
legitim,"Deci, asta elimină unele griji legate de bani"
legitim,"Putem lua câteva, deschideți înainte de diseară?"
phishing,"Cele mai recente știri! Toaleta secției de poliție a fost furată, polițiștii nu au ce să continue!"
legitim,Sac trebuie să continue :)
legitim,"Cântă doar HU. Cred că este, de asemenea, important să găsești pe cineva de sex feminin care cunoaște bine locul, de preferință un cetățean care este și inteligent să te ajute să navighezi prin ele. Chiar și lucruri precum alegerea unui plan telefonic necesită îndrumare. Când aveți îndoieli, întrebați în special fetele."
legitim,Ce???? Salut Wats Talks adresa de e-mail?
legitim,Doar că există o tipă cu sâni uriași.
legitim,Mă întreb doar ce faci acum?
legitim,Vă doresc o zi frumoasă. Fiecare moment dezvăluie și mai multe lucruri care să te zâmbească. Bucurați-vă de el.
phishing,"\Pentru cele mai strălucitoare pauze de cumpărături de la 45 de persoană; sunați la 0121 2025050 sau vizitați www.shortbreaks.org.uk\"""""
legitim,Arun can u transfr me d amt
legitim,"Scuze, o să sun mai târziu"
legitim,"Dacă auziți un țipăt puternic în aproximativ &lt;#&gt; minute, pentru că ginecologul meu îmi va împinge lucruri care nu-i aparțin :/"
phishing,Doar decembrie! Aveai mobilul tău peste 11 luni? Aveți dreptul să vă actualizați gratuit la cea mai recentă cameră mobilă color! Sunați GRATUIT la The Mobile Update Co la 08002986906
legitim,"Ok, cred că am înțeles. Atunci vrei să vin acum sau ce?"
phishing,"Txt: Apelați la numărul: 86888 și revendicați-vă recompensa de 3 ore de convorbire pe care să o utilizați de pe telefon acum! Abonare6 GBP/lună, inclusiv 3 ore 16 oprire?txtStop www.gamb.tv"
legitim,IEȘI 2 NOPTE?
legitim,Voi prețui fiecare moment pe care îl petrecem împreună...
legitim,Să ne aduc o sticlă de vin să ne distrez? Doar glume! Oricum voi aduce unul
phishing,http://tms. widelive.com/index. wml?id=820554ad0a1705572711&first=trueåÁC C RingtoneåÁ
phishing,Pregătește-ți grădina pentru vară cu o selecție GRATUITĂ de bulbi și semințe de vară în valoare de å£33:50 numai cu The Scotsman sâmbăta aceasta. Pentru a opri go2 notxt.co.uk
phishing,"URGENT! Extragerea din weekendul trecut arată că ați câștigat 1000 GBP cash sau o vacanță în Spania! Sunați ACUM 09050000332 pentru revendicare. T&C: RSTM, SW7 3SS. 150 ppm"
legitim,Ok lor.
legitim,Am crezut că toboganul este suficient.
legitim,Da
legitim,"Ei bine, evident că nu pentru că toți oamenii din viața mea cool de facultate au plecat acasă ;_;"
legitim,Ok lor Ì_ ajungând apoi trimite-mi un mesaj.
legitim,Unde este băiatul mamei? Este el bun sau rău? Este el pozitiv sau negativ? De ce mami este pusă să aștepte? Hmmmm?
legitim,"Dhoni a avut noroc să câștige un titlu important, așa că vom câștiga:)"
legitim,Da printesa! Vreau să te mulțumesc în fiecare seară. Dorința ta este porunca mea...
legitim,Ce azi-duminică... duminica este sărbătoare... deci fără muncă...
legitim,"Nu, probabil &lt;#&gt; %."
legitim,Sper cu adevărat că munca nu va deveni stresantă. Sa ai o zi gr8.
legitim,Ai văzut cine s-a întors la Holby?!
legitim,O să sun acum dragă să ai mâncare
phishing,URGENT Încercăm să vă contactăm Tragerea la sfârșitul săptămânii trecute arată că ați câștigat un premiu de 1000 GBP GARANTAT Sunați la 09064017295 Cod de revendicare K52 Valabil 12 ore 150 p.m.
legitim,"Deci, li hai... M-am plictisit acum, un lector repetând chestii de săptămâna trecută pierd timpul..."
legitim,", , și ridicându-le din diferite puncte | mergând 2 yeovil | si vor face proiectul motor 4 3 ore | si apoi le duci acasa. || 12 2 5.30 max. || Foarte usor"
legitim,"De asemenea, ia naiba cu tine și familia ta pentru că mergi în Rhode Island sau oriunde naiba și m-ai lăsat singur în săptămâna în care am un bong nou &gt;:("
legitim,Bineînțeles că încărc și câteva melodii
phishing,2p pe minut pentru a suna Germania 08448350055 de pe linia dvs. BT. Doar 2p pe minut. Verificați PlanetTalkInstant.com pentru informații și T & C. Text stop pentru a renunța
legitim,K. Îl voi trimite din nou
legitim,"Oh, multumesc mult..am cumparat deja 2 oua.."
legitim,K. Îl voi trimite din nou
legitim,Înveți în școală sau mergi acasă? Oricum o sa merg 2 sedinte mai tarziu.
phishing,"Marvel Mobile Joacă chiar acum jocul oficial Ultimate Spider-man (4,50 £) pe mobil. Trimiteți mesajul SPIDER la 83338 pentru joc și vă vom trimite GRATUIT un tapet cu 8Ball"
legitim,Cred că dacă el conduce Tamilnadu... atunci e foarte greu pentru poporul nostru.
legitim,"Cool, mergem și vedem, oricum trebuie să dam bacșiș. Ești acasă, ai ceva de lăsat mai târziu? Deci să mergem în oraș în seara asta! Poate mama ne poate primi."
legitim,"Bună ziua, iubirea mea... Cum decurge ziua ta? Cum ai dormit? Sper că ești bine, băiețelul meu... mă gândesc la tine..."
legitim,"Da... Am încredere că vei cumpăra lucruri noi cât de curând, ca să le pot încerca"
phishing,"SERVICII SMS. pentru creditele dvs. text inclusive, vă rugăm să accesați www.comuk.net login= 3qxj9 dezabonați-vă cu STOP, fără costuri suplimentare. ajutor 08702840625.COMUK. 220-CM2 9AE"
legitim,De ce m-am trezit singur &gt;:(
legitim,Acum ia pasul 2 din drum. Felicitari din nou.
legitim,"Dragostea are o singură lege; Fă fericită persoana pe care o iubești. În același mod, prietenia are o singură lege; Niciodată să nu-l faci pe prietenul tău să se simtă singur până nu ești în viață"
phishing,PRIVAT! Extrasul dvs. de cont din 2003 pentru 07808247860 arată 800 de puncte S. I. M. nerăscumpărate. Sunați la 08719899229 Cod de identificare: 40411 Expiră 06/11/04
legitim,Apo toți ceilalți sunt doar jucători mokka
legitim,"Poate că * este mult mai ușor să-ți dai identificarea contului, așa că o voi face mâine la UNI"
legitim,Așteaptă. Voi trimite mesaje după &lt;#&gt;  min.
legitim,Ce am spus înainte să spun. Auzi prost după ce nu-ți spun nimic. Tata l-ai sunat pe fratele meu și ai vorbit. Nu cu mine.
legitim,Dragostea lui Dumnezeu nu are limite. Harul lui Dumnezeu nu are măsură. Puterea lui Dumnezeu nu are limite. Fie ca tu să ai binecuvântările nesfârșite ale lui Dumnezeu mereu în viața ta...!! Gud ni8
legitim,Vreau să fiu în tine în fiecare noapte...
legitim,"Machan, mergi la sală mâine, voi veni târziu noapte bună."
legitim,"Lol au fost supărați la început, dar apoi s-au trezit și au cedat."
legitim,Am fost la centrul de proiecte
legitim,"Este liniștitor, în această lume nebună."
legitim,"Doar pregătesc cina, tu?"
legitim,Da. Vă rugăm să plecați la &lt;#&gt; . Astfel că la &lt;#&gt;  putem pleca
legitim,Oh... Okie lor... Continuăm ședința...
legitim,"Ești un mare model. Dăruiești atât de mult și îmi doresc cu adevărat în fiecare zi un miracol, dar Dumnezeu este un motiv pentru toate și trebuie să spun că mi-aș dori să știu de ce, dar nu. Te-am admirat de când eram tânăr și încă o fac. O zi bună."
legitim,"Da, mă refer la fostul lui Mei... Nu, ah, așteaptă 4 să tratezi, cineva ar trebui să fie bogat Liao... Deci, gd, nu trebuie să lucrezi de la tmr înainte..."
legitim,"Miles și zâmbetele sunt făcute din aceleași litere, dar știi diferența...? zâmbetul de pe fața ta mă face fericit chiar dacă sunt la kilometri distanță de tine.. :-)continuă să zâmbești.. Bună noapte"
legitim,"Apropo, am pus un skip chiar în fața casei, astfel încât să puteți vedea ce casă este. Doar trage în sus înaintea ei."
legitim,Vă rugăm să-mi trimiteți numele companiei. În colana saibaba
legitim,Nu. Nu vreau să aud nimic
legitim,Ești un mare șic. Comun. Declara
legitim,Asta e tare. vreau sa iti fac pe plac...
legitim,Mă voi alătura mâine.
phishing,"Ai primit o cameră digitală SiPix! sunați la 09061221061 de la fix. Livrare in 28 de zile. T Cs Box177. M221BP. 2 ani garantie. 150 ppm. 16 . på 3,99 GBP"
legitim,"Vreau să vă spun cât de rău îmi pare că, practic, singurele momente în care îți trimit mesaje în ultima vreme sunt când am nevoie de droguri"
phishing,PRIVAT! Extrasul dvs. de cont din 2003 pentru afișează 800 de S.I.M. puncte. Sunați la 08718738001 Cod de identificare: 49557 Expiră 26/11/04
legitim,"Dezamăgire totală, când ți-am trimis un mesaj a fost cel mai nebunesc căcat primit :("
legitim,Este doar efectul iritației. Doar ignora-l
legitim,Ce zici de asta atunci.
legitim,"Cred că criza s-a terminat, așa că da, voi trece la un moment dat"
legitim,Complimente pentru tine. Era departe de sistem. Cum partea ta.
legitim,s-a întâmplat aici în timp ce te aventurezi
legitim,"Hei, șefule, poți să-mi dai un sonerie când primești asta. Trebuie să vă vorbesc despre această vizită regală pe 1 iunie."
legitim,"Ok, care este alt număr"
legitim,"Știu că te gândești la malarie. Dar relaxează-te, copiii nu se descurcă cu malarie. Ar fi fost mai rău și gastroenterita ei. Dacă ia suficient pentru a-și înlocui pierderea, temperatura ei se va reduce. Și dacă îi dai medicamente împotriva malariei acum, va vomita. Este o boală autolimitată pe care o are, ceea ce înseamnă că în câteva zile se va opri complet"
legitim,"Aiyah, ok, atâta timp cât te îmbunătățești, deja poate..."
phishing,Vrei SEX explicit în 30 de secunde? Sună acum la 02073162414! Costă 20p/min Gsex POBOX 2667 WC1N 3XX
legitim,"Nu-mi vine să cred cât de atașat sunt să te văd în fiecare zi. Știu că vei face tot ce poți să ajungi la mine, iubito. Voi merge să-mi predau cursul la miezul nopții tale"
legitim,Doar dormi..si surfing
phishing,A INTREBAT 3MOBILE DACA 0870 LINII DE CHAT INCLUDE IN MINUTE GRATUITE. INDIA CUST SERVs SED DA. L8ER GOT MEGA BILL. 3 NU-I FĂRĂ. EXECUTATORUL CU CURS DE ZILE. I O å250£ 3 VREAU å800£
legitim,"Da, este doar un rit..."
legitim,Armand spune să-ți treci fundul la epsilon
legitim,"Încă nu ți-ai luat o jachetă, ah?"
legitim,"iau derek &amp; Taylor la Walmart, dacă nu mă întorc până când ai terminat, lasă mouse-ul pe birou și îți voi trimite mesaj când Priscila e gata"
legitim,"Bună, este în Durban, mai ai acest număr"
legitim,IC. Atunci sunt o mulțime de mașini pornografice pentru copii.
phishing,"Contractul tău a avut mobil 11 luni? Cele mai recente Motorola, Nokia etc. toate GRATUITE! Double Mins & Text la tarifele Orange. TEXT YES pentru apel invers, nu pentru a elimina din înregistrări."
legitim,"Nu, am încercat tot weekendul ;V"
legitim,"Știi, ce poartă oamenii. Tricouri, pulovere, pălărie, centură, este tot ce știm. Suntem la Cribbs"
legitim,"Cool, la ce oră crezi că poți ajunge aici?"
legitim,Wen ai devenit atât de spiritual și profund. Grozav
legitim,O călătorie sigură în Nigeria. Vă doresc fericire și foarte curând companie cu care să împărtășiți momente
legitim,Hahaha..foloseste-ti creierul draga
legitim,"Ține minte că am suficient benzină pentru încă o călătorie dus-întors, cu excepția unui aflux brusc de numerar"
legitim,"Da. Indienii au fost drăguți. Deși m-a cam deranjat, el, el. Nu mai ieșim 4 un pahar în curând. Mite hav 2 du-te 2 da functioneaza 4 un ras in curand. Iubește Pete x x"
legitim,"Da am. Deci, de aceea ai trimis un mesaj. Pshew... mi-e atât de dor de tine"
legitim,Nu. Am vrut să spun că calculul este același. Că &lt;#&gt; unități la &lt;#&gt; . Această școală este foarte scumpă. Ai început să-ți exersezi accentul? Pentru că este important. Și te-ai hotărât dacă faci 4 ani de școală stomatologică sau dacă vei face doar examenul nmde.
legitim,"Scuze, o să sun mai târziu"
legitim,dacă nu sunteți aici în următorul &lt;#&gt;  ore îmi întorc rahatul
legitim,Orice lor. Juz amândoi lor.
legitim,Scoate-mă din grămada asta de gunoi. Mama mea a decis să vină în lowes. PLICTISITOR.
legitim,"Ok lor... Vanzatorul Sony Ericsson... O intreb pe Shuhui, apoi ea spune destul de mult Gd 2 Foloseste asa ca ma gandesc..."
legitim,Ard 6 like dat lor.
legitim,De ce nu aștepți până măcar miercuri ca să vezi dacă primești.
legitim,Huh y lei...
phishing,"METOARE DE LA O2: Pentru a obține un credit de apel gratuit de 2,50 lire și detalii despre oferte excelente, vă rugăm să răspundeți 2 la acest text cu numele dvs. valide, numărul casei și codul poștal"
phishing,"Este a doua oară când încercăm să vă contactăm. Ați câștigat premiul de 750 GBP. 2 revendicarea este ușoară, sunați la 087187272008 ACUM1! Doar 10p pe minut. BT-rată-națională."
legitim,Va merge Ì_ b la esplanada de acasă?
legitim,"Păcat, * avea chef de asta. Deci... alte sugestii?"
legitim,"Tipul s-a încurcat, dar m-am comportat ca și cum aș fi interesat să cumpăr altceva săptămâna viitoare și ni l-a oferit gratuit"
legitim,Rofl. Este adevărat pentru numele său
